ids,growth,status,essential_in_model,locus_tag_from_mut_lib
TK37_RS15545,1.010181036388809,optimal,False,MIT1002_00396
TK37_RS18435,-3.984913925658277e-14,optimal,True,MIT1002_02770
TK37_RS16305,6.392378462055679e-17,optimal,True,MIT1002_02193
TK37_RS00075,1.0101810363924475,optimal,False,MIT1002_03993
TK37_RS16670,-1.1998010061018126e-16,optimal,True,MIT1002_01855
TK37_RS20380,0.0,optimal,True,MIT1002_01402
TK37_RS02815,0.0,optimal,True,MIT1002_01016
TK37_RS07235,0.0,optimal,True,MIT1002_01427
TK37_RS04045,6.7646582778331585e-15,optimal,True,MIT1002_00861
TK37_RS00650,1.0101810363924493,optimal,False,MIT1002_03878
TK37_RS02020,1.0101810363924495,optimal,False,MIT1002_01348
TK37_RS17740,1.8700843622124707e-13,optimal,True,
TK37_RS05580,1.010181036392449,optimal,False,MIT1002_01668
TK37_RS05170,6.168249815202679e-16,optimal,True,MIT1002_04070
TK37_RS05985,1.010181036392444,optimal,False,MIT1002_02702
TK37_RS04680,1.0101810363924495,optimal,False,MIT1002_02065
TK37_RS03470,0.7934559347597091,optimal,False,MIT1002_03001
TK37_RS12785,1.0101810363924548,optimal,False,MIT1002_02794
TK37_RS18165,1.0101810363924466,optimal,False,MIT1002_02212
TK37_RS16635,1.0101810363924466,optimal,False,MIT1002_01848
TK37_RS09160,1.0101810363924466,optimal,False,MIT1002_02854
TK37_RS10600,1.0101810363924466,optimal,False,MIT1002_00250
TK37_RS15580,-8.917791542197316e-16,optimal,True,MIT1002_00389
TK37_RS19715,1.0101810363924353,optimal,False,MIT1002_00187
TK37_RS06000,-3.7240052456914966e-16,optimal,True,MIT1002_02699
TK37_RS16115,0.0,optimal,True,MIT1002_02639
TK37_RS05995,0.0,optimal,True,MIT1002_02700
TK37_RS13665,1.0101810363924455,optimal,False,MIT1002_02129
TK37_RS17425,1.0101810363924466,optimal,False,MIT1002_01553
TK37_RS08285,-4.039576234838782e-16,optimal,True,MIT1002_00733
TK37_RS03265,1.0101810363924446,optimal,False,
TK37_RS06295,1.0101810363924466,optimal,False,MIT1002_01784
TK37_RS14165,-2.2629654528068245e-15,optimal,True,MIT1002_00503
TK37_RS13215,-3.090826647039117e-15,optimal,True,MIT1002_03151
TK37_RS01640,1.0101810363924448,optimal,False,MIT1002_01272
TK37_RS11865,1.010181036392452,optimal,False,MIT1002_02547
TK37_RS13345,3.2329663628718644e-13,optimal,True,MIT1002_03274
TK37_RS17825,-2.0107057209558694e-28,optimal,True,MIT1002_01606
TK37_RS16290,0.0,optimal,True,MIT1002_02196
TK37_RS17600,1.0101810363924546,optimal,False,MIT1002_03321
TK37_RS05940,-2.688977792805759e-16,optimal,True,MIT1002_02711
TK37_RS13155,1.0026378707138932,optimal,False,MIT1002_03139
TK37_RS06805,-1.4120885916387026e-15,optimal,True,MIT1002_03631
TK37_RS06010,0.0,optimal,True,MIT1002_02697
TK37_RS17510,1.010181036392442,optimal,False,MIT1002_01570
TK37_RS03730,1.010181036392455,optimal,False,MIT1002_00796
TK37_RS20290,1.010181036392455,optimal,False,MIT1002_02440
TK37_RS13275,1.010181036392455,optimal,False,MIT1002_03163
TK37_RS14475,-1.2943660345546197e-13,optimal,True,MIT1002_00533
TK37_RS05910,1.89974681603408e-16,optimal,True,MIT1002_02717
TK37_RS18925,1.0101810363924526,optimal,False,MIT1002_03700
TK37_RS13225,1.010181036392464,optimal,False,MIT1002_03153
TK37_RS07955,1.010181036392464,optimal,False,MIT1002_03498
TK37_RS09780,1.0101810363924515,optimal,False,MIT1002_00636
TK37_RS13200,1.0101810363924515,optimal,False,MIT1002_03148
TK37_RS19275,1.0101810363924515,optimal,False,MIT1002_00904
TK37_RS03535,1.0088010084642804,optimal,False,MIT1002_02989
TK37_RS05800,8.909934834597302e-16,optimal,True,MIT1002_02739
TK37_RS08540,1.0101810363924455,optimal,False,MIT1002_00167
TK37_RS20110,1.010181036392464,optimal,False,MIT1002_02528
TK37_RS13235,1.010181036392464,optimal,False,MIT1002_03155
TK37_RS17935,1.010181036392464,optimal,False,MIT1002_01507
TK37_RS05250,1.0101810363924657,optimal,False,MIT1002_04054
TK37_RS14415,6.18779269568401e-14,optimal,True,MIT1002_00521
TK37_RS00345,1.0101810363924515,optimal,False,MIT1002_03939
TK37_RS13895,1.0101810363924435,optimal,False,MIT1002_03179
TK37_RS04250,1.0101810363924435,optimal,False,MIT1002_01978
TK37_RS15645,1.0101810363924435,optimal,False,MIT1002_00377
TK37_RS02510,1.0101606269715897,optimal,False,MIT1002_00954
TK37_RS14880,-2.5237471481032054e-15,optimal,True,MIT1002_04041
TK37_RS12125,1.0101810363924433,optimal,False,MIT1002_01921
TK37_RS00560,4.177072283444959e-16,optimal,True,MIT1002_03896
TK37_RS15285,0.0,optimal,True,MIT1002_00580
TK37_RS05980,0.0,optimal,True,MIT1002_02703
TK37_RS06390,1.0101810363924408,optimal,False,MIT1002_01803
TK37_RS11325,-3.374956451864468e-16,optimal,True,MIT1002_01128
TK37_RS10790,0.0,optimal,True,MIT1002_00069
TK37_RS07675,1.0101810363924475,optimal,False,MIT1002_02454
TK37_RS11030,0.8951993098422919,optimal,False,MIT1002_02401
TK37_RS02870,1.1002233089950621e-13,optimal,True,MIT1002_01027
TK37_RS11450,1.0101810363924462,optimal,False,MIT1002_01154
TK37_RS17240,1.0101810363924406,optimal,False,MIT1002_03754
TK37_RS07350,1.0101810363924406,optimal,False,MIT1002_02519
TK37_RS07240,-1.0725119412443397e-15,optimal,True,MIT1002_01426
TK37_RS02220,0.0,optimal,True,MIT1002_01387
TK37_RS08320,0.0,optimal,True,MIT1002_00741
TK37_RS17120,-1.1940363672424848e-28,optimal,True,MIT1002_03730
TK37_RS01810,1.0101810363924382,optimal,False,MIT1002_01306
TK37_RS03700,-3.153817707669692e-16,optimal,True,MIT1002_00791
TK37_RS13975,0.0,optimal,True,MIT1002_03196
TK37_RS15260,1.0101810363924442,optimal,False,MIT1002_00575
TK37_RS09770,1.0090474664427194,optimal,False,MIT1002_00637
TK37_RS08530,1.0101810363924462,optimal,False,MIT1002_00169
TK37_RS16725,-1.2385586823646889e-15,optimal,True,MIT1002_01866
TK37_RS02740,-8.884659665783216e-30,optimal,True,MIT1002_01000
TK37_RS08215,1.0101810363924526,optimal,False,MIT1002_00719
TK37_RS02630,1.0101810363924226,optimal,False,MIT1002_00978
TK37_RS08185,1.0101810363924226,optimal,False,MIT1002_00711
TK37_RS04830,-9.228820290565308e-16,optimal,True,MIT1002_00007
TK37_RS11890,1.0101810363924468,optimal,False,MIT1002_02541
TK37_RS18040,1.0101810363924226,optimal,False,MIT1002_02237
TK37_RS16705,1.0101810363924226,optimal,False,MIT1002_01862
TK37_RS02540,1.0101810363924226,optimal,False,MIT1002_00960
TK37_RS16235,1.490126365151164e-15,optimal,True,MIT1002_02207
TK37_RS02295,1.0101810363924524,optimal,False,MIT1002_00910
TK37_RS15170,1.0101810363924226,optimal,False,MIT1002_03299
TK37_RS17630,1.0101810363924226,optimal,False,
TK37_RS17810,-9.228820290565308e-16,optimal,True,MIT1002_01603
TK37_RS16245,-8.121007603429292e-16,optimal,True,MIT1002_02205
TK37_RS11010,1.0101810363924475,optimal,False,MIT1002_02405
TK37_RS10910,-2.2229180946108882e-15,optimal,True,MIT1002_00093
TK37_RS15450,0.8686599273260991,optimal,False,MIT1002_00417
TK37_RS01380,1.0101810363924657,optimal,False,MIT1002_01217
TK37_RS01635,-1.5650764980711356e-14,optimal,True,MIT1002_01271
TK37_RS04115,1.0101810363924415,optimal,False,MIT1002_00875
TK37_RS13525,1.0101810363924446,optimal,False,MIT1002_03242
TK37_RS06130,1.0101810363924446,optimal,False,MIT1002_02673
TK37_RS18670,1.0101810363924446,optimal,False,MIT1002_02263
TK37_RS17290,1.0101810363924446,optimal,False,MIT1002_00455
TK37_RS17000,7.304810421365533e-16,optimal,True,MIT1002_01734
TK37_RS06585,0.0,optimal,True,MIT1002_03584
TK37_RS00500,1.0101810363924375,optimal,False,MIT1002_03908
TK37_RS15795,1.0101810363924446,optimal,False,MIT1002_02088
TK37_RS16075,7.760408259585744e-15,optimal,True,MIT1002_02647
TK37_RS18655,1.5712647685080973e-15,optimal,True,MIT1002_02266
TK37_RS09805,0.0,optimal,True,MIT1002_00631
TK37_RS15985,0.955654053681084,optimal,False,MIT1002_01945
TK37_RS03275,1.010181036392452,optimal,False,MIT1002_03040
TK37_RS19920,1.0101810363924473,optimal,False,MIT1002_01702
TK37_RS01710,1.0101810363924408,optimal,False,MIT1002_01286
TK37_RS06515,0.9760635570995388,optimal,False,MIT1002_01830
TK37_RS14390,1.0101810363924433,optimal,False,MIT1002_00516
TK37_RS13340,-1.0254939293626157e-15,optimal,True,MIT1002_03176
TK37_RS02185,1.0101810363924464,optimal,False,MIT1002_01380
TK37_RS11755,1.0101810363924408,optimal,False,MIT1002_02569
TK37_RS19800,1.0100789975325066,optimal,False,MIT1002_01713
TK37_RS15605,4.6699367626047575e-17,optimal,True,MIT1002_00384
TK37_RS08230,1.0101810363924462,optimal,False,MIT1002_00722
TK37_RS07925,0.9511583442960008,optimal,False,MIT1002_03492
TK37_RS15980,0.9556540536810804,optimal,False,MIT1002_01946
TK37_RS01455,1.010181036392436,optimal,False,MIT1002_01234
TK37_RS01645,1.0101810363924426,optimal,False,MIT1002_01273
TK37_RS03540,1.008801008464272,optimal,False,MIT1002_02988
TK37_RS02810,-4.2507267710116005e-16,optimal,True,MIT1002_01015
TK37_RS04770,0.0,optimal,True,MIT1002_00019
TK37_RS07785,1.010181036392449,optimal,False,MIT1002_03464
TK37_RS06025,1.212381000897552e-15,optimal,True,MIT1002_02694
TK37_RS08625,0.0,optimal,True,MIT1002_00150
TK37_RS09180,1.010181036392451,optimal,False,MIT1002_02352
TK37_RS07185,1.0101810363924415,optimal,False,MIT1002_01437
TK37_RS02765,6.344944176817793e-17,optimal,True,MIT1002_01006
TK37_RS05565,1.010181036392449,optimal,False,MIT1002_01665
TK37_RS14925,1.0101810363924415,optimal,False,MIT1002_04032
TK37_RS11660,1.0101810363924415,optimal,False,MIT1002_02588
TK37_RS04720,9.64449020365667e-16,optimal,True,MIT1002_00029
TK37_RS03860,-9.92047129108615e-16,optimal,True,MIT1002_00822
TK37_RS03610,1.010181036392446,optimal,False,MIT1002_00773
TK37_RS18240,1.0101810363924466,optimal,False,MIT1002_03559
TK37_RS11290,1.4251663320493776e-14,optimal,True,MIT1002_01121
TK37_RS07145,2.1148808916728083e-16,optimal,True,MIT1002_01445
TK37_RS19740,1.0101810363924442,optimal,False,MIT1002_00421
TK37_RS03525,1.0101810363924415,optimal,False,
TK37_RS19985,1.0101810363924415,optimal,False,MIT1002_01052
TK37_RS15800,1.0101810363924415,optimal,False,MIT1002_02087
TK37_RS04960,0.4603218273606259,optimal,False,MIT1002_04113
TK37_RS08125,1.0092021263929716,optimal,False,MIT1002_00697
TK37_RS00585,1.0101810363924544,optimal,False,MIT1002_03891
TK37_RS04280,1.0101810363924568,optimal,False,MIT1002_01984
TK37_RS12765,1.0101810363924568,optimal,False,MIT1002_02798
TK37_RS14255,1.0101810363924568,optimal,False,MIT1002_00485
TK37_RS08055,1.0092122645765855,optimal,False,MIT1002_03518
TK37_RS19910,1.010181036392442,optimal,False,MIT1002_01704
TK37_RS04870,-5.520040490527757e-16,optimal,True,MIT1002_04132
TK37_RS10490,1.0101810363924428,optimal,False,MIT1002_00275
TK37_RS10785,-5.575738099475346e-16,optimal,True,MIT1002_00068
TK37_RS04255,1.0101810363924428,optimal,False,MIT1002_01979
TK37_RS17765,1.0101606269716172,optimal,False,MIT1002_01594
TK37_RS07200,-1.9136831373159462e-16,optimal,True,MIT1002_01434
TK37_RS07130,1.010181036392447,optimal,False,MIT1002_01448
TK37_RS15010,1.0101810363924713,optimal,False,MIT1002_04016
TK37_RS03285,1.0101810363924713,optimal,False,MIT1002_03038
TK37_RS06840,1.0101810363924713,optimal,False,MIT1002_03638
TK37_RS01855,1.0101810363924713,optimal,False,MIT1002_01315
TK37_RS10945,-5.575738099475346e-16,optimal,True,MIT1002_00101
TK37_RS09455,1.010181036392446,optimal,False,MIT1002_02297
TK37_RS04835,0.0,optimal,True,MIT1002_00006
TK37_RS05570,1.0101810363924442,optimal,False,MIT1002_01666
TK37_RS03435,1.5614623969707609e-12,optimal,True,MIT1002_03008
TK37_RS18615,1.0101810363924475,optimal,False,MIT1002_03345
TK37_RS16665,8.249593200659749e-13,optimal,True,
TK37_RS04390,1.0101810363924422,optimal,False,MIT1002_02006
TK37_RS17385,1.0101810363924713,optimal,False,MIT1002_00436
TK37_RS10415,1.0101810363924713,optimal,False,MIT1002_00290
TK37_RS06135,1.0101810363924713,optimal,False,MIT1002_02672
TK37_RS01055,-9.000852499652352e-16,optimal,True,MIT1002_03796
TK37_RS17265,1.0101810363924513,optimal,False,MIT1002_03759
TK37_RS01925,0.0,optimal,True,MIT1002_01329
TK37_RS06155,0.0,optimal,True,MIT1002_02668
TK37_RS04220,1.010181036392446,optimal,False,MIT1002_01972
TK37_RS05575,1.0101810363924713,optimal,False,MIT1002_01667
TK37_RS18070,1.0101810363924713,optimal,False,MIT1002_02231
TK37_RS16420,1.0101810363924713,optimal,False,MIT1002_03373
TK37_RS14410,1.0101810363924713,optimal,False,MIT1002_00520
TK37_RS18985,1.0101810363924713,optimal,False,MIT1002_03688
TK37_RS08970,1.0101810363924713,optimal,False,MIT1002_02893
TK37_RS09025,7.590480760824791e-17,optimal,True,MIT1002_02881
TK37_RS14845,1.0101810363924502,optimal,False,MIT1002_00198
TK37_RS17650,1.0101810363924713,optimal,False,MIT1002_03331
TK37_RS17295,1.0101810363924713,optimal,False,MIT1002_00454
TK37_RS03050,-2.314201538615412e-15,optimal,True,MIT1002_03086
TK37_RS04055,0.8951993098423183,optimal,False,MIT1002_00863
TK37_RS13265,1.010181036392408,optimal,False,MIT1002_03161
TK37_RS10760,1.0046361057538271,optimal,False,MIT1002_00063
TK37_RS01600,1.0101810363924475,optimal,False,MIT1002_01264
TK37_RS13160,1.0026378707139922,optimal,False,MIT1002_03140
TK37_RS17125,-8.493296289439673e-16,optimal,True,MIT1002_03731
TK37_RS12485,1.0101810363924433,optimal,False,MIT1002_02971
TK37_RS09605,1.010181036392445,optimal,False,MIT1002_00671
TK37_RS14500,1.0101606269715917,optimal,False,MIT1002_00538
TK37_RS07990,-5.1137453117702926e-17,optimal,True,MIT1002_03505
TK37_RS02500,0.0,optimal,True,MIT1002_00952
TK37_RS15600,0.0,optimal,True,MIT1002_00385
TK37_RS05520,1.0026378707138988,optimal,False,MIT1002_01656
TK37_RS10075,1.0101810363924466,optimal,False,MIT1002_04152
TK37_RS03035,1.010181036392445,optimal,False,MIT1002_03089
TK37_RS05235,1.010181036392445,optimal,False,MIT1002_04057
TK37_RS16350,-9.024121439427854e-16,optimal,True,MIT1002_02184
TK37_RS15965,1.0101810363924562,optimal,False,MIT1002_01949
TK37_RS00955,0.0,optimal,True,MIT1002_03816
TK37_RS17260,1.0101810363924455,optimal,False,MIT1002_03758
TK37_RS10080,1.010181036392445,optimal,False,
TK37_RS15160,1.0101810363924488,optimal,False,MIT1002_03297
TK37_RS01135,2.96985089161417e-15,optimal,True,MIT1002_03780
TK37_RS12815,1.0101810363924524,optimal,False,MIT1002_01112
TK37_RS00095,1.0101810363924375,optimal,False,MIT1002_03989
TK37_RS01355,-1.1404108222956495e-16,optimal,True,
TK37_RS04040,1.1142695059841822e-13,optimal,True,MIT1002_00860
TK37_RS11370,1.010181036392447,optimal,False,MIT1002_01137
TK37_RS12495,1.0101810363924375,optimal,False,MIT1002_02973
TK37_RS16040,-7.827176952211253e-18,optimal,True,MIT1002_02654
TK37_RS03130,1.010181036392452,optimal,False,MIT1002_03069
TK37_RS18475,-7.117385757761316e-16,optimal,True,MIT1002_02778
TK37_RS15610,0.0,optimal,True,MIT1002_00383
TK37_RS10715,0.0,optimal,True,MIT1002_00054
TK37_RS14950,1.0101810363924426,optimal,False,MIT1002_04027
TK37_RS08580,2.5405192808638043e-16,optimal,True,MIT1002_00159
TK37_RS08785,1.0101810363924473,optimal,False,MIT1002_00117
TK37_RS01715,1.0101810363924433,optimal,False,MIT1002_01287
TK37_RS17010,-4.692712430753014e-16,optimal,True,MIT1002_01736
TK37_RS19130,1.0101810363924446,optimal,False,MIT1002_02433
TK37_RS19575,2.5405192808638043e-16,optimal,True,MIT1002_03109
TK37_RS15970,1.0101810363924513,optimal,False,MIT1002_01948
TK37_RS19790,1.0101810363924433,optimal,False,MIT1002_01711
TK37_RS10525,3.4106083095922357e-16,optimal,True,MIT1002_00268
TK37_RS04060,0.9505699520594468,optimal,False,MIT1002_00864
TK37_RS12985,1.010181036392449,optimal,False,MIT1002_01077
TK37_RS15835,1.0101810363924384,optimal,False,MIT1002_02080
TK37_RS18850,1.0101810363924384,optimal,False,MIT1002_01534
TK37_RS04945,0.4603218273606099,optimal,False,MIT1002_04116
TK37_RS04425,1.010181036392445,optimal,False,MIT1002_02013
TK37_RS10495,1.0101810363924544,optimal,False,MIT1002_00274
TK37_RS12600,1.0072975264885586,optimal,False,MIT1002_02831
TK37_RS16150,-5.387317601086307e-16,optimal,True,MIT1002_02632
TK37_RS08145,1.0101810363924448,optimal,False,MIT1002_00700
TK37_RS17390,1.0101810363924413,optimal,False,MIT1002_00435
TK37_RS19750,1.2544902044208873e-15,optimal,True,MIT1002_00423
TK37_RS05685,1.0101810363924293,optimal,False,MIT1002_01689
TK37_RS06765,1.0101810363927737,optimal,False,MIT1002_03621
TK37_RS12310,1.0101810363924386,optimal,False,MIT1002_02937
TK37_RS17360,1.0068549210887126,optimal,False,MIT1002_00441
TK37_RS00735,1.010181036388809,optimal,False,MIT1002_03861
TK37_RS16730,-1.0237416975576996e-17,optimal,True,MIT1002_01867
TK37_RS04735,1.009847785756368,optimal,False,MIT1002_00026
TK37_RS11955,1.0101810363924455,optimal,False,MIT1002_01884
TK37_RS00325,1.0101810363924486,optimal,False,MIT1002_03943
TK37_RS17025,5.1620851804233145e-17,optimal,True,MIT1002_01739
TK37_RS12045,1.01018103639245,optimal,False,MIT1002_01904
TK37_RS03715,1.0101810363924415,optimal,False,MIT1002_00794
TK37_RS05460,1.0101810363924415,optimal,False,MIT1002_01644
TK37_RS15990,0.955654053680121,optimal,False,MIT1002_01944
TK37_RS11915,1.01018103639243,optimal,False,MIT1002_01876
TK37_RS16680,-2.865229255322182e-16,optimal,True,MIT1002_01857
TK37_RS20130,-3.2898435101022707e-15,optimal,True,MIT1002_02524
TK37_RS01435,1.0101810363924386,optimal,False,MIT1002_01230
TK37_RS12160,-4.169413919797781e-16,optimal,True,MIT1002_01928
TK37_RS05595,1.0101810363924573,optimal,False,MIT1002_01671
TK37_RS11825,1.0101810363924408,optimal,False,
TK37_RS15975,0.9556540536810748,optimal,False,MIT1002_01947
TK37_RS04935,0.4603218273606383,optimal,False,MIT1002_04118
TK37_RS07245,-1.4991856889553583e-16,optimal,True,MIT1002_01425
TK37_RS10920,0.0,optimal,True,MIT1002_00095
TK37_RS09130,1.010181036392443,optimal,False,MIT1002_02860
TK37_RS12810,2.2194740758273505e-14,optimal,True,MIT1002_01113
TK37_RS04130,1.0101810363924604,optimal,False,MIT1002_00878
TK37_RS07005,1.0101810363924328,optimal,False,MIT1002_01474
TK37_RS06610,0.0,optimal,True,MIT1002_03590
TK37_RS10590,1.010181036392442,optimal,False,MIT1002_00252
TK37_RS02670,1.0101810363924328,optimal,False,MIT1002_00986
TK37_RS14860,-5.382391670648213e-15,optimal,True,MIT1002_04045
TK37_RS12090,1.0101810363924224,optimal,False,
TK37_RS13690,4.122361005877932e-17,optimal,True,MIT1002_02134
TK37_RS11015,1.0101810363924515,optimal,False,MIT1002_02404
TK37_RS13185,1.0101810363924328,optimal,False,
TK37_RS17790,1.0101810363924328,optimal,False,MIT1002_01599
TK37_RS18295,1.0101810363924328,optimal,False,MIT1002_00371
TK37_RS19905,-6.900792623434062e-17,optimal,True,MIT1002_01705
TK37_RS03165,1.0101810363924448,optimal,False,MIT1002_03062
TK37_RS01650,-1.4081998731952532e-14,optimal,True,MIT1002_01274
TK37_RS18130,7.951399508462207e-14,optimal,True,MIT1002_02219
TK37_RS16225,1.010181036392328,optimal,False,MIT1002_02209
TK37_RS16385,0.0,optimal,True,MIT1002_02176
TK37_RS17945,2.9654862874850935e-14,optimal,True,MIT1002_01509
TK37_RS13110,1.010181036392442,optimal,False,MIT1002_03130
TK37_RS04420,1.0101810363924344,optimal,False,MIT1002_02012
TK37_RS19260,1.0101810363924344,optimal,False,MIT1002_00901
TK37_RS08290,-9.591638881764698e-16,optimal,True,MIT1002_00734
TK37_RS01510,1.0101810363924442,optimal,False,
TK37_RS13750,1.009183313946694,optimal,False,MIT1002_02146
TK37_RS20115,-3.2037761939879557e-16,optimal,True,MIT1002_02527
TK37_RS00400,1.0101810363923989,optimal,False,MIT1002_03928
TK37_RS17080,1.0101810363924328,optimal,False,MIT1002_01750
TK37_RS14325,-4.842617881053404e-16,optimal,True,MIT1002_00471
TK37_RS00305,1.0918825941680889e-29,optimal,True,MIT1002_03947
TK37_RS16050,0.0,optimal,True,MIT1002_02652
TK37_RS17155,0.0,optimal,True,MIT1002_03737
TK37_RS11885,0.0,optimal,True,MIT1002_02542
TK37_RS00210,1.0101810363924455,optimal,False,MIT1002_03965
TK37_RS14835,1.0101810363924282,optimal,False,MIT1002_00200
TK37_RS00330,1.010181036392447,optimal,False,MIT1002_03942
TK37_RS08830,1.010181036392447,optimal,False,MIT1002_00108
TK37_RS14230,1.010181036392447,optimal,False,MIT1002_00490
TK37_RS12615,1.010181036392447,optimal,False,MIT1002_02828
TK37_RS12110,1.0101810363924375,optimal,False,
TK37_RS17085,1.0101810363924375,optimal,False,MIT1002_01751
TK37_RS13970,1.6003647754575475e-16,optimal,True,MIT1002_03195
TK37_RS04710,1.0101810363924426,optimal,False,MIT1002_00031
TK37_RS00935,1.0101810363924375,optimal,False,MIT1002_03820
TK37_RS00615,1.0101810363922905,optimal,False,MIT1002_03885
TK37_RS19165,1.0101810363924268,optimal,False,MIT1002_02426
TK37_RS17530,1.0101810363924268,optimal,False,MIT1002_01574
TK37_RS03325,1.0101810363924268,optimal,False,MIT1002_03030
TK37_RS12270,1.0101810363924268,optimal,False,MIT1002_02929
TK37_RS01930,1.0101810363924268,optimal,False,MIT1002_01330
TK37_RS07400,1.0101810363924268,optimal,False,MIT1002_02509
TK37_RS20175,1.0101810363924268,optimal,False,MIT1002_03540
TK37_RS16735,0.9510376987373992,optimal,False,MIT1002_01868
TK37_RS14120,1.7245431567109387e-16,optimal,True,MIT1002_00512
TK37_RS17035,0.0,optimal,True,MIT1002_01741
TK37_RS12760,1.0101810363924504,optimal,False,MIT1002_02799
TK37_RS20050,-2.397979765343874e-16,optimal,True,MIT1002_02531
TK37_RS12610,1.0101810363924475,optimal,False,MIT1002_02829
TK37_RS03910,-3.97146926515813e-16,optimal,True,MIT1002_00832
TK37_RS08655,0.0,optimal,True,MIT1002_00144
TK37_RS03060,1.0101810363924424,optimal,False,MIT1002_03084
TK37_RS06030,-9.935373905837361e-17,optimal,True,MIT1002_02693
TK37_RS15995,0.924397132993812,optimal,False,MIT1002_01943
TK37_RS15625,1.0101810363924182,optimal,False,MIT1002_00380
TK37_RS04950,0.4603218273606217,optimal,False,MIT1002_04115
TK37_RS07135,1.0101810363924393,optimal,False,MIT1002_01447
TK37_RS00395,1.0101810363924684,optimal,False,MIT1002_03929
TK37_RS06600,2.544660254569904e-16,optimal,True,MIT1002_03587
TK37_RS13060,0.0,optimal,True,MIT1002_01061
TK37_RS05730,0.0,optimal,True,MIT1002_02753
TK37_RS18875,1.0101810363924495,optimal,False,MIT1002_01529
TK37_RS15780,1.0101810363924684,optimal,False,MIT1002_02091
TK37_RS02750,1.0101810363924684,optimal,False,MIT1002_01002
TK37_RS11050,1.0101810363924684,optimal,False,MIT1002_02397
TK37_RS14220,1.0101810363924684,optimal,False,MIT1002_00492
TK37_RS03640,1.0101810363924684,optimal,False,MIT1002_00779
TK37_RS17005,1.0101810363924684,optimal,False,MIT1002_01735
TK37_RS06635,2.544660254569904e-16,optimal,True,MIT1002_03595
TK37_RS14575,1.0101810363924435,optimal,False,MIT1002_00553
TK37_RS07380,1.010181036392449,optimal,False,MIT1002_02513
TK37_RS15570,0.0,optimal,True,MIT1002_00391
TK37_RS03560,0.0,optimal,True,MIT1002_02983
TK37_RS02180,1.0101810363924506,optimal,False,MIT1002_01379
TK37_RS11830,1.010181036392449,optimal,False,
TK37_RS04405,1.010181036392449,optimal,False,MIT1002_02009
TK37_RS15275,1.010181036392449,optimal,False,MIT1002_00578
TK37_RS17520,1.010181036392449,optimal,False,MIT1002_01572
TK37_RS19095,3.771340476309004e-16,optimal,True,MIT1002_03723
TK37_RS18525,-6.05261703241631e-29,optimal,True,MIT1002_02788
TK37_RS11020,1.0101810363924393,optimal,False,MIT1002_02403
TK37_RS00085,1.010181036392449,optimal,False,MIT1002_03991
TK37_RS04845,3.771340476309004e-16,optimal,True,MIT1002_00004
TK37_RS18625,1.0101810363924453,optimal,False,MIT1002_03343
TK37_RS10915,-2.7920144658320007e-16,optimal,True,MIT1002_00094
TK37_RS02480,0.0,optimal,True,MIT1002_00948
TK37_RS14335,0.0,optimal,True,MIT1002_00469
TK37_RS18815,1.0101810363924422,optimal,False,MIT1002_01542
TK37_RS03465,0.9323778883381244,optimal,False,MIT1002_03002
TK37_RS08380,1.0101810363924777,optimal,False,MIT1002_00753
TK37_RS01080,1.0101810363924404,optimal,False,MIT1002_03791
TK37_RS16140,2.205018251458165e-16,optimal,True,MIT1002_02634
TK37_RS06490,0.8686599273260858,optimal,False,MIT1002_01825
TK37_RS01765,1.0101810363924617,optimal,False,MIT1002_01297
TK37_RS11005,1.0101810363924473,optimal,False,MIT1002_02406
TK37_RS02175,1.0101810363924473,optimal,False,MIT1002_01378
TK37_RS12630,1.0101810363924473,optimal,False,MIT1002_02825
TK37_RS01375,0.0,optimal,True,MIT1002_01216
TK37_RS14350,1.0101810363926271,optimal,False,MIT1002_00466
TK37_RS15735,1.0101810363924448,optimal,False,MIT1002_02100
TK37_RS16295,-2.9782433364546053e-16,optimal,True,MIT1002_02195
TK37_RS15550,0.0,optimal,True,MIT1002_00395
TK37_RS06630,0.0,optimal,True,MIT1002_03594
TK37_RS03720,1.0101810363924408,optimal,False,MIT1002_00795
TK37_RS02210,1.0101810363924408,optimal,False,MIT1002_01385
TK37_RS02830,1.0101810363924408,optimal,False,MIT1002_01019
TK37_RS04545,1.0101810363924408,optimal,False,MIT1002_02038
TK37_RS12170,-5.175157255922345e-16,optimal,True,MIT1002_01930
TK37_RS14285,1.0101810363924428,optimal,False,MIT1002_00479
TK37_RS07120,1.010181036388809,optimal,False,MIT1002_01450
TK37_RS02545,1.0101810363924415,optimal,False,MIT1002_00961
TK37_RS01430,-7.282706334795994e-16,optimal,True,MIT1002_01229
TK37_RS06620,0.0,optimal,True,MIT1002_03592
TK37_RS18065,1.0101810363924475,optimal,False,MIT1002_02232
TK37_RS07410,1.0101810363924486,optimal,False,MIT1002_02507
TK37_RS12770,3.8576297934187123e-16,optimal,True,MIT1002_02797
TK37_RS08605,1.010181036392447,optimal,False,MIT1002_00154
TK37_RS17990,-6.018025668285419e-17,optimal,True,MIT1002_01518
TK37_RS03415,-2.559007736475566e-12,optimal,True,MIT1002_03012
TK37_RS12805,2.7771426012907693e-13,optimal,True,MIT1002_01114
TK37_RS02040,0.0,optimal,True,MIT1002_01352
TK37_RS19375,0.0,optimal,True,MIT1002_03665
TK37_RS03330,1.0101810363924455,optimal,False,MIT1002_03029
TK37_RS13230,1.0101810363924395,optimal,False,MIT1002_03154
TK37_RS05630,1.0101810363924395,optimal,False,MIT1002_01678
TK37_RS04095,1.0101810363924395,optimal,False,MIT1002_00871
TK37_RS06900,1.0101810363924395,optimal,False,
TK37_RS14525,1.0101810363924395,optimal,False,MIT1002_00543
TK37_RS16875,-3.3132047332084026e-17,optimal,True,MIT1002_03431
TK37_RS06640,0.0,optimal,True,MIT1002_03596
TK37_RS06735,1.9270683550796338e-29,optimal,True,MIT1002_03615
TK37_RS17695,1.0101810363924502,optimal,False,MIT1002_03340
TK37_RS12505,1.0101810363924455,optimal,False,
TK37_RS16985,1.0101810363924455,optimal,False,MIT1002_01731
TK37_RS09195,1.0101810363924455,optimal,False,MIT1002_02349
TK37_RS06495,2.65054093009308e-14,optimal,True,MIT1002_01826
TK37_RS05020,1.010181036392435,optimal,False,MIT1002_04101
TK37_RS04315,0.950569952059422,optimal,False,MIT1002_01991
TK37_RS00755,1.010181036392439,optimal,False,MIT1002_03857
TK37_RS04630,1.0101784851697455,optimal,False,MIT1002_02055
TK37_RS12790,6.453798395097368e-16,optimal,True,MIT1002_02793
TK37_RS10875,1.0101810363924475,optimal,False,MIT1002_00086
TK37_RS17750,1.0101810363924488,optimal,False,MIT1002_01591
TK37_RS15775,1.0101810363924475,optimal,False,MIT1002_02092
TK37_RS02835,5.886553934013238e-17,optimal,True,MIT1002_01020
TK37_RS14240,1.009183313946733,optimal,False,MIT1002_00488
TK37_RS08990,1.0101810363924328,optimal,False,MIT1002_02889
TK37_RS10770,1.0101810363924442,optimal,False,MIT1002_00065
TK37_RS02190,1.0101810363924442,optimal,False,MIT1002_01381
TK37_RS10830,1.0101810363924442,optimal,False,MIT1002_00077
TK37_RS11430,1.0101810363924442,optimal,False,MIT1002_01149
TK37_RS15730,1.0101810363924442,optimal,False,MIT1002_02101
TK37_RS04635,1.0101784851697362,optimal,False,MIT1002_02056
TK37_RS13650,1.010181036392449,optimal,False,MIT1002_02126
TK37_RS01120,-4.2400579191936414e-16,optimal,True,MIT1002_03783
TK37_RS17430,1.0101810363924468,optimal,False,MIT1002_01554
TK37_RS14480,1.0101810363924362,optimal,False,MIT1002_00534
TK37_RS03810,-3.5249473564837604e-16,optimal,True,MIT1002_00812
TK37_RS13295,1.0101810363924428,optimal,False,MIT1002_03167
TK37_RS12305,1.0101810363924453,optimal,False,MIT1002_02936
TK37_RS19730,1.010160626971592,optimal,False,MIT1002_00419
TK37_RS04365,1.010181036392451,optimal,False,MIT1002_02001
TK37_RS13260,1.0101810363924462,optimal,False,MIT1002_03160
TK37_RS19170,1.0101810363924433,optimal,False,MIT1002_02425
TK37_RS07500,1.0101810363924433,optimal,False,MIT1002_02489
TK37_RS15765,1.0101810363924433,optimal,False,MIT1002_02094
TK37_RS17755,1.0072670871856215,optimal,False,MIT1002_01592
TK37_RS12220,1.0101810363924466,optimal,False,MIT1002_01940
TK37_RS06150,1.010181036392452,optimal,False,MIT1002_02669
TK37_RS17325,-4.661327536141786e-16,optimal,True,MIT1002_00448
TK37_RS01260,0.0,optimal,True,MIT1002_01193
TK37_RS03075,1.0088914167089404,optimal,False,MIT1002_03080
TK37_RS16450,-1.1609831456790266e-14,optimal,True,MIT1002_03379
TK37_RS15280,1.2983355345897124e-15,optimal,True,MIT1002_00579
TK37_RS18255,1.0101810363924482,optimal,False,MIT1002_03556
TK37_RS04530,2.3694685834254073e-16,optimal,True,MIT1002_02035
TK37_RS05545,1.0101810363924524,optimal,False,MIT1002_01661
TK37_RS03615,1.0101810363924486,optimal,False,MIT1002_00774
TK37_RS17870,1.0101810363924486,optimal,False,MIT1002_01494
TK37_RS16620,1.0101810363924486,optimal,False,MIT1002_01845
TK37_RS00545,-4.9391363802124705e-16,optimal,True,MIT1002_03899
TK37_RS06190,1.0101810363924448,optimal,False,MIT1002_01761
TK37_RS07225,-3.4820190617380163e-16,optimal,True,MIT1002_01429
TK37_RS09305,1.0101810363924475,optimal,False,MIT1002_02327
TK37_RS18690,1.0101606269715893,optimal,False,MIT1002_02259
TK37_RS16355,1.0101810363924395,optimal,False,MIT1002_02183
TK37_RS00795,1.010181036392182,optimal,False,MIT1002_03848
TK37_RS18235,1.0101810363924442,optimal,False,MIT1002_03560
TK37_RS16995,1.0556314182912593e-15,optimal,True,MIT1002_01733
TK37_RS02700,1.0101810363924475,optimal,False,MIT1002_00992
TK37_RS06770,1.010181036392449,optimal,False,MIT1002_03622
TK37_RS17820,-4.732432549414437e-17,optimal,True,MIT1002_01605
TK37_RS20075,1.0101810363924395,optimal,False,MIT1002_02276
TK37_RS16975,-4.186268163834679e-15,optimal,True,MIT1002_01729
TK37_RS13320,0.0,optimal,True,MIT1002_03172
TK37_RS05420,0.0,optimal,True,MIT1002_01636
TK37_RS18955,-9.372737574631697e-13,optimal,True,MIT1002_03694
TK37_RS13120,1.010181036392449,optimal,False,MIT1002_03132
TK37_RS02805,-6.779145744253708e-16,optimal,True,MIT1002_01014
TK37_RS08525,1.0101810363924395,optimal,False,MIT1002_00170
TK37_RS02785,-1.1562041356457945e-15,optimal,True,MIT1002_01010
TK37_RS09630,0.0,optimal,True,MIT1002_00665
TK37_RS03220,1.0101810363924433,optimal,False,MIT1002_03051
TK37_RS08325,8.920480972530957e-16,optimal,True,MIT1002_00742
TK37_RS00600,1.0101810363924513,optimal,False,MIT1002_03888
TK37_RS08115,1.0101810363924462,optimal,False,
TK37_RS07800,1.0101810363924462,optimal,False,MIT1002_03467
TK37_RS18245,1.0101810363924462,optimal,False,MIT1002_03558
TK37_RS08665,1.0101810363924462,optimal,False,MIT1002_00142
TK37_RS01185,1.0101810363924462,optimal,False,MIT1002_03770
TK37_RS19265,1.0101810363924462,optimal,False,
TK37_RS12490,1.0101810363924462,optimal,False,MIT1002_02972
TK37_RS15290,2.6856190701173875e-16,optimal,True,MIT1002_00581
TK37_RS14210,0.0,optimal,True,MIT1002_00494
TK37_RS04400,-6.325490013560835e-13,optimal,True,MIT1002_02008
TK37_RS03915,-4.643196381288436e-16,optimal,True,MIT1002_00833
TK37_RS08330,1.0101810363924544,optimal,False,MIT1002_00743
TK37_RS06005,-1.3689970007711884e-16,optimal,True,MIT1002_02698
TK37_RS17145,0.0,optimal,True,MIT1002_03735
TK37_RS06450,1.0101810363924455,optimal,False,MIT1002_01816
TK37_RS09295,1.0101810363924442,optimal,False,MIT1002_02329
TK37_RS16105,1.0101810363924442,optimal,False,MIT1002_02641
TK37_RS06970,2.6856190701173875e-16,optimal,True,MIT1002_01481
TK37_RS17930,0.0,optimal,True,MIT1002_01506
TK37_RS18520,0.0,optimal,True,MIT1002_02787
TK37_RS17515,1.0101810363924455,optimal,False,MIT1002_01571
TK37_RS01050,1.0101810363924442,optimal,False,MIT1002_03797
TK37_RS04445,1.0101810363924442,optimal,False,MIT1002_02017
TK37_RS05695,6.815421569921459e-16,optimal,True,MIT1002_01691
TK37_RS10930,0.0,optimal,True,MIT1002_00097
TK37_RS10765,1.004636105753834,optimal,False,MIT1002_00064
TK37_RS03815,-2.663285615546631e-16,optimal,True,MIT1002_00813
TK37_RS11035,1.0101810363924388,optimal,False,MIT1002_02400
TK37_RS00335,4.601160166067774e-16,optimal,True,MIT1002_03941
TK37_RS18950,1.9048311825865447e-12,optimal,True,MIT1002_03695
TK37_RS06655,2.770403545259778e-28,optimal,True,MIT1002_03599
TK37_RS13255,0.0,optimal,True,MIT1002_03159
TK37_RS02140,0.0,optimal,True,MIT1002_01371
TK37_RS03950,1.010181036392442,optimal,False,MIT1002_00840
TK37_RS09840,1.0101810363924413,optimal,False,MIT1002_00624
TK37_RS03340,1.0101810363924413,optimal,False,MIT1002_03027
TK37_RS12590,1.0101810363924404,optimal,False,MIT1002_02833
TK37_RS15785,1.01018103639245,optimal,False,MIT1002_02090
TK37_RS13695,1.01018103639245,optimal,False,MIT1002_02135
TK37_RS10595,1.010181036388809,optimal,False,MIT1002_00251
TK37_RS13105,1.0101810363924415,optimal,False,MIT1002_03129
TK37_RS07060,1.0101810363924415,optimal,False,MIT1002_01463
TK37_RS03585,1.0101810363924415,optimal,False,
TK37_RS11000,1.0101810363924415,optimal,False,MIT1002_02407
TK37_RS15595,-1.4394087689043556e-16,optimal,True,MIT1002_00386
TK37_RS02755,0.0,optimal,True,MIT1002_01004
TK37_RS09410,1.0101810363924326,optimal,False,MIT1002_02306
TK37_RS13640,1.0101810363924482,optimal,False,MIT1002_02124
TK37_RS17635,1.0101810363924482,optimal,False,MIT1002_03328
TK37_RS17370,-9.75088565711247e-16,optimal,True,MIT1002_00439
TK37_RS06605,-8.611135655841604e-16,optimal,True,MIT1002_03588
TK37_RS10055,1.0101810363924466,optimal,False,MIT1002_04156
TK37_RS13150,1.0101810363924495,optimal,False,MIT1002_03138
TK37_RS11425,1.0101810363924495,optimal,False,MIT1002_01148
TK37_RS19485,-3.9667229457913576e-17,optimal,True,MIT1002_00330
TK37_RS13005,1.0101810363924442,optimal,False,MIT1002_01073
TK37_RS11900,1.0101810363924502,optimal,False,MIT1002_02538
TK37_RS05300,9.499128868959108e-16,optimal,True,MIT1002_01613
TK37_RS04860,0.0,optimal,True,MIT1002_00001
TK37_RS07010,1.0101810363924455,optimal,False,MIT1002_01473
TK37_RS11920,1.0101810363924495,optimal,False,MIT1002_01877
TK37_RS10720,-1.2784868446748444e-16,optimal,True,MIT1002_00055
TK37_RS12285,1.0101810363924573,optimal,False,MIT1002_02932
TK37_RS15485,1.0101810363924495,optimal,False,MIT1002_00409
TK37_RS07765,1.0101810363924495,optimal,False,MIT1002_03460
TK37_RS15565,-6.836481577658589e-16,optimal,True,MIT1002_00392
TK37_RS16145,-5.4849449344744654e-30,optimal,True,MIT1002_02633
TK37_RS17150,0.0,optimal,True,MIT1002_03736
TK37_RS03980,1.0101810363924564,optimal,False,MIT1002_00846
TK37_RS15960,1.010181036392446,optimal,False,MIT1002_01950
TK37_RS13655,1.0101810363924346,optimal,False,MIT1002_02127
TK37_RS05930,-6.244794617895876e-18,optimal,True,MIT1002_02713
TK37_RS13670,1.0101810363924475,optimal,False,MIT1002_02130
TK37_RS08515,3.1267826893767864e-16,optimal,True,MIT1002_00172
TK37_RS03905,0.0,optimal,True,MIT1002_00831
TK37_RS03515,1.0101810363924464,optimal,False,MIT1002_02993
TK37_RS12720,1.0101810363924453,optimal,False,MIT1002_02807
TK37_RS03200,1.0101810363924453,optimal,False,MIT1002_03055
TK37_RS08535,1.0101810363924453,optimal,False,MIT1002_00168
TK37_RS05780,3.811182413662346e-16,optimal,True,MIT1002_02743
TK37_RS17070,1.01018103639245,optimal,False,MIT1002_01748
TK37_RS04430,1.0101810363924453,optimal,False,MIT1002_02014
TK37_RS13675,1.0101810363924453,optimal,False,MIT1002_02131
TK37_RS15755,1.0101810363924453,optimal,False,MIT1002_02096
TK37_RS04780,1.0101810363924453,optimal,False,MIT1002_00017
TK37_RS17275,-1.0195278359202325e-15,optimal,True,MIT1002_03761
TK37_RS17220,0.0,optimal,True,MIT1002_03750
TK37_RS17055,1.01018103639245,optimal,False,MIT1002_01745
TK37_RS00240,1.3236861362549976e-13,optimal,True,MIT1002_03959
TK37_RS13935,1.0101810363924495,optimal,False,MIT1002_03188
TK37_RS08045,1.0101810363924453,optimal,False,MIT1002_03516
TK37_RS13910,1.010181036392434,optimal,False,MIT1002_03183
TK37_RS07220,-3.032955566759941e-16,optimal,True,MIT1002_01430
TK37_RS16130,0.0,optimal,True,MIT1002_02636
TK37_RS09125,1.0101810363924528,optimal,False,MIT1002_02861
TK37_RS18885,1.010181036392434,optimal,False,
TK37_RS18115,1.010181036392434,optimal,False,MIT1002_02222
TK37_RS10950,-6.81353487236363e-17,optimal,True,MIT1002_00102
TK37_RS15195,1.0101810363924464,optimal,False,MIT1002_03304
TK37_RS09010,1.010181036392434,optimal,False,MIT1002_02885
TK37_RS18640,-4.2350157682347796e-14,optimal,True,MIT1002_02269
TK37_RS11065,1.0101810363924444,optimal,False,MIT1002_02394
TK37_RS19680,1.010181036392434,optimal,False,MIT1002_00194
TK37_RS07490,-6.81353487236363e-17,optimal,True,MIT1002_02491
TK37_RS13980,1.0101810363924455,optimal,False,MIT1002_03197
TK37_RS07485,1.010181036392434,optimal,False,MIT1002_02492
TK37_RS19140,1.010181036392434,optimal,False,MIT1002_02431
TK37_RS19135,1.010181036392434,optimal,False,MIT1002_02432
TK37_RS02775,-6.81353487236363e-17,optimal,True,MIT1002_01008
TK37_RS00180,1.010181036392449,optimal,False,MIT1002_03972
TK37_RS00945,-6.81353487236363e-17,optimal,True,MIT1002_03818
TK37_RS06300,1.010181036392485,optimal,False,MIT1002_01785
TK37_RS11860,1.0101810363924388,optimal,False,
TK37_RS07445,-7.338937110000832e-16,optimal,True,MIT1002_02500
TK37_RS19405,0.0,optimal,True,MIT1002_03670
TK37_RS12245,1.0101810363924482,optimal,False,MIT1002_02924
TK37_RS14945,1.0101810363924393,optimal,False,MIT1002_04028
TK37_RS18960,1.0276686059027331e-16,optimal,True,MIT1002_03693
TK37_RS00230,-4.449397450318776e-14,optimal,True,MIT1002_03961
TK37_RS14915,1.0101810363924502,optimal,False,MIT1002_04034
TK37_RS14160,-7.907214956707887e-15,optimal,True,MIT1002_00504
TK37_RS14380,1.0101810363924555,optimal,False,MIT1002_00514
TK37_RS14505,1.0101810363924393,optimal,False,MIT1002_00539
TK37_RS06740,1.0101810363924393,optimal,False,MIT1002_03616
TK37_RS08300,6.2464605756048e-16,optimal,True,MIT1002_00737
TK37_RS04050,0.0,optimal,True,MIT1002_00862
TK37_RS04930,0.4603218273606335,optimal,False,MIT1002_04119
TK37_RS09465,1.0101810363924428,optimal,False,MIT1002_02295
TK37_RS14370,1.0101810363924617,optimal,False,MIT1002_00461
TK37_RS14910,1.0101810363924617,optimal,False,MIT1002_04035
TK37_RS15740,1.0101810363924617,optimal,False,MIT1002_02099
TK37_RS15510,1.0101810363924617,optimal,False,MIT1002_00404
TK37_RS05895,-9.232599561625758e-13,optimal,True,MIT1002_02720
TK37_RS06665,3.4110028549533967e-16,optimal,True,MIT1002_03601
TK37_RS12130,0.0,optimal,True,MIT1002_01922
TK37_RS18480,-1.2455422090580174e-14,optimal,True,MIT1002_02779
TK37_RS11950,1.0101810363924428,optimal,False,MIT1002_01883
TK37_RS04235,1.0101810363924617,optimal,False,MIT1002_01975
TK37_RS18055,1.0101810363924617,optimal,False,MIT1002_02234
TK37_RS17800,1.0101810363924617,optimal,False,MIT1002_01601
TK37_RS16320,1.007132451369397,optimal,False,MIT1002_02190
TK37_RS10735,1.4416330568745756e-12,optimal,True,MIT1002_00058
TK37_RS17020,-9.966941952369526e-16,optimal,True,MIT1002_01738
TK37_RS15575,0.0,optimal,True,MIT1002_00390
TK37_RS17185,1.0101810363924404,optimal,False,MIT1002_03743
TK37_RS14890,-2.804738510462904e-16,optimal,True,MIT1002_04039
TK37_RS07295,1.0101810363924433,optimal,False,MIT1002_01415
TK37_RS11960,1.0101810363924466,optimal,False,MIT1002_01885
TK37_RS01820,-1.8784824723229732e-16,optimal,True,MIT1002_01308
TK37_RS07475,1.0101810363924466,optimal,False,MIT1002_02494
TK37_RS07435,4.650469818017599e-16,optimal,True,MIT1002_02502
TK37_RS03625,0.0,optimal,True,MIT1002_00776
TK37_RS07795,1.0101810363924435,optimal,False,MIT1002_03466
TK37_RS13645,1.0101810363924466,optimal,False,MIT1002_02125
TK37_RS03865,0.9943969576988104,optimal,False,MIT1002_00823
TK37_RS04120,1.0101810363924464,optimal,False,MIT1002_00876
TK37_RS03380,1.1406205925843683e-16,optimal,True,MIT1002_03019
TK37_RS08450,1.0101810363924466,optimal,False,MIT1002_00768
TK37_RS08895,1.0101810363924466,optimal,False,MIT1002_02909
TK37_RS08840,8.010504331207611e-17,optimal,True,MIT1002_00106
TK37_RS18315,1.0101810363924424,optimal,False,MIT1002_00367
TK37_RS08135,1.0101810363924466,optimal,False,MIT1002_00698
TK37_RS02610,1.0101810363924466,optimal,False,MIT1002_00974
TK37_RS14340,-1.375266996992763e-16,optimal,True,MIT1002_00468
TK37_RS05785,0.0,optimal,True,MIT1002_02742
TK37_RS14420,-4.552292241594918e-15,optimal,True,MIT1002_00522
TK37_RS10360,1.0101810363924513,optimal,False,MIT1002_00301
TK37_RS03350,1.0101810363924466,optimal,False,MIT1002_03025
TK37_RS02550,1.0101810363924466,optimal,False,MIT1002_00962
TK37_RS15790,1.0101810363924466,optimal,False,MIT1002_02089
TK37_RS14660,1.0101810363924466,optimal,False,MIT1002_00235
TK37_RS03445,1.0101810363924466,optimal,False,MIT1002_03006
TK37_RS15400,1.0101810363924466,optimal,False,MIT1002_00601
TK37_RS14675,1.0101810363924466,optimal,False,MIT1002_00232
TK37_RS18545,1.0101810363925092,optimal,False,MIT1002_03360
TK37_RS16960,2.3155973877661085e-16,optimal,True,MIT1002_01726
TK37_RS19145,1.010181036392442,optimal,False,MIT1002_02430
TK37_RS09315,1.010181036392445,optimal,False,MIT1002_02325
TK37_RS03280,1.010181036392445,optimal,False,MIT1002_03039
TK37_RS17965,-4.937995994083361e-18,optimal,True,MIT1002_01513
TK37_RS06625,0.0,optimal,True,MIT1002_03593
TK37_RS01860,0.0,optimal,True,
TK37_RS07115,1.0101810363924486,optimal,False,MIT1002_01451
TK37_RS06570,1.0101810363924424,optimal,False,MIT1002_03581
TK37_RS02825,-2.4009131833591767e-16,optimal,True,MIT1002_01018
TK37_RS07205,0.0,optimal,True,MIT1002_01433
TK37_RS03335,1.0101810363924453,optimal,False,MIT1002_03028
TK37_RS05955,1.0101810363924435,optimal,False,MIT1002_02708
TK37_RS00505,1.0101810363924435,optimal,False,MIT1002_03907
TK37_RS06590,8.608214834103119e-16,optimal,True,MIT1002_03585
TK37_RS05860,1.0101810363924415,optimal,False,MIT1002_02727
TK37_RS06235,8.608214834103119e-16,optimal,True,MIT1002_01770
TK37_RS18835,1.0101810363924415,optimal,False,MIT1002_01538
TK37_RS16125,-4.712850581473387e-16,optimal,True,MIT1002_02637
TK37_RS00495,1.0101810363924464,optimal,False,MIT1002_03909
TK37_RS06995,1.0101810363924435,optimal,False,MIT1002_01476
TK37_RS01850,-1.6911352889042255e-17,optimal,True,MIT1002_01314
TK37_RS17365,0.0,optimal,True,MIT1002_00440
TK37_RS17330,0.0,optimal,True,MIT1002_00447
TK37_RS17940,8.084529842908553e-15,optimal,True,MIT1002_01508
TK37_RS18555,1.4736868932548676e-15,optimal,True,
TK37_RS16575,0.0,optimal,True,MIT1002_01838
TK37_RS16135,0.0,optimal,True,MIT1002_02635
TK37_RS04490,1.010181036392447,optimal,False,MIT1002_02027
TK37_RS15590,1.8756642132918027e-16,optimal,True,MIT1002_00387
TK37_RS02150,0.0,optimal,True,MIT1002_01373
TK37_RS02485,0.0,optimal,True,MIT1002_00949
TK37_RS04190,1.0026378707138912,optimal,False,MIT1002_00891
TK37_RS05740,1.0845157750186747e-16,optimal,True,MIT1002_02751
TK37_RS02680,1.0101810363924455,optimal,False,MIT1002_00988
TK37_RS20335,1.8756642132918027e-16,optimal,True,
TK37_RS05425,0.0,optimal,True,MIT1002_01637
TK37_RS02215,1.0101810363924435,optimal,False,MIT1002_01386
TK37_RS18275,1.0101810363924302,optimal,False,MIT1002_03552
TK37_RS09215,1.0101810363924302,optimal,False,MIT1002_02345
TK37_RS09110,1.0101810363924302,optimal,False,MIT1002_02864
TK37_RS10905,-6.27754061481006e-17,optimal,True,MIT1002_00092
TK37_RS15585,0.0,optimal,True,MIT1002_00388
TK37_RS16990,-4.691557678915803e-16,optimal,True,MIT1002_01732
TK37_RS15255,1.0101810363924426,optimal,False,MIT1002_00574
TK37_RS07040,1.0101810363924486,optimal,False,MIT1002_01467
TK37_RS04495,1.0101810363924473,optimal,False,MIT1002_02028
TK37_RS16120,-7.580611278045655e-16,optimal,True,MIT1002_02638
TK37_RS14510,1.0101810363924546,optimal,False,MIT1002_00540
TK37_RS19175,1.0101810363924473,optimal,False,MIT1002_02424
TK37_RS17955,-7.580611278045655e-16,optimal,True,MIT1002_01511
TK37_RS01845,1.0101810363924506,optimal,False,MIT1002_01313
TK37_RS02645,1.0101810363924473,optimal,False,MIT1002_00981
TK37_RS02000,1.0421597784895884e-16,optimal,True,MIT1002_01344
TK37_RS06660,-1.6421447330303001e-15,optimal,True,MIT1002_03600
TK37_RS11820,1.0101810363924415,optimal,False,MIT1002_02556
TK37_RS18250,1.0101810363924473,optimal,False,MIT1002_03557
TK37_RS00905,1.0101810363924473,optimal,False,MIT1002_03826
TK37_RS15745,1.0101810363924473,optimal,False,MIT1002_02098
TK37_RS02470,3.55209467522625e-16,optimal,True,MIT1002_00946
TK37_RS19470,0.0,optimal,True,
TK37_RS18385,1.0101810363924415,optimal,False,MIT1002_00353
TK37_RS18800,-9.267573385570825e-16,optimal,True,MIT1002_01545
TK37_RS18460,0.0,optimal,True,MIT1002_02775
TK37_RS00840,1.0101810363924453,optimal,False,MIT1002_03839
TK37_RS01140,1.0090474664427245,optimal,False,MIT1002_03779
TK37_RS13400,1.010181036392442,optimal,False,MIT1002_03264
TK37_RS08335,1.0101810363924455,optimal,False,MIT1002_00744
TK37_RS00860,1.010178485169738,optimal,False,MIT1002_03835
TK37_RS16310,-7.567225707734306e-16,optimal,True,MIT1002_02192
TK37_RS07920,1.0101810363924495,optimal,False,MIT1002_03491
TK37_RS02555,1.0101810363924473,optimal,False,MIT1002_00963
TK37_RS03360,1.0101810363924473,optimal,False,MIT1002_03023
TK37_RS15560,-7.254757448854627e-16,optimal,True,MIT1002_00393
TK37_RS18845,1.010181036392443,optimal,False,MIT1002_01535
TK37_RS10685,-2.35254294449438e-12,optimal,True,MIT1002_00048
TK37_RS11765,1.0101810363924444,optimal,False,MIT1002_02567
TK37_RS13800,9.74863323951404e-15,optimal,True,MIT1002_02156
TK37_RS19125,1.0101810363924435,optimal,False,MIT1002_02434
TK37_RS19695,5.756039085742678e-17,optimal,True,MIT1002_00191
TK37_RS11680,1.0101810363924466,optimal,False,MIT1002_02584
TK37_RS00950,0.0,optimal,True,MIT1002_03817
TK37_RS02495,0.9007854525088916,optimal,False,MIT1002_00951
TK37_RS19380,2.1254510028950883e-17,optimal,True,MIT1002_03666
TK37_RS09460,1.0101810363924553,optimal,False,MIT1002_02296
TK37_RS19395,0.9511583442959944,optimal,False,MIT1002_03668
TK37_RS10990,0.9811810913439718,optimal,False,MIT1002_02409
TK37_RS00515,3.208865037188009e-16,optimal,True,MIT1002_03905
TK37_RS10925,0.0,optimal,True,MIT1002_00096
TK37_RS06020,0.0,optimal,True,MIT1002_02695
TK37_RS19580,0.0,optimal,True,MIT1002_03110
TK37_RS11415,1.0101810363924513,optimal,False,MIT1002_01146
TK37_RS04925,0.4603218273597843,optimal,False,MIT1002_04120
TK37_RS19185,1.0101810363924515,optimal,False,MIT1002_02422
TK37_RS09325,1.0101810363924746,optimal,False,MIT1002_02323
TK37_RS07835,1.0101810363924746,optimal,False,
TK37_RS09220,1.0101810363924746,optimal,False,MIT1002_02344
TK37_RS04955,0.4603218273606507,optimal,False,MIT1002_04114
TK37_RS14960,1.0101810363924393,optimal,False,MIT1002_04025
TK37_RS10625,0.0,optimal,True,
TK37_RS14205,1.0101810363924435,optimal,False,MIT1002_00495
TK37_RS04110,1.0101810363924293,optimal,False,MIT1002_00874
TK37_RS17090,1.0101810363924293,optimal,False,MIT1002_01752
TK37_RS01835,0.0,optimal,True,MIT1002_01311
TK37_RS17645,1.0101810363924462,optimal,False,MIT1002_03330
TK37_RS00405,1.0101810363924293,optimal,False,MIT1002_03927
TK37_RS13115,1.0101810363924293,optimal,False,MIT1002_03131
TK37_RS06035,-1.911158214864026e-15,optimal,True,MIT1002_02692
TK37_RS17130,0.0,optimal,True,MIT1002_03732
TK37_RS17735,1.0101810363924495,optimal,False,MIT1002_01588
TK37_RS02705,1.0101810363924293,optimal,False,MIT1002_00993
TK37_RS03460,0.9323778883383386,optimal,False,MIT1002_03003
TK37_RS16615,1.0101810363924384,optimal,False,MIT1002_01844
TK37_RS07025,1.0101810363924442,optimal,False,MIT1002_01470
TK37_RS04560,1.0101810363924442,optimal,False,MIT1002_02041
TK37_RS04455,1.0072670871856235,optimal,False,
TK37_RS02270,1.0101810363924453,optimal,False,MIT1002_01396
TK37_RS03055,1.0101810363924442,optimal,False,MIT1002_03085
TK37_RS08000,1.0101810363924442,optimal,False,MIT1002_03507
TK37_RS12750,1.0101810363924442,optimal,False,MIT1002_02801
TK37_RS15185,1.0101810363924442,optimal,False,MIT1002_03302
TK37_RS15725,1.0101810363924442,optimal,False,
TK37_RS01150,-2.8486117292642724e-16,optimal,True,MIT1002_03777
TK37_RS00590,1.010181036392454,optimal,False,MIT1002_03890
TK37_RS02475,-1.1164206120258382e-15,optimal,True,MIT1002_00947
TK37_RS01595,1.0101810363922967,optimal,False,MIT1002_01263
TK37_RS14245,1.0101810363924535,optimal,False,MIT1002_00487
TK37_RS13445,1.0101810363924535,optimal,False,MIT1002_03255
TK37_RS16300,-6.195240943038525e-16,optimal,True,MIT1002_02194
TK37_RS14320,1.0101810363924502,optimal,False,MIT1002_00472
TK37_RS09700,-6.189782365318847e-16,optimal,True,MIT1002_00651
TK37_RS04940,0.4603218273605952,optimal,False,MIT1002_04117
TK37_RS04100,1.0101810363924524,optimal,False,MIT1002_00872
TK37_RS03755,1.0101810363924408,optimal,False,MIT1002_00801
TK37_RS05240,1.010181036388809,optimal,False,MIT1002_04056
TK37_RS17270,-4.278517049194629e-17,optimal,True,MIT1002_03760
TK37_RS09270,1.010181036392449,optimal,False,MIT1002_02334
TK37_RS09285,1.0101810363924482,optimal,False,MIT1002_02331
TK37_RS01655,1.0101810363924482,optimal,False,MIT1002_01275
TK37_RS03655,4.33684066884453e-16,optimal,True,MIT1002_00782
TK37_RS07045,1.0101810363924484,optimal,False,MIT1002_01466
TK37_RS00410,1.0101810363924528,optimal,False,MIT1002_03926
TK37_RS20685,1.0101810363924422,optimal,False,MIT1002_03285
TK37_RS07790,1.0101810363924422,optimal,False,
TK37_RS03520,-1.3171266192161756e-14,optimal,True,MIT1002_02992
TK37_RS00825,1.0101810363924408,optimal,False,MIT1002_03842
TK37_RS05455,1.010181036392446,optimal,False,MIT1002_01643
TK37_RS11355,1.010181036392446,optimal,False,MIT1002_01134
TK37_RS07805,1.010181036392446,optimal,False,MIT1002_03468
TK37_RS09400,1.010181036392446,optimal,False,MIT1002_02308
TK37_RS02780,-1.9551144826552e-15,optimal,True,MIT1002_01009
TK37_RS10740,1.0101810363924455,optimal,False,MIT1002_00059
TK37_RS07910,1.9983908974978727e-16,optimal,True,MIT1002_03489
TK37_RS00415,1.0101810363924453,optimal,False,MIT1002_03925
TK37_RS09595,1.0101810363924462,optimal,False,MIT1002_00673
TK37_RS02440,1.0101810363924462,optimal,False,MIT1002_00940
TK37_RS13175,-8.706123863520587e-16,optimal,True,MIT1002_03143
TK37_RS09555,1.0101810363924428,optimal,False,MIT1002_00681
TK37_RS08435,1.0101810363924428,optimal,False,MIT1002_00765
TK37_RS09735,1.0101810363924428,optimal,False,MIT1002_00644
TK37_RS06650,8.501969047570067e-16,optimal,True,MIT1002_03598
TK37_RS06255,0.0,optimal,True,MIT1002_01775
TK37_RS04965,0.4603218273615067,optimal,False,MIT1002_04112
TK37_RS05770,-2.4999853991065444e-17,optimal,True,MIT1002_02745
TK37_RS17625,1.0101810363924355,optimal,False,MIT1002_03326
TK37_RS16035,1.0098749816478705,optimal,False,MIT1002_02655
TK37_RS17405,1.0101810363924564,optimal,False,MIT1002_00432
TK37_RS09640,1.0101810363924324,optimal,False,MIT1002_00663
TK37_RS11690,1.0101810363924324,optimal,False,MIT1002_02582
TK37_RS01790,1.0101810363924324,optimal,False,MIT1002_01302
TK37_RS08150,1.2860833956907814e-15,optimal,True,MIT1002_00701
TK37_RS04855,0.0,optimal,True,MIT1002_00002
TK37_RS19710,1.0101810363924513,optimal,False,MIT1002_00188
TK37_RS17135,2.3229269267225915e-16,optimal,True,MIT1002_03733
TK37_RS11075,1.0101810363924504,optimal,False,MIT1002_02392
TK37_RS14885,6.999320933607895e-17,optimal,True,MIT1002_04040
TK37_RS11700,1.0101810363924504,optimal,False,MIT1002_02580
TK37_RS12755,1.0101810363924404,optimal,False,MIT1002_02800
TK37_RS01400,1.0101810363924404,optimal,False,MIT1002_01222
TK37_RS03070,0.96809015987609,optimal,False,MIT1002_03081
TK37_RS10445,2.684858953122637e-15,optimal,True,
TK37_RS15225,1.0101810363924555,optimal,False,
TK37_RS06200,1.0101810363924482,optimal,False,MIT1002_01763
TK37_RS00790,1.0101810363924522,optimal,False,MIT1002_03849
TK37_RS13625,1.0101810363924364,optimal,False,MIT1002_02121
TK37_RS11220,1.0101810363924653,optimal,False,MIT1002_02363
TK37_RS04865,-7.096969861779739e-16,optimal,True,MIT1002_04133
TK37_RS16455,-2.3320623239495937e-14,optimal,True,MIT1002_03380
TK37_RS16445,1.0088864232009058,optimal,False,MIT1002_03378
TK37_RS18125,1.1724731463749531e-14,optimal,True,MIT1002_02220
TK37_RS13780,-2.3193018546286297e-16,optimal,True,MIT1002_02152
TK37_RS02590,1.0101810363924584,optimal,False,MIT1002_00970
TK37_RS07230,9.873854346844285e-16,optimal,True,MIT1002_01428
TK37_RS08845,1.0101810363924455,optimal,False,MIT1002_02919
TK37_RS01610,1.0101810363924637,optimal,False,MIT1002_01266
TK37_RS12780,1.0101810363924637,optimal,False,MIT1002_02795
TK37_RS04230,1.0101810363924637,optimal,False,MIT1002_01974
TK37_RS15520,1.0101810363924637,optimal,False,MIT1002_00402
TK37_RS05585,1.0101810363924637,optimal,False,MIT1002_01669
TK37_RS13680,1.0101810363924637,optimal,False,MIT1002_02132
TK37_RS16935,1.0101810363924637,optimal,False,MIT1002_03419
TK37_RS19280,1.0101810363924637,optimal,False,MIT1002_00905
TK37_RS12300,1.0101810363924637,optimal,False,MIT1002_02935
TK37_RS08140,1.0101810363924637,optimal,False,MIT1002_00699
TK37_RS17535,1.0101810363924637,optimal,False,MIT1002_01575
TK37_RS05605,1.0101810363924637,optimal,False,MIT1002_01673
TK37_RS08900,1.0101810363924637,optimal,False,MIT1002_02908
TK37_RS04640,1.0101810363924637,optimal,False,MIT1002_02057
TK37_RS15165,1.0101810363924637,optimal,False,MIT1002_03298
TK37_RS07645,1.0101810363924637,optimal,False,MIT1002_02460
TK37_RS20550,-8.521260523659949e-16,optimal,True,
TK37_RS03820,1.0101810363924466,optimal,False,MIT1002_00814
TK37_RS17565,3.541574050886877e-13,optimal,True,MIT1002_01580
TK37_RS19705,1.0101810363924435,optimal,False,MIT1002_00189
TK37_RS12730,1.0101810363924637,optimal,False,MIT1002_02805
TK37_RS20165,1.1432264547027972e-12,optimal,True,MIT1002_03538
TK37_RS06595,2.787280964643793e-15,optimal,True,MIT1002_03586
TK37_RS16625,1.0101810363924413,optimal,False,MIT1002_01846
TK37_RS16795,1.0101810363924535,optimal,False,MIT1002_03447
TK37_RS12580,1.0101810363924535,optimal,False,MIT1002_02835
TK37_RS18685,1.0101810363924535,optimal,False,
TK37_RS13360,1.0092122645765798,optimal,False,MIT1002_03271
TK37_RS04785,1.010181036392437,optimal,False,MIT1002_00016
TK37_RS11440,1.0101810363924535,optimal,False,MIT1002_01151
TK37_RS06065,1.0101810363924535,optimal,False,MIT1002_02686
TK37_RS06645,-1.6509846603909122e-16,optimal,True,MIT1002_03597
TK37_RS17140,0.0,optimal,True,MIT1002_03734
TK37_RS14330,0.0,optimal,True,MIT1002_00470
TK37_RS10835,1.0101810363924395,optimal,False,MIT1002_00078
TK37_RS15955,1.0101810363924535,optimal,False,MIT1002_01951
TK37_RS03260,1.0101810363924448,optimal,False,MIT1002_03043
TK37_RS04360,1.0101810363924448,optimal,False,MIT1002_02000
TK37_RS14530,1.0101810363924535,optimal,False,MIT1002_00544
TK37_RS02195,1.0101810363924535,optimal,False,MIT1002_01382
TK37_RS03565,1.3911890520742192e-15,optimal,True,MIT1002_02982
TK37_RS20170,1.0101810363924466,optimal,False,MIT1002_03539
TK37_RS14645,1.0101810363924535,optimal,False,MIT1002_00238
TK37_RS20045,-1.6509846603909122e-16,optimal,True,MIT1002_02532
TK37_RS07450,1.0101810363924413,optimal,False,MIT1002_02499
TK37_RS08950,1.0101810363924535,optimal,False,MIT1002_02897
TK37_RS09810,3.3267614506683197e-16,optimal,True,MIT1002_00630
TK37_RS03400,1.0101810363924482,optimal,False,MIT1002_03015
TK37_RS10460,1.0101810363924535,optimal,False,MIT1002_00281
TK37_RS00090,1.0101810363924535,optimal,False,MIT1002_03990
TK37_RS12355,3.539546751048887e-13,optimal,True,MIT1002_02946
TK37_RS19745,-9.249246316397001e-27,optimal,True,MIT1002_00422
TK37_RS06695,1.0101810363924617,optimal,False,MIT1002_03607
TK37_RS07050,-1.649479530051749e-16,optimal,True,MIT1002_01465
TK37_RS08575,0.0,optimal,True,MIT1002_00160
TK37_RS04240,1.0101810363924495,optimal,False,MIT1002_01976
TK37_RS07960,1.0101810363924535,optimal,False,MIT1002_03499
TK37_RS09355,1.0101810363924535,optimal,False,MIT1002_02317
TK37_RS17380,1.0101810363924535,optimal,False,MIT1002_00437
TK37_RS07625,1.0101810363924535,optimal,False,MIT1002_02464
TK37_RS11110,1.3911890520742192e-15,optimal,True,MIT1002_02385
TK37_RS03355,1.0101810363924393,optimal,False,MIT1002_03024
TK37_RS18945,-1.7723753487397753e-12,optimal,True,MIT1002_03696
TK37_RS16315,1.0101810363924544,optimal,False,MIT1002_02191
TK37_RS10370,1.010178485169738,optimal,False,MIT1002_00299
TK37_RS15640,0.9007854525090794,optimal,False,MIT1002_00378
TK37_RS00815,1.010181036392447,optimal,False,MIT1002_03844
TK37_RS18050,-1.2913035580716446e-14,optimal,True,MIT1002_02235
TK37_RS04525,1.0101810363924402,optimal,False,MIT1002_02034
TK37_RS03825,1.010181036392449,optimal,False,MIT1002_00815
TK37_RS13515,1.010181036392449,optimal,False,MIT1002_03244
TK37_RS15840,1.010181036392449,optimal,False,
TK37_RS05485,1.0095308916565418,optimal,False,MIT1002_01649
TK37_RS03705,1.010181036392436,optimal,False,MIT1002_00792
TK37_RS14345,5.689686211681555e-16,optimal,True,MIT1002_00467
