,minimum,maximum
rxn02201_c0,0.0,0.0
rxn00351_c0,0.0,996.0079880159806
rxn07431_c0,0.0,0.0
rxn00836_c0,-996.9215110138673,0.0
rxn00423_c0,0.0,0.0
rxn00364_c0,-992.0319121916409,1000.0
rxn05561_c0,-1000.0,998.001998001998
rxn03408_c0,0.0,0.0
rxn02177_c0,0.0,0.0
rxn05250_c0,0.0,0.0
rxn00646_c0,0.0,998.0019980019977
rxn01673_c0,0.0,0.0
rxn00247_c0,0.0,1000.0
rxn02342_c0,0.0,0.0
rxn00022_c0,0.0,0.0
rxn02000_c0,0.0,5.990013982049959
rxn03239_c0,0.0,0.0
rxn05457_c0,0.0,0.0
rxn00107_c0,0.0,0.0
rxn12008_c0,0.0,0.0
rxn04070_c0,0.0,0.0
rxn00199_c0,0.0,0.0
rxn03433_c0,0.0,0.0
rxn10231_c0,0.0,0.0
rxn02944_c0,0.0,0.0
rxn01867_c0,0.0,994.0179620658982
rxn10270_c0,0.0,0.0
rxn12637_c0,-1.9980019980018824,0.0
rxn09240_c0,0.0,998.001998001998
rxn01219_c0,0.0,0.0
rxn00800_c0,-1.998001998001996,996.0079880159797
rxn01705_c0,0.0,6.559354203275891e-12
rxn09177_c0,0.0,0.0
rxn00211_c0,0.0,1.998001998001996
rxn00179_c0,0.0,1000.0
rxn00587_c0,0.0,0.0
rxn01210_c0,0.0,0.0
rxn00192_c0,0.0,0.0
rxn01218_c0,0.0,0.0
rxn05654_c0,0.0,13.966061902141632
rxn00545_c0,0.0,1000.0
rxn08807_c0,0.0,0.0
rxn02316_c0,0.0,0.0
rxn00501_c0,0.0,0.0
rxn10344_c0,0.0,0.0
rxn02320_c0,-7.968071872199588,0.0
rxn03384_c0,0.0,0.0
rxn02504_c0,0.0,1.998001998001996
rxn00262_c0,0.0,991.99195195188
rxn03173_c0,0.0,0.0
rxn03039_c0,0.0,1.9980019980004045
rxn10262_c0,0.0,0.0
rxn10126_c0,0.0,0.0
rxn10209_c0,0.0,0.0
rxn08084_c0,0.0,0.0
rxn10225_c0,0.0,0.0
rxn00898_c0,0.0,0.0
rxn05334_c0,0.0,0.0
rxn10205_c0,0.0,0.0
rxn05040_c0,0.0,0.0
rxn00890_c0,0.0,0.0
rxn05377_c0,0.0,0.0
rxn08556_c0,0.0,0.0
rxn01843_c0,0.0,0.0
rxn00816_c0,-1000.0,994.0179620658981
rxn02988_c0,-218.4378909176386,0.0
rxn04792_c0,-1000.0,998.0019980019981
rxn01021_c0,0.0,0.0
rxn00165_c0,0.0,1000.0
rxn10228_c0,0.0,0.0
rxn01117_c0,-1.9980019979634562,0.0
rxn08137_c0,-1.9980019980018824,0.0
rxn00001_c0,0.0,1000.0
rxn05369_c0,0.0,0.0
rxn01331_c0,0.0,11.976051920123895
rxn08895_c0,0.0,0.0
rxn00671_c0,6.11191744587863e-19,0.0
rxn11268_c0,-493.6497896575837,0.0
rxn00710_c0,0.0,0.0
rxn02305_c0,0.0,0.0
rxn08817_c0,3.503344293979366e-30,0.0
rxn00910_c0,0.0,0.0
rxn11944_c0,0.0,0.0
rxn01129_c0,0.0,0.0
rxn08296_c0,0.0,0.0
rxn01297_c0,-1000.0,998.001998001998
rxn01962_c0,0.0,0.0
rxn10254_c0,0.0,0.0
rxn01682_c0,0.0,1.9980019980018824
rxn08796_c0,0.0,0.0
rxn08941_c0,0.0,0.0
rxn03181_c0,0.0,0.0
rxn09360_c0,0.0,0.0
rxn02331_c0,0.0,0.0
rxn12846_c0,-1.9980019980021098,0.0
rxn00337_c0,0.0,1000.0
rxn05221_c0,-992.0319121916408,998.0019980019982
rxn08308_c0,0.0,0.0
rxn01930_c0,0.0,0.0
rxn00208_c0,0.0,0.0
rxn08823_c0,0.0,0.0
rxn00140_c0,-1.9980019980021098,998.001998001997
rxn05346_c0,0.0,0.0
rxn00867_c0,0.0,4.000004000004022
rxn00452_c0,0.0,-3.3718745511318962e-09
rxn03248_c0,0.0,0.0
rxn08127_c0,0.0,0.0
rxn05386_c0,0.0,0.0
rxn05516_c0,0.0,998.0019980019979
rxn05733_c0,0.0,-4.959244428447588e-14
rxn00416_c0,0.0,1000.0
rxn00827_c0,0.0,0.0
rxn02270_c0,0.0,0.0
rxn09206_c0,0.0,0.0
rxn02376_c0,0.0,0.0
rxn08017_c0,0.0,-1.0771608639607516e-11
rxn09209_c0,0.0,0.0
rxn12512_c0,0.0,0.0
rxn08669_c0,0.0,-6.430768461109084e-14
rxn00902_c0,0.0,0.0
rxn06672_c0,0.0,-6.3419900456828355e-12
rxn00649_c0,0.0,1.1980305257758335e-24
rxn01739_c0,0.0,474.5046177579351
rxn02400_c0,0.0,0.0
rxn01268_c0,0.0,464.3804307619897
rxn00641_c0,0.0,0.0
rxn00361_c0,0.0,1000.0
rxn02679_c0,0.0,0.0
rxn07434_c0,0.0,0.0
rxn01974_c0,0.0,0.0
rxn00242_c0,0.0,994.0179620658968
rxn12641_c0,-1.998001998001996,0.0
rxn00568_c0,-993.0244408644323,0.0
rxn08971_c0,0.0,0.0
rxn05316_c0,-1000.0,998.0019980019982
rxn08275_c0,0.0,998.001998001998
rxn00060_c0,0.0,0.0
rxn00225_c0,0.0,1000.0
rxn05350_c0,0.0,0.0
rxn09198_c0,0.0,0.0
rxn08838_c0,0.0,0.0
rxn05064_c0,0.0,0.0
rxn00148_c0,-1000.0,0.0
rxn00100_c0,0.0,4.185013656005596e-14
rxn02842_c0,0.0,0.0
rxn00514_c0,0.0,998.0019980019978
rxn00789_c0,-16.008024016031868,0.0
rxn03436_c0,0.0,13.974037950061756
rxn05390_c0,0.0,0.0
rxn08976_c0,0.0,0.0
rxn00781_c0,-998.0019980019978,1000.0
rxn00881_c0,0.0,0.0
rxn05298_c0,-1000.0,1000.0
rxn08336_c0,0.0,0.0
rxn03043_c0,-1.998001998001996,0.0
rxn02264_c0,0.0,0.0
rxn05198_c0,-1000.0,998.0019980019981
rxn09202_c0,0.0,0.0
rxn01451_c0,0.0,-1.7728610360360567e-12
rxn03903_c0,0.0,0.0
rxn00097_c0,-985.9341092489461,1000.0
rxn05514_c0,-1.9980019980018824,0.0
rxn02212_c0,0.0,477.3602046101451
rxn00191_c0,-1000.0,1000.0
rxn00695_c0,0.0,0.0
rxn05324_c0,0.0,-2.1665387353071764e-14
rxn10481_c0,0.0,1000.0
rxn03535_c0,0.0,0.0
rxn00692_c0,0.0,1.7809865061554424e-16
rxn00802_c0,0.0,0.0
rxn08440_c0,0.0,2.0802537874311564e-11
rxn02160_c0,0.0,7.952151648678773
rxn08802_c0,0.0,0.0
rxn02315_c0,0.0,0.0
rxn01825_c0,0.0,460.6558809963322
rxn10230_c0,0.0,0.0
rxn02720_c0,-2.061888522534702e-17,0.0
rxn00913_c0,0.0,980.3332578498903
rxn01997_c0,0.0,7.9920159840238725
rxn08521_c0,0.0,0.0
rxn08809_c0,0.0,0.0
rxn00460_c0,0.0,1000.0
rxn00171_c0,0.0,0.0
rxn03958_c0,-6.006014014022298,0.0
rxn00345_c0,-1.9980019980018824,0.0
rxn00178_c0,0.0,0.0
rxn03264_c0,0.0,0.0
rxn01362_c0,0.0,0.0
rxn05329_c0,3.0724010889214534e-30,0.0
rxn03174_c0,-12.016028032043822,0.0
rxn05161_c0,0.0,12.000012000011923
rxn00549_c0,0.0,1000.0
rxn03951_c0,0.0,1.9980019980018824
rxn05200_c0,0.0,21.910237502899577
rxn00506_c0,0.0,1000.0
rxn01894_c0,0.0,0.0
rxn10060_c0,0.0,998.0019980019982
rxn02933_c0,0.0,0.0
rxn00727_c0,0.0,12.016028032043678
rxn10307_c0,0.0,3.5681760833441346e-48
rxn12638_c0,0.0,0.0
rxn01354_c0,0.0,0.0
rxn09105_c0,0.0,0.0
rxn01445_c0,0.0,0.0
rxn05248_c0,0.0,-6.637114527240194e-16
rxn00612_c0,-1000.0,1000.0
rxn08766_c0,0.0,0.0
rxn05539_c0,0.0,42.02413809628121
rxn08841_c0,0.0,0.0
rxn05461_c0,0.0,0.0
rxn12405_c0,-998.0019980019975,998.0019980019991
rxn02159_c0,0.0,7.936263233796175
rxn01111_c0,0.0,0.0
rxn10222_c0,0.0,0.0
rxn10263_c0,0.0,0.0
rxn02791_c0,0.0,0.0
rxn05466_c0,-1000.0,998.0019980019929
rxn08814_c0,0.0,0.0
rxn00917_c0,0.0,748.3147143326155
rxn08078_c0,0.0,0.0
rxn08845_c0,0.0,0.0
rxn07981_c0,0.0,0.0
rxn00300_c0,0.0,4.008012016019931
rxn01925_c0,0.0,0.0
rxn08792_c0,0.0,0.0
rxn02798_c0,0.0,0.0
rxn00999_c0,0.0,0.0
rxn05174_c0,0.0,0.0
rxn08799_c0,-1.9980019980021098,0.0
rxn05957_c0,0.0,0.0
rxn05335_c0,0.0,0.0
rxn03419_c0,-1.2486485738489878e-15,17.9820339660497
rxn08551_c0,0.0,0.0
rxn10256_c0,0.0,0.0
rxn00679_c0,0.0,0.0
rxn01516_c0,0.0,998.0019980019985
rxn00758_c0,0.0,0.0
rxn00272_c0,-9.982025966041533,0.0
rxn10314_c0,0.0,0.0
rxn09111_c0,0.0,0.0
rxn06078_c0,0.0,0.0
rxn05595_c0,-996.00798801598,1000.0
rxn05348_c0,0.0,0.0
rxn03245_c0,0.0,0.0
rxn11946_c0,0.0,0.0
rxn01504_c0,0.0,-9.344923887032914e-14
rxn00907_c0,0.0,1.2704937071678201e-13
rxn05458_c0,0.0,0.0
rxn08300_c0,0.0,0.0
rxn02404_c0,0.0,0.0
rxn01644_c0,0.0,11.984027968043806
rxn08297_c0,0.0,0.0
rxn02911_c0,0.0,0.0
rxn01280_c0,-1000.0,1000.0
rxn05581_c0,-998.0019980019983,2.063079120175268e-13
rxn12847_c0,-1.9980019980018824,0.0
rxn09114_c0,0.0,0.0
rxn09188_c0,0.0,0.0
rxn08822_c0,-9.982025966041874,0.0
rxn05030_c0,0.0,0.0
rxn10208_c0,0.0,0.0
rxn05345_c0,0.0,9.737768670592946e-16
rxn01522_c0,0.0,0.0
rxn00336_c0,0.0,0.0
rxn03891_c0,0.0,-5.204918281134434e-13
rxn01465_c0,-1.9980019980018824,0.0
rxn03052_c0,0.0,-1.3541832904589304e-11
rxn10204_c0,0.0,-2.1819209674548335e-13
rxn01833_c0,0.0,928.8614673772382
rxn05145_c0,0.0,1000.0
rxn01872_c0,0.0,-1.3838649696398435e-12
rxn01301_c0,-1000.0,998.0019980019982
rxn01643_c0,-998.0019980019982,0.0
rxn02449_c0,0.0,996.0079880159802
rxn00248_c0,-1000.0,998.0019980019781
rxn00499_c0,-1000.0,996.0079880159806
rxn08844_c0,0.0,0.0
rxn00707_c0,-1000.0,1000.0
rxn00369_c0,0.0,998.0019980019982
rxn00708_c0,0.0,1000.0
rxn00289_c0,-5.990013982021878,0.0
rxn07433_c0,0.0,0.0
rxn01269_c0,0.0,464.582650539371
rxn00392_c0,0.0,0.0
rxn00747_c0,-1000.0,1000.0
rxn01334_c0,-1.9980019980023371,998.0019980019974
rxn03406_c0,0.0,0.0
rxn00029_c0,0.0,0.0
rxn06673_c0,0.0,0.0
rxn09128_c0,-5.998005998006079,0.0
rxn12646_c0,-1.9980019980018824,0.0
rxn06777_c0,0.0,0.0
rxn03869_c0,0.0,0.0
rxn05256_c0,0.0,0.0
rxn02175_c0,0.0,0.0
rxn05317_c0,0.0,1.998001998001996
rxn08136_c0,0.0,0.0
rxn02835_c0,0.0,13.974037950061415
rxn03884_c0,0.0,1000.0
rxn02774_c0,0.0,0.0
rxn01675_c0,0.0,8.008016016023971
rxn08839_c0,0.0,0.0
rxn01575_c0,-1000.0,1000.0
rxn05398_c0,0.0,0.0
rxn01315_c0,0.0,0.0
rxn01868_c0,0.0,994.0179620658981
rxn03240_c0,-4.570431992006723e-15,0.0
rxn09562_c0,0.0,0.0
rxn01501_c0,0.0,0.0
rxn00555_c0,4.632691180689995e-16,13.96606190214186
rxn03435_c0,-9.998009998010161,0.0
rxn03080_c0,0.0,0.0
rxn10237_c0,0.0,0.0
rxn00143_c0,0.0,-1.596797693785016e-11
rxn12644_c0,-1.9980019980018824,0.0
rxn00147_c0,0.0,1000.0
rxn05365_c0,0.0,0.0
rxn00849_c0,0.0,1.9980019980021098
rxn00737_c0,2.5038490936883986e-13,20.0080280160196
rxn08843_c0,-2.7032857363805127e-15,0.0
rxn01256_c0,-1.5103398604070271e-13,467.5976170144555
rxn00213_c0,0.0,12.000012000011948
rxn05199_c0,-1000.0,998.0019980019919
rxn10162_c0,0.0,9.982025966041533
rxn01629_c0,0.0,0.0
rxn00777_c0,-1000.0,1000.0
rxn01740_c0,-475.454576952647,-1.2879593718985598e-13
rxn05573_c0,0.0,998.0019980019982
rxn05327_c0,0.0,0.0
rxn05205_c0,-2.0479960421385738e-13,21.942125790325008
rxn00668_c0,0.0,0.0
rxn08353_c0,0.0,0.0
rxn02314_c0,0.0,0.0
rxn08801_c0,-1.998001998001996,0.0
rxn02275_c0,0.0,0.0
rxn00251_c0,-1000.0,1000.0
rxn01545_c0,-1.9980019980018824,968.3945936639197
rxn00139_c0,-996.0079880159801,0.0
rxn00790_c0,0.0,0.0
rxn03910_c0,0.0,1.9980019980018824
rxn07976_c0,0.0,0.0
rxn00237_c0,0.0,1000.0
rxn00463_c0,0.0,1000.0
rxn00422_c0,-988.071708909662,13.95808585422185
rxn00106_c0,0.0,1000.0
rxn08311_c0,0.0,4.000004000004
rxn03175_c0,0.0,9.998009998009707
rxn10264_c0,0.0,0.0
rxn03421_c0,0.0,14.014030030045774
rxn10227_c0,0.0,0.0
rxn05336_c0,-6.985479220814471e-30,0.0
rxn09210_c0,0.0,0.0
rxn01484_c0,-5.990013982021651,0.0
rxn06022_c0,0.0,0.0
rxn01124_c0,0.0,5.990013982022219
rxn00285_c0,0.0,0.0
rxn00182_c0,-1000.0,1000.0
rxn01416_c0,0.0,0.0
rxn01642_c0,0.0,0.0
rxn00132_c0,0.0,981.8166153727916
rxn01045_c0,-1000.0,1000.0
rxn08044_c0,-1.998001998001996,0.0
rxn08893_c0,0.0,0.0
rxn06864_c0,0.0,0.0
rxn00712_c0,0.0,1000.0
rxn08615_c0,0.0,0.0
rxn08815_c0,0.0,0.0
rxn00126_c0,0.0,0.0
rxn01518_c0,0.0,1000.0
rxn07980_c0,0.0,0.0
rxn01015_c0,-990.049830449,9.982025966041988
rxn12844_c0,-1.998001998001996,0.0
rxn08798_c0,0.0,0.0
rxn05034_c0,0.0,0.0
rxn08119_c0,0.0,0.0
rxn08306_c0,0.0,0.0
rxn08821_c0,0.0,0.0
rxn00206_c0,0.0,0.0
rxn05381_c0,0.0,0.0
rxn01871_c0,0.0,0.0
rxn05340_c0,5.67803581374404e-28,0.0
rxn02143_c0,0.0,0.0
rxn00405_c0,0.0,0.0
rxn04704_c0,0.0,0.0
rxn00299_c0,0.0,12.016028032044082
rxn08546_c0,0.0,0.0
rxn05735_c0,0.0,0.0
rxn00904_c0,-1000.0,1000.0
rxn02484_c0,0.0,0.0
rxn05671_c0,0.0,1.9980019980018824
rxn01133_c0,0.0,0.0
rxn12639_c0,-1.998001998001996,0.0
rxn03159_c0,0.0,0.0
rxn01000_c0,0.0,7.9920159840237215
rxn00647_c0,0.0,1.998001998001996
rxn08120_c0,0.0,0.0
rxn00363_c0,0.0,1000.0
rxn08128_c0,0.0,0.0
rxn01281_c0,-1000.0,1000.0
rxn01670_c0,0.0,0.0
rxn12643_c0,0.0,0.0
rxn01706_c0,-1000.0,1000.0
rxn01300_c0,0.0,994.017962065898
rxn00601_c0,0.0,-5.3451543731244725e-27
rxn00411_c0,0.0,1000.0
rxn00321_c0,0.0,0.0
rxn00786_c0,-1000.0,998.0019980019981
rxn05217_c0,-996.0883104565921,998.0019980019979
rxn00366_c0,0.0,1000.0
rxn03908_c0,0.0,4.000004000003999
rxn09197_c0,0.0,0.0
rxn01100_c0,-998.0019980019981,1000.0
rxn00838_c0,0.0,998.0019980019982
rxn00102_c0,-6.006014014021957,0.0
rxn00831_c0,0.0,980.3333585335132
rxn00748_c0,0.0,1000.0
rxn01352_c0,0.0,0.0
rxn12634_c0,-1.998001998001996,0.0
rxn00883_c0,0.0,0.0
rxn01457_c0,0.0,0.0
rxn01255_c0,0.0,472.09678842266857
rxn05406_c0,0.0,0.0
rxn05296_c0,0.0,0.0
rxn05251_c0,0.0,0.0
rxn00214_c0,-992.0319121916403,1000.0
rxn01211_c0,0.0,0.0
rxn05496_c0,-1000.0,1000.0
rxn00527_c0,-5.990013982021992,0.0
rxn00095_c0,0.0,0.0
rxn05322_c0,0.0,-1.1075313421739396e-12
rxn00792_c0,0.0,0.0
rxn08804_c0,0.0,0.0
rxn01316_c0,0.0,0.0
rxn00966_c0,0.0,0.0
rxn08442_c0,0.0,0.0
rxn01917_c0,0.0,0.0
rxn10236_c0,0.0,0.0
rxn08527_c0,0.0,0.0
rxn03253_c0,0.0,0.0
rxn01509_c0,0.0,-2.2111057012243486e-13
rxn02011_c0,0.0,0.0
rxn00173_c0,0.0,0.0
rxn08528_c0,0.0,0.0
rxn01145_c0,0.0,998.0019980019979
rxn07978_c0,0.0,0.0
rxn09176_c0,-1000.0,1000.0
rxn09205_c0,0.0,0.0
rxn03269_c0,0.0,0.0
rxn09201_c0,0.0,0.0
rxn01669_c0,-212.32961895260257,934.9985275289808
rxn05202_c0,-999.4995323144096,997.9740061427182
rxn00508_c0,0.0,0.0
rxn01896_c0,0.0,0.0
rxn08352_c0,0.0,0.0
rxn09106_c0,0.0,0.0
rxn00187_c0,0.0,1000.0
rxn00728_c0,-1.998001998001996,0.0
rxn08850_c0,0.0,0.0
rxn00500_c0,-1000.0,1000.0
rxn05734_c0,0.0,1.9980019980018824
rxn00772_c0,0.0,1000.0
rxn09103_c0,0.0,0.0
rxn08812_c0,0.0,0.0
rxn05682_c0,0.0,1.9980019980018824
rxn00006_c0,-988.0042004672721,0.0
rxn02503_c0,0.0,0.0
rxn05338_c0,0.0,0.0
rxn03135_c0,-8.000008000007792,0.0
rxn10265_c0,0.0,0.0
rxn08310_c0,0.0,0.0
rxn00915_c0,-982.2958869947349,0.0
rxn02853_c0,0.0,0.0
rxn01515_c0,0.0,998.0019980019977
rxn10224_c0,0.0,0.0
rxn05337_c0,0.0,0.0
rxn01477_c0,0.0,996.0079880159805
rxn01653_c0,0.0,0.0
rxn00474_c0,0.0,0.0
rxn03147_c0,0.0,0.0
rxn08073_c0,0.0,0.0
rxn03843_c0,0.0,0.0
rxn01123_c0,0.0,992.0319121916409
rxn08557_c0,0.0,0.0
rxn01802_c0,0.0,0.0
rxn02317_c0,0.0,0.0
rxn01116_c0,-1000.0,1000.0
rxn02811_c0,0.0,0.0
rxn03062_c0,0.0,0.0
rxn00236_c0,0.0,998.0019980019982
rxn10258_c0,0.0,0.0
rxn08847_c0,0.0,0.0
rxn00868_c0,0.0,0.0
rxn00670_c0,0.0,0.0
rxn00863_c0,0.0,7.9204065639982995
rxn09113_c0,0.0,1.9980019980021098
rxn00711_c0,-988.8978034122134,0.0
rxn08299_c0,0.0,0.0
rxn02402_c0,-218.00145157523943,2.7509445817520477e-16
rxn05465_c0,1.6407274570889429e-12,9.311744910187473e-32
rxn12845_c0,-1.998001998001996,0.0
rxn08820_c0,-1.9980019979932422,0.0
rxn05148_c0,0.0,4.000004000004001
rxn05494_c0,-998.0019980019978,998.0019980019981
rxn03976_c0,-1.0717426032241509e-13,0.0
rxn05347_c0,0.0,0.0
rxn06077_c0,0.0,0.0
rxn00145_c0,0.0,1000.0
rxn08126_c0,-3.8161976839378745e-11,0.0
rxn03407_c0,0.0,0.0
rxn08547_c0,0.0,0.0
rxn01303_c0,0.0,0.0
rxn00113_c0,0.0,4.008012016020326
rxn00137_c0,-1.156427706200135e-18,0.0
rxn00745_c0,-1.9980019980018824,998.0019980019981
rxn06023_c0,0.0,0.0
rxn05566_c0,-992.0158158708393,998.0019980019981
rxn00611_c0,-1000.0,1000.0
rxn07435_c0,0.0,0.0
rxn01678_c0,-1000.0,1000.0
rxn02286_c0,0.0,0.0
rxn00872_c0,0.0,0.0
rxn00832_c0,2.574067655248871e-16,1.998001998001996
rxn00360_c0,0.0,998.0019980019983
rxn01106_c0,-1000.0,998.0019980019986
rxn12640_c0,-1.998001998001996,0.0
rxn00977_c0,0.0,0.0
rxn00931_c0,-1000.0,1000.0
rxn00066_c0,0.0,1000.0
rxn01188_c0,0.0,0.0
rxn09450_c0,0.0,-3.3982044803792965e-33
rxn04938_c0,-1000.0,998.0019980019973
rxn05527_c0,-998.0019980019981,998.0019980019988
rxn05115_c0,0.0,2.7001672636058617e-17
rxn00412_c0,0.0,1000.0
rxn01573_c0,-1000.0,1000.0
rxn00650_c0,-3.7071790910298364e-11,1000.0
rxn03167_c0,0.0,4.000004000003946
rxn00640_c0,0.0,0.0
rxn01103_c0,0.0,1000.0
rxn01313_c0,0.0,3.269401895739622e-27
rxn00515_c0,-1000.0,1000.0
rxn08846_c0,0.0,0.0
rxn03005_c0,-6.53985361563303e-15,-8.868120989577266e-12
rxn03437_c0,0.0,8.000008000008192
rxn01353_c0,0.0,8.798927329545884e-09
rxn10235_c0,0.0,0.0
rxn12633_c0,-1.9980019980021098,0.0
rxn00882_c0,0.0,0.0
rxn03244_c0,0.0,3.362213185179764e-16
rxn04139_c0,0.0,0.0
rxn00616_c0,7.780166458712249e-14,-3.845997333997032e-11
rxn01639_c0,0.0,0.0
rxn06723_c0,1.018901252149953e-26,0.0
rxn00313_c0,0.0,0.0
rxn02949_c0,3.558035324797054e-13,0.0
rxn00735_c0,0.0,1.998001998001996
rxn00775_c0,0.0,0.0
rxn02680_c0,1.5495415641320688e-13,0.0
rxn00804_c0,-998.0019980019415,1000.0
rxn00547_c0,0.0,0.0
rxn04750_c0,0.0,0.0
rxn05619_c0,0.0,0.0
rxn08020_c0,-2.915797210914844e-14,0.0
rxn05325_c0,-2.9432663901669076e-14,0.0
rxn11040_c0,0.0,996.0079880159803
rxn08441_c0,0.0,-1.2602961529119905e-13
rxn08803_c0,-2.963867132625937e-14,0.0
rxn01053_c0,-5.990013982021992,0.0
rxn07879_c0,0.0,0.0
rxn02312_c0,-8.86945133221797e-34,0.0
rxn03422_c0,0.0,0.0
rxn02895_c0,0.0,-1.3541913959040335e-11
rxn02934_c0,0.0,-6.234289097521175e-16
rxn08089_c0,0.0,0.0
rxn00189_c0,0.0,1000.0
rxn10269_c0,0.0,0.0
rxn02508_c0,0.0,5.998005998005624
rxn00543_c0,-1000.0,996.00798801598
rxn05402_c0,0.0,0.0
rxn00420_c0,0.0,996.0079880159798
rxn09657_c0,0.0,1.998001998001996
rxn10253_c0,0.0,0.0
rxn10207_c0,0.0,0.0
rxn10221_c0,0.0,0.0
rxn02792_c0,0.0,0.0
rxn14334_c0,0.0,0.0
rxn07979_c0,0.0,0.0
rxn00993_c0,-458.81693719888466,5.990013982021992
rxn10266_c0,0.0,0.0
rxn02804_c0,0.0,0.0
rxn05005_c0,0.0,-9.860468283394888e-15
rxn10203_c0,0.0,-1.4066362358497471e-30
rxn02939_c0,0.0,9.974049918121523
rxn00048_c0,0.0,0.0
rxn00853_c0,0.0,0.0
rxn05231_c0,0.0,0.0
rxn09200_c0,0.0,0.0
rxn00283_c0,-996.0079880159799,1000.0
rxn05373_c0,0.0,0.0
rxn00726_c0,0.0,12.016028032043666
rxn00184_c0,-1000.0,1000.0
rxn00379_c0,-996.0079880159774,5.990013982017217
rxn08851_c0,0.0,0.0
rxn05330_c0,0.0,0.0
rxn02155_c0,0.0,946.9495209228191
rxn02866_c0,0.0,0.0
rxn00304_c0,0.0,998.0019980019982
rxn09102_c0,0.0,0.0
rxn08552_c0,0.0,0.0
rxn02475_c0,0.0,4.000004000004002
rxn05339_c0,0.0,0.0
rxn05460_c0,0.0,0.0
rxn09039_c0,0.0,0.0
rxn05484_c0,-1000.0,998.0019980019978
rxn03108_c0,0.0,0.0
rxn10313_c0,0.0,0.0
rxn00675_c0,0.0,0.0
rxn01018_c0,0.0,4.000004000003751
rxn00714_c0,0.0,0.0
rxn08813_c0,0.0,0.0
rxn05683_c0,0.0,1.998001998001996
rxn05602_c0,-998.0019980019981,998.0019980019979
rxn03990_c0,0.0,498.2528715662386
rxn08793_c0,0.0,0.0
rxn00947_c0,0.0,3.215768767781585e-11
rxn03247_c0,0.0,4.4529557333602616e-15
rxn10210_c0,0.0,0.0
rxn00278_c0,-1000.0,1000.0
rxn01476_c0,0.0,998.0019980019981
rxn00205_c0,0.0,1000.0
rxn03146_c0,0.0,0.0
rxn03893_c0,0.0,0.0
rxn02789_c0,0.0,1.07915105154473e-11
rxn01370_c0,0.0,0.0
rxn00988_c0,0.0,5.578065004903665e-12
rxn00410_c0,0.0,1000.0
rxn01333_c0,-1000.0,729.1303068202158
rxn10257_c0,0.0,0.0
rxn06586_c0,0.0,0.0
rxn12510_c0,0.0,0.0
rxn00116_c0,0.0,1000.0
rxn03933_c0,0.0,0.0
rxn05342_c0,0.0,0.0
rxn00407_c0,0.0,1000.0
rxn00414_c0,0.0,4.008012016019775
rxn08123_c0,0.0,0.0
rxn09110_c0,0.0,0.0
rxn00159_c0,0.0,1000.0
rxn05349_c0,0.0,0.0
rxn00303_c0,0.0,998.0019980019977
rxn00799_c0,-1000.0,998.0019980019973
rxn07439_c0,0.0,0.0
rxn01073_c0,0.0,0.0
rxn02405_c0,0.0,0.0
rxn00011_c0,1.0432236305688328e-10,0.0
rxn07430_c0,0.0,0.0
rxn02200_c0,0.0,0.0
rxn01069_c0,0.0,992.0319121916403
rxn05528_c0,0.0,998.001998001998
rxn00791_c0,-8.000008000007824,0.0
rxn00065_c0,0.0,1000.0
rxn00365_c0,0.0,1000.0
rxn08783_c0,0.0,0.0
rxn01827_c0,0.0,461.57811499231957
rxn01672_c0,0.0,1.3981486596599258e-16
rxn05312_c0,-1000.0,0.0
rxn08975_c0,0.0,0.0
rxn00105_c0,0.0,1000.0
rxn03243_c0,0.0,0.0
rxn03446_c0,0.0,0.0
rxn01302_c0,-1000.0,998.0019980019986
rxn05215_c0,-1000.0,1000.0
rxn01122_c0,0.0,0.0
rxn05029_c0,0.0,-5.961859685701451e-19
rxn00368_c0,0.0,1000.0
rxn00328_c0,-1.998001998001996,0.0
rxn02285_c0,0.0,0.0
rxn02303_c0,0.0,0.0
rxn05315_c0,-1.998001998001996,998.001998001998
rxn05394_c0,0.0,0.0
rxn00227_c0,0.0,998.001998001998
rxn03047_c0,0.0,0.0
rxn02889_c0,1.310047148975664e-13,0.0
rxn00559_c0,-5.990013982021878,0.0
rxn08848_c0,0.0,5.467904153175349e-60
rxn05294_c0,0.0,0.0
rxn00691_c0,0.0,0.0
rxn08840_c0,0.0,0.0
rxn00290_c0,0.0,-1.949650884132637e-11
rxn03907_c0,0.0,4.00801201602004
rxn01987_c0,0.0,0.0
rxn02834_c0,0.0,15.976039952062719
rxn00459_c0,-1000.0,998.0019980019982
rxn02085_c0,-1.998001998001996,0.0
rxn00770_c0,5.001202438113501e-14,1000.0
rxn05153_c0,0.0,1000.0
rxn01314_c0,0.0,0.0
rxn08806_c0,0.0,0.0
rxn00076_c0,0.0,1000.0
rxn14040_c0,0.0,0.0
rxn05209_c0,-1000.0,1000.0
rxn06377_c0,0.0,0.0
rxn12822_c0,0.0,0.0
rxn10234_c0,0.0,0.0
rxn08444_c0,0.0,0.0
rxn00175_c0,0.0,0.0
rxn05579_c0,-992.0319121916408,1.998001998001655
rxn10163_c0,0.0,9.98202596604176
rxn01143_c0,0.0,1000.0
rxn05618_c0,0.0,0.0
rxn00260_c0,-1000.0,996.00798801598
rxn05204_c0,-740.9583203357012,998.0019980019986
rxn02803_c0,0.0,0.0
rxn00461_c0,0.0,0.0
rxn00817_c0,-1.9980019980017687,0.0
rxn00669_c0,0.0,0.0
rxn05247_c0,0.0,0.0
rxn03136_c0,-1.998001998001996,0.0
rxn10229_c0,0.0,0.0
rxn05287_c0,0.0,0.0
rxn01387_c0,0.0,0.0
rxn00818_c0,0.0,0.0
rxn09101_c0,0.0,0.0
rxn02937_c0,0.0,0.0
rxn00540_c0,0.0,1.998001998001996
rxn08810_c0,0.0,0.0
rxn01652_c0,0.0,0.0
rxn00350_c0,-27.926179662586947,994.0179620658984
rxn03137_c0,0.0,1.864756803117333e-26
rxn01115_c0,0.0,996.0079880159733
rxn05462_c0,0.0,0.0
rxn08818_c0,-1.9980019980017687,0.0
rxn00992_c0,-1000.0,996.0079880159814
rxn10267_c0,0.0,0.0
rxn01128_c0,0.0,0.0
rxn05239_c0,0.0,0.0
rxn08312_c0,0.0,0.0
rxn00952_c0,0.0,-2.03887424651295e-29
rxn00161_c0,0.0,1000.0
rxn01961_c0,0.0,970.333266666738
rxn01517_c0,2.072665917971095e-15,13.974037950062097
rxn00371_c0,0.0,1000.0
rxn10226_c0,0.0,0.0
rxn08040_c0,0.0,0.0
rxn02021_c0,0.0,0.0
rxn09211_c0,0.0,0.0
rxn03141_c0,0.0,0.0
rxn05006_c0,0.0,5.62807479994643e-13
rxn09234_c0,0.0,0.0
rxn01299_c0,-998.0019980019985,1000.0
rxn05331_c0,0.0,0.0
rxn01800_c0,0.0,19.944123792323555
rxn00533_c0,0.0,0.0
rxn08309_c0,0.0,0.0
rxn02476_c0,-3.198510434384142e-14,473.0419271382293
rxn01512_c0,0.0,1000.0
rxn03841_c0,1.0368623309329342e-18,0.0
rxn04954_c0,5.168052220478027e-16,0.0
rxn06865_c0,0.0,0.0
rxn05517_c0,-1000.0,0.0
rxn03249_c0,0.0,0.0
rxn04113_c0,0.0,0.0
rxn00676_c0,0.0,0.0
rxn00713_c0,0.0,998.0019980019983
rxn01257_c0,0.0,1.998001998001996
rxn09272_c0,0.0,0.0
rxn00943_c0,0.0,0.0
rxn00903_c0,-1000.0,1000.0
rxn00980_c0,0.0,0.0
rxn00056_c0,0.0,0.0
rxn00016_c0,0.0,0.0
rxn03991_c0,0.0,498.2528715662143
rxn02213_c0,0.0,476.4064379675673
rxn03892_c0,0.0,0.0
rxn00086_c0,-998.0019980019979,1.9980019980021098
rxn04989_c0,0.0,0.0
rxn08668_c0,-1.9980019980017687,0.0
rxn01127_c0,0.0,0.0
rxn05226_c0,0.0,998.0019980019981
rxn08548_c0,0.0,0.0
rxn00615_c0,0.0,996.0079880159805
rxn00569_c0,-993.0244408644306,0.0
rxn05341_c0,-7.869442915742458e-14,-6.841586095296976e-32
rxn03393_c0,0.0,0.0
rxn08124_c0,0.0,0.0
rxn10206_c0,0.0,0.0
rxn00083_c0,0.0,1000.0
rxn00291_c0,-1.998001998001996,0.0
rxn07438_c0,0.0,0.0
rxn00743_c0,0.0,1000.0
rxn10202_c0,0.0,0.0
rxn01775_c0,0.0,0.0
rxn03236_c0,0.0,0.0
rxn00874_c0,-1.7288384354267344e-12,0.0
rxn00834_c0,0.0,972.2759308315723
rxn00782_c0,-1000.0,0.0
rxn00362_c0,-996.0079880159805,1000.0
rxn00704_c0,-1000.0,1000.0
rxn08703_c0,1.1362635616694685e-11,0.0
rxn01459_c0,0.0,0.0
rxn05252_c0,0.0,0.0
rxn00241_c0,0.0,998.0019980019981
rxn12642_c0,-1.9980019980018824,0.0
rxn05313_c0,0.0,1000.0
rxn01332_c0,9.19093870470002e-17,478.3158806954503
rxn01510_c0,0.0,6.531422207760783e-14
rxn00785_c0,-498.0029980009985,651.1294456317462
rxn00693_c0,0.0,0.0
rxn01351_c0,0.0,0.0
rxn03909_c0,0.0,8.008016016024182
rxn01101_c0,0.0,1000.0
rxn00355_c0,0.0,11.992019984027845
rxn03084_c0,0.0,0.0
rxn00513_c0,0.0,1000.0
rxn10233_c0,0.0,0.0
rxn06600_c0,0.0,0.0
rxn03439_c0,0.0,0.0
rxn00216_c0,-1000.0,1000.0
rxn08808_c0,0.0,0.0
rxn00558_c0,-1000.0,1000.0
rxn12635_c0,0.0,0.0
rxn05297_c0,-1000.0,1000.0
rxn00194_c0,0.0,0.0
rxn00806_c0,-998.0019980019989,1000.0
rxn05328_c0,-9.28967556345126e-15,0.0
rxn05361_c0,0.0,0.0
rxn01851_c0,0.0,0.0
rxn00507_c0,0.0,1000.0
rxn09449_c0,0.0,1.130631111952729e-12
rxn05323_c0,0.0,0.0
rxn08805_c0,0.0,0.0
rxn01507_c0,0.0,0.0
rxn01790_c0,0.0,4.558854321882159e-15
rxn05651_c0,-998.001998001998,9.998009998048815
rxn00077_c0,-996.0079880159808,88.32437896825479
rxn01388_c0,-3.5907520057558806e-11,0.0
rxn03638_c0,0.0,0.0
rxn10309_c0,0.0,0.0
rxn05249_c0,0.0,2.7966091594226194e-14
rxn02056_c0,0.0,0.0
rxn01068_c0,-3.970686168801541e-11,932.5843552997072
rxn02277_c0,0.0,3.680433966582849e-30
rxn03504_c0,0.0,0.0
rxn10223_c0,0.0,0.0
rxn02596_c0,0.0,0.0
rxn00991_c0,-1.5788612783385556e-13,0.0
rxn10260_c0,0.0,0.0
rxn03242_c0,0.0,-4.1422826890994583e-16
rxn01924_c0,0.0,0.0
rxn01368_c0,0.0,1000.0
rxn00851_c0,0.0,0.0
rxn01480_c0,5.5883721260989975e-12,-1.561346080333338e-16
rxn00301_c0,0.0,996.0079880159728
rxn09199_c0,0.0,0.0
rxn05233_c0,0.0,1.0415464511306252e-13
rxn09109_c0,0.0,0.0
rxn00141_c0,6.473216615666985e-11,0.0
rxn02003_c0,-1.998001998001996,0.0
rxn01200_c0,-731.2557646015786,499.99900000099944
rxn00377_c0,-13.966061902141405,0.0
rxn08558_c0,0.0,0.0
rxn01241_c0,3.221180365986585e-14,1.2893864135289747e-27
rxn05332_c0,0.0,0.0
rxn00438_c0,0.0,0.0
rxn00288_c0,0.0,0.0
rxn00763_c0,0.0,996.00798801598
rxn08550_c0,0.0,0.0
rxn00819_c0,-1.998001998001996,0.0
rxn00007_c0,-1.9980019980022234,0.0
rxn08811_c0,0.0,0.0
rxn02473_c0,0.0,7.984023968039918
rxn01275_c0,0.0,0.0
rxn00577_c0,0.0,0.0
rxn10315_c0,0.0,0.0
rxn01434_c0,0.0,0.0
rxn00912_c0,0.0,-1.9961958785396429e-13
rxn09069_c0,0.0,0.0
rxn08819_c0,0.0,0.0
rxn02345_c0,0.0,0.0
rxn08898_c0,0.0,0.0
rxn00122_c0,0.0,0.0
rxn06076_c0,0.0,0.0
rxn08890_c0,0.0,0.0
rxn08294_c0,0.0,0.0
rxn05179_c0,0.0,8.000008000007906
rxn10259_c0,0.0,0.0
rxn01602_c0,0.0,0.0
rxn03068_c0,0.0,0.0
rxn01761_c0,0.0,0.0
rxn03061_c0,0.0,1.9980019980018824
rxn02927_c0,0.0,0.0
rxn05344_c0,0.0,0.0
rxn03241_c0,0.0,4.349634548347884e-25
rxn01521_c0,0.0,998.001998001998
rxn12636_c0,0.0,0.0
rxn03394_c0,0.0,0.0
rxn01832_c0,0.0,1.9980019980018824
rxn09012_c0,0.0,0.0
rxn02276_c0,-1.9980019980017687,459.73548962570896
rxn00338_c0,0.0,218.8752040124888
rxn02373_c0,-998.0019980019978,0.0
rxn01893_c0,0.0,0.0
rxn03839_c0,0.0,0.0
rxn00085_c0,-998.0019980019982,1000.0
rxn00119_c0,-992.031912191641,1000.0
rxn02529_c0,0.0,0.0
rxn00709_c0,0.0,1000.0
rxn07432_c0,0.0,-1.4803843201804204e-14
rxn08667_c0,-1.998001998001996,0.0
rxn00063_c0,0.0,1000.0
rxn04453_c0,0.0,0.0
rxn01285_c0,0.0,0.0
rxn08549_c0,0.0,0.0
rxn01466_c0,0.0,0.0
rxn05187_c0,0.0,0.0
rxn01304_c0,0.0,2.1801487564872283e-11
rxn03409_c0,0.0,0.0
rxn01674_c0,0.0,-1.9055509023760894e-11
rxn00974_c0,0.0,3.6753148304352883e-11
rxn02008_c0,0.0,0.0
rxn05740_c0,0.0,0.0
rxn09203_c0,0.0,0.0
rxn03904_c0,0.0,0.0
rxn01225_c0,0.0,998.001998001998
rxn01679_c0,-1000.0,1000.0
rxn01171_c0,0.0,1.9980019980018824
rxn02288_c0,0.0,0.0
rxn10199_c0,0.0,0.0
rxn00409_c0,-994.0179620658985,1000.0
rxn08015_c0,0.0,0.0
rxn08842_c0,0.0,0.0
rxn05295_c0,0.0,0.0
rxn00840_c0,0.0,0.0
rxn02128_c0,0.0,0.0
rxn02518_c0,0.0,0.0
rxn03901_c0,0.0,0.0
rxn00808_c0,0.0,1000.0
rxn10052_c0,-987.9482756571693,1000.0
rxn00946_c0,0.0,-6.09144919461725e-12
rxn02517_c0,0.0,0.0
rxn05326_c0,0.0,-7.505510249863855e-28
rxn05197_c0,0.0,990.8958053496254
rxn05114_c0,0.0,0.0
rxn00653_c0,0.0,0.0
rxn03164_c0,0.0,0.0
rxn03251_c0,0.0,0.0
rxn00929_c0,-1000.0,1000.0
rxn08800_c0,0.0,0.0
rxn02166_c0,0.0,0.0
rxn00342_c0,0.0,998.001998001998
rxn00256_c0,-4.406481636842921e-11,0.0
rxn08335_c0,0.0,0.0
rxn03004_c0,9.863235255928316e-28,0.0
rxn10232_c0,0.0,0.0
rxn00138_c0,0.0,945.0575138880085
rxn08942_c0,0.0,0.0
rxn06729_c0,0.0,0.0
rxn07977_c0,0.0,0.0
rxn05168_c0,0.0,12.000012000011985
rxn02167_c0,0.0,0.0
rxn01858_c0,0.0,0.0
rxn01621_c0,-1.9980019979844883,0.0
rxn10770_c0,0.0,996.0079880159792
rxn00231_c0,0.0,0.0
rxn10161_c0,0.0,25.93412180628161
rxn02297_c0,0.0,0.0
rxn00504_c0,-996.0079880159801,1000.0
rxn08021_c0,0.0,0.0
rxn01485_c0,-1.998001998001996,0.0
rxn09104_c0,0.0,0.0
rxn05206_c0,-1000.0,0.0
rxn03031_c0,0.0,0.0
rxn09207_c0,0.0,0.0
rxn09296_c0,0.0,0.0
rxn00239_c0,0.0,1000.0
rxn00441_c0,0.0,4.630054845592852e-13
rxn00302_c0,0.0,19.984035968051614
rxn03250_c0,0.0,2.0873869505136902e-13
rxn02465_c0,0.0,0.0
rxn02222_c0,0.0,0.0
rxn02093_c0,0.0,0.0
rxn03130_c0,0.0,-5.807831758578163e-17
rxn01791_c0,0.0,0.0
rxn01710_c0,0.0,0.0
rxn00183_c0,0.0,996.0079880159795
rxn00623_c0,0.0,0.0
rxn09107_c0,0.0,0.0
rxn10308_c0,0.0,0.0
rxn06526_c0,0.0,0.0
rxn01757_c0,0.0,0.0
rxn01329_c0,0.0,1.9980019980018824
rxn00950_c0,0.0,0.0
rxn00002_c0,0.0,0.0
rxn02507_c0,0.0,4.0000040000038135
rxn10268_c0,0.0,0.0
rxn08043_c0,0.0,15.976039952064223
rxn01029_c0,0.0,0.0
rxn08131_c0,0.0,0.0
rxn10220_c0,0.0,0.0
rxn10261_c0,0.0,0.0
rxn08076_c0,0.0,0.0
rxn14333_c0,0.0,0.0
rxn01964_c0,0.0,5.609703405930356e-18
rxn08816_c0,0.0,0.0
rxn02341_c0,0.0,-1.4095647104712737e-31
rxn01137_c0,0.0,979.8549438136045
rxn03182_c0,0.0,0.0
rxn01343_c0,0.0,1000.0
rxn01394_c0,0.0,0.0
rxn01080_c0,0.0,0.0
rxn10255_c0,0.0,0.0
rxn08797_c0,-1.9980019980024508,0.0
rxn00478_c0,0.0,0.0
rxn09108_c0,0.0,0.0
rxn00224_c0,-1.9980019980022234,0.0
rxn01513_c0,0.0,1000.0
rxn05333_c0,1.545485383916141e-13,0.0
rxn06510_c0,0.0,0.0
rxn02186_c0,0.0,0.0
rxn08307_c0,0.0,0.0
rxn00209_c0,0.0,0.0
rxn01274_c0,0.0,998.0019980019981
rxn02474_c0,-1.998001998001655,0.0
rxn03246_c0,0.0,0.0
rxn02144_c0,0.0,0.0
rxn00604_c0,0.0,1000.0
rxn12645_c0,-1.9980019980018824,0.0
rxn00274_c0,0.0,0.0
rxn10312_c0,0.0,0.0
rxn00674_c0,0.0,0.0
rxn02929_c0,-9.98202596604176,1.9980019979956296
rxn00104_c0,-985.9743530284859,1000.0
rxn00715_c0,-1000.0,1000.0
rxn01019_c0,0.0,0.0
rxn06335_c0,0.0,0.0
rxn08849_c0,0.0,0.0
rxn09448_c0,0.0,0.0
rxn00525_c0,0.0,0.0
rxn09208_c0,0.0,2.8979111784096036e-30
rxn09014_c0,0.0,996.0079880159802
rxn08295_c0,0.0,0.0
rxn02914_c0,-998.001998001998,0.0
rxn01603_c0,0.0,0.0
rxn02788_c0,0.0,0.0
rxn00686_c0,0.0,0.0
rxn09112_c0,0.0,0.0
rxn09232_c0,0.0,0.0
rxn06075_c0,0.0,0.0
rxn00689_c0,0.0,0.0
rxn08129_c0,0.0,0.0
rxn01286_c0,0.0,994.0179620658984
rxn05289_c0,0.0,0.0
rxn01973_c0,0.0,0.0
rxn00117_c0,-994.0179620659185,1000.0
rxn05343_c0,0.0,0.0
rxn01520_c0,0.0,0.0
rxn03395_c0,0.0,0.0
rxn00330_c0,1.2767799058522245e-13,0.0
rxn05736_c0,0.0,0.0
rxn03445_c0,-5.990013982021992,0.0
rxn11663_c0,0.0,0.0
rxn01226_c0,8.717043717506428e-15,1000.0
rxn00493_c0,-5.990013982021878,0.0
rxn08298_c0,0.0,0.0
rxn01834_c0,-1000.0,0.0
rxn00293_c0,0.0,0.0
rxn05491_c0,0.0,998.0019980019978
rxn00701_c0,-1000.0,994.017962065899
rxn00367_c0,0.0,1000.0
rxn14011_c0,0.0,0.0
rxn00839_c0,0.0,0.0
rxn03838_c0,0.0,0.0
rxn21857_c0,-1.298273150824332e-31,0.0
rxn16573_c0,0.0,0.0
rxn14159_c0,0.0,0.0
rxn45996_c0,0.0,0.0
rxn27289_c0,0.0,0.0
rxn42230_c0,0.0,0.0
rxn07455_c0,-2.0284738796016223e-31,5.224547693179546e-30
rxn26361_c0,0.0,0.0
rxn47768_c0,0.0,0.0
rxn21861_c0,0.0,0.0
rxn25839_c0,0.0,0.0
rxn23042_c0,0.0,0.0
rxn15021_c0,0.0,0.0
rxn00154_c0,0.0,0.0
rxn01084_c0,-1.998001998001996,1.9980019980134784
rxn15395_c0,0.0,0.0
rxn15249_c0,-998.0019980019985,996.0079880159799
rxn05121_c0,0.0,0.0
rxn39978_c0,0.0,0.0
rxn39979_c0,0.0,0.0
rxn14427_c0,0.0,995.0124777830804
rxn14422_c0,0.0,0.0
rxn14419_c0,0.0,0.0
rxn14426_c0,0.0,0.0
rxn08070_c0,0.0,4.000004000003841
rxn08098_c0,0.0,0.0
rxn08213_c0,0.0,998.001998001998
rxn09295_c0,0.0,1000.0
rxn08192_c0,0.0,4.000004000004182
rxn08173_c0,-1000.0,1000.0
rxn08734_c0,0.0,0.0
rxn09003_c0,0.0,0.0
rxn14412_c0,0.0,0.0
rxn14418_c0,0.0,0.0
rxn14421_c0,0.0,0.0
rxn14425_c0,0.0,0.0
rxn14420_c0,0.0,0.0
rxn09001_c0,0.0,0.0
rxn14415_c0,-331.6708259276934,666.6666666666665
rxn26307_c0,0.0,0.0
rxn23043_c0,0.0,0.0
rxn41896_c0,0.0,0.0
rxn21729_c0,0.0,0.0
rxn21862_c0,0.0,0.0
rxn39452_c0,-1000.0,1000.0
rxn16583_c0,0.0,0.0
rxn44539_c0,0.0,0.0
rxn16609_c0,0.0,-6.342205247685245e-15
rxn15949_c0,0.0,0.0
rxn15337_c0,0.0,0.0
rxn10506_c0,0.0,0.0
rxn15338_c0,0.0,0.0
rxn41452_c0,0.0,-2.530926810852284e-13
rxn21864_c0,0.0,0.0
rxn39451_c0,-1000.0,1000.0
rxn21858_c0,0.0,0.0
rxn46694_c0,0.0,0.0
rxn40439_c0,0.0,0.0
rxn24830_c0,0.0,0.0
rxn42709_c0,0.0,0.0
rxn24134_c0,0.0,0.0
rxn26021_c0,0.0,0.0
rxn41683_c0,0.0,0.0
rxn07436_c0,-1.998001998001996,0.0
rxn16826_c0,0.0,0.0
rxn16794_c0,0.0,0.0
rxn16776_c0,0.0,0.0
rxn16829_c0,0.0,0.0
rxn03396_c0,0.0,0.0
rxn15296_c0,0.0,0.0
rxn15293_c0,0.0,0.0
rxn15121_c0,-1000.0,994.0179620658985
rxn13741_c0,0.0,0.0
rxn08262_c0,0.0,1.9980019980018824
rxn17275_c0,0.0,0.0
rxn09037_c0,0.0,0.0
rxn43581_c0,0.0,0.0
rxn08661_c0,-5.978045922111431,45.89418172638125
rxn02497_c0,0.0,0.0
rxn08715_c0,0.0,0.0
rxn23336_c0,0.0,0.0
rxn23850_c0,0.0,1000.0
rxn40368_c0,-998.001998001998,996.0079880159795
rxn15230_c0,-996.0079880159805,998.0019980019981
rxn20583_c0,-994.0179620658981,1000.0
rxn15467_c0,0.0,0.0
rxn27318_c0,0.0,0.0
rxn16824_c0,0.0,4.000004000004
rxn39964_c0,0.0,4.008012016019849
rxn16806_c0,0.0,6.006014014021957
rxn14061_c0,0.0,0.0
rxn13957_c0,0.0,0.0
rxn09304_c0,0.0,990.0498304490004
rxn08722_c0,0.0,994.0179620658981
rxn08062_c0,-1000.0,1000.0
rxn21863_c0,0.0,0.0
rxn40037_c0,0.0,11.992019984028254
rxn21859_c0,0.0,0.0
rxn20643_c0,0.0,0.0
rxn15947_c0,0.0,0.0
rxn17731_c0,0.0,0.0
rxn21860_c0,0.0,1.2535513868062993e-16
rxn16149_c0,0.0,0.0
rxn05120_c0,0.0,0.0
rxn16828_c0,0.0,0.0
rxn15750_c0,-994.0179620658973,0.0
rxn26127_c0,0.0,0.0
rxn19704_c0,0.0,0.0
rxn41965_c0,0.0,498.2528715662157
rxn43657_c0,0.0,1000.0
rxn45692_c0,0.0,0.0
rxn05469_c0,-1000.0,998.0019980019981
rxn02374_c0,0.0,996.0079880159801
rxn05319_c0,-1000.0,998.0019980019982
rxn05730_c0,0.0,1.9980019980018824
rxn04457_c0,0.0,0.0
rxn05129_c0,0.0,0.0
rxn02916_c0,0.0,0.0
rxn05488_c0,-1000.0,1000.0
rxn03012_c0,0.0,0.0
rxn04132_c0,0.0,0.0
rxn05559_c0,-19.984035968049714,998.0019980019981
rxn05195_c0,0.0,0.0
rxn01208_c0,0.0,0.0
rxn02989_c0,0.0,0.0
rxn04791_c0,-1.9980019980015413,0.0
rxn00064_c0,1.7362264661216405e-14,1000.0
rxn05468_c0,0.0,998.001998001998
rxn04133_c0,0.0,0.0
rxn10570_c0,-1.5702190831954128e-31,1.9980019980018824
rxn02666_c0,-930.72104989451,0.0
rxn05467_c0,-1000.0,998.0019980019982
rxn24718_c0,0.0,0.0
rxn23589_c0,0.0,0.0
rxn08502_e0,-998.0019980019981,998.0019980019981
rxn08428_c0,-998.0019980019983,998.0019980019988
rxn08032_c0,-998.0019980019975,998.0259740819175
rxn09008_c0,-998.0019980019974,0.0
rxn08691_c0,-998.0019980019986,-1.6334349174372813e-14
rxn08350_c0,-1000.0,998.0019980019977
rxn08689_c0,-1.9980019980105226,0.0
rxn09260_c0,0.0,0.0
rxn09330_c0,-1.9980019980018824,0.0
rxn00062_c0,0.0,1000.0
bio1_biomass,0.0,0.0
EX_cpd00033_e0,-49.79848905559879,5.9661017744215314
EX_cpd03847_e0,-13.958085854424326,0.0
EX_cpd00067_e0,-1000.0,1000.0
EX_cpd00013_e0,-1000.0,998.0019980019981
EX_cpd00027_e0,-1000.0,-1.6178370532098763e-13
EX_cpd00268_e0,-5.990013982022106,0.0
EX_cpd00249_e0,-1000.0,998.0019980019997
EX_cpd00731_e0,-1.9980019980021098,0.0
EX_cpd00106_e0,-1000.0,998.0019980019978
EX_cpd00654_e0,-25.894289375159815,0.0
EX_cpd00035_e0,-1000.0,1000.0
EX_cpd01080_e0,-29.878309375099434,0.0
EX_cpd00036_e0,-17.934161678560827,0.0
EX_cpd00635_e0,-5.998005998005965,0.0
EX_cpd00531_e0,-1.998001998001996,0.0
EX_cpd00363_e0,-1000.0,996.0079880159805
EX_cpd00081_e0,-1.998001998001996,0.0
EX_cpd00540_e0,-5.990013982021878,990.0498304490003
EX_cpd00028_e0,-5.998005998006079,0.0
EX_cpd00239_e0,-5.990013982021765,1.0375316481467024e-13
EX_cpd00227_e0,-1.998001998001996,992.0319121916405
EX_cpd00322_e0,-9.99800999800982,0.0
EX_cpd00117_e0,-1000.0,996.0079880159799
EX_cpd00307_e0,-1000.0,996.0079880159797
EX_cpd00092_e0,-992.9119976071969,0.0
EX_cpd00048_e0,-14.014030030045433,0.0
EX_cpd00098_e0,-1000.0,6.872766924714253e-17
EX_cpd03726_e0,-1000.0,996.00798801598
EX_cpd00034_e0,-5.998005998005965,0.0
EX_cpd01012_e0,-5.990013982019946,0.0
EX_cpd00116_e0,-5.990013982021878,0.0
EX_cpd00244_e0,-1.9980019980018824,0.0
EX_cpd00029_e0,-25.910209598680808,1000.0
EX_cpd00142_e0,-1000.0,998.0019980019981
EX_cpd00184_e0,-25.862464800596513,-5.878370952118804e-14
EX_cpd00166_e0,-5.998005998005965,0.0
EX_cpd00128_e0,-1000.0,0.0
EX_cpd00063_e0,-5.990013982021765,0.0
EX_cpd00058_e0,-5.990013982023356,0.0
EX_cpd00041_e0,-1000.0,994.0981240221133
EX_cpd00071_e0,-1000.0,996.031916191652
EX_cpd00009_e0,-1000.0,-4.2710263988880505e-14
EX_cpd00205_e0,-13.966061902141632,0.0
EX_cpd00020_e0,-1000.0,998.0019980019986
EX_cpd00246_e0,-1000.0,998.0019980019981
EX_cpd00221_e0,-1000.0,998.001998001998
EX_cpd00100_e0,-1000.0,0.0
EX_cpd00214_e0,-13.95808585422219,0.0
EX_cpd04097_e0,-1.9980019980018824,0.0
EX_cpd10516_e0,-1000.0,996.00798801598
EX_cpd00154_e0,-5.990013982022106,0.0
EX_cpd00011_e0,-1000.0,998.0019980019981
EX_cpd00305_e0,-5.990013982022106,0.0
EX_cpd00797_e0,-1000.0,996.0079880159805
EX_cpd00012_e0,-1.9980019980018824,492.6634763915353
EX_cpd00108_e0,-1000.0,990.0337662886797
EX_cpd11574_e0,-1.9980019980018824,0.0
EX_cpd00047_e0,-1000.0,19.94410782424581
EX_cpd03453_e0,-1000.0000000000001,996.00798801598
EX_cpd00211_e0,-5.990013982022106,0.0
EX_cpd00438_e0,-5.990013982022106,1.3171301518780662e-13
EX_cpd00107_e0,-13.99801399801413,0.0
EX_cpd01017_e0,-44.02214009428326,0.0
EX_cpd00030_e0,-1.998001998001996,0.0
EX_cpd00161_e0,-1.998001998001996,988.0717089096471
EX_cpd00367_e0,-1000.0,998.0019980019968
EX_cpd00418_e0,-1000.0,0.0
EX_cpd01414_e0,-5.990013982021878,0.0
EX_cpd00311_e0,-1000.0,739.4778841312338
EX_cpd00971_e0,-25.982020646908722,1.3562989260652141e-11
EX_cpd00156_e0,-13.99801399801379,0.0
EX_cpd00001_e0,-1000.0,998.0019980019981
EX_cpd01092_e0,-5.990013982022106,0.0
EX_cpd11640_e0,-1000.0,0.0
EX_cpd00007_e0,-1000.0,0.0
EX_cpd00266_e0,-5.990013982021878,0.0
EX_cpd03424_e0,-1.9980019980018824,0.0
EX_cpd00159_e0,-1000.0,996.0079880159785
EX_cpd00309_e0,-999.976056080561,997.5025402605957
EX_cpd00129_e0,-1000.0,990.0498304490001
EX_cpd00023_e0,-1000.0,990.0498304490005
DM_cpd11416_c0,0.0,0.0
DM_cpd02701_c0,0.0,0.0
DM_cpd15302_c0,0.0,0.0
cpd00443_c0_dilution,0.0,0.0
cpd02920_c0_dilution,0.0,0.0
cpd00012_c0_dilution,9.746519193201384e-05,14.768448721486067
cpd00067_c0_dilution,-7.820018284882719e-15,257.02847726863666
cpd00683_c0_dilution,0.0,1.1616368830848695e-18
cpd00002_c0_dilution,-1.331258878100327e-30,55.04802143753868
cpd00033_c0_dilution,0.0,23.936103856183774
cpd00506_c0_dilution,0.0,1.9940099860179772
cpd00008_c0_dilution,0.0,49.25222555847743
cpd00009_c0_dilution,9.163113451304303e-17,11.929255418822281
cpd00042_c0_dilution,0.0,10.012022024034032
cpd00213_c0_dilution,0.0,0.0
cpd14700_c0_dilution,0.0,0.0
cpd00056_c0_dilution,0.0,0.0
cpd02700_c0_dilution,0.0,0.0
cpd00114_c0_dilution,-2.386290981578279e-48,6.529859489675093
cpd00103_c0_dilution,4.843397886150587e-33,3.996003996003996
cpd00226_c0_dilution,0.0,3.996003996003995
cpd00022_c0_dilution,-1.856987123258914e-34,0.0
cpd00054_c0_dilution,2.0125525014640047e-32,5.982037934101896
cpd00010_c0_dilution,6.014951647144686e-34,0.0
cpd00722_c0_dilution,0.0,0.0
cpd00046_c0_dilution,0.0,14.006014006014002
cpd00096_c0_dilution,0.0,5.8832771247788544
cpd00067_e0_dilution,-6.750075849094481e-19,89.73340420530411
cpd00106_e0_dilution,0.0,3.9960039960039957
cpd00106_c0_dilution,4.5973545226521487e-35,9.98601797802597
cpd00037_c0_dilution,0.0,-1.2915354684371722e-15
cpd03494_c0_dilution,0.0,0.0
cpd00014_c0_dilution,9.351681143873846e-34,5.9780618582775125
cpd03495_c0_dilution,0.0,0.0
cpd00001_c0_dilution,-1.6733951906917013e-20,151.00799399760936
cpd00658_c0_dilution,0.0,0.0
cpd00020_c0_dilution,-2.868081009606506e-32,33.62935548782561
cpd02566_c0_dilution,0.0,0.0
cpd11440_c0_dilution,0.0,0.0
cpd00018_c0_dilution,-2.859297065159607e-31,9.96191882039717
cpd11441_c0_dilution,0.0,0.0
cpd00023_c0_dilution,-1.8212668456938185e-16,49.866245614553215
cpd00084_c0_dilution,0.0,5.986021970037953
cpd00533_c0_dilution,0.0,0.0
cpd00356_c0_dilution,0.0,0.0
cpd00032_c0_dilution,3.4858291580810217e-32,7.964136538809274
cpd00011_c0_dilution,9.536148851064957e-32,8.016032056088129
cpd00061_c0_dilution,-8.044369219528915e-32,12.446582592176313
cpd03049_c0_dilution,0.0,0.0
cpd00836_c0_dilution,0.0,0.0
cpd00179_c0_dilution,0.0,0.0
cpd00027_c0_dilution,0.0,10.01201001200999
cpd00521_c0_dilution,0.0,2.002002002002002
cpd00522_c0_dilution,0.0,3.9920119840199764
cpd00003_c0_dilution,-4.481763768325981e-33,69.28469524261877
cpd03113_c0_dilution,0.0,-1.2456109616847927e-15
cpd00004_c0_dilution,0.0,67.25214130046449
cpd03114_c0_dilution,0.0,-4.572436426506985e-15
cpd11466_c0_dilution,0.0,-1.162190678560054e-13
cpd01695_c0_dilution,0.0,-1.9097742712545305e-15
cpd11493_c0_dilution,1.0114984332055264e-33,0.0
cpd07923_c0_dilution,0.0,0.0
cpd07924_c0_dilution,0.0,0.0
cpd02557_c0_dilution,0.0,-4.2075824763236005e-15
cpd00113_c0_dilution,4.079713379679105e-34,-8.437824536500885e-21
cpd02590_c0_dilution,0.0,0.0
cpd08289_c0_dilution,0.0,2.0020020020020017
cpd08449_c0_dilution,0.0,0.0
cpd00478_c0_dilution,0.0,0.0
cpd03187_c0_dilution,0.0,-1.8574526193256885e-13
cpd00024_c0_dilution,1.583828693583012e-32,29.96204594606178
cpd03572_c0_dilution,0.0,7.908452352863825e-14
cpd00876_c0_dilution,0.0,0.0
cpd15688_c0_dilution,0.0,0.0
cpd15694_c0_dilution,0.0,0.0
cpd02160_c0_dilution,0.0,0.0
cpd03526_c0_dilution,0.0,0.0
cpd00447_c0_dilution,0.0,1.9980019980019985
cpd00540_c0_dilution,0.0,2.0020020020020017
cpd15721_c0_dilution,0.0,0.0
cpd15727_c0_dilution,0.0,0.0
cpd11589_c0_dilution,0.0,1.9980019980019983
cpd00041_c0_dilution,-1.9913974017364938e-33,13.966053926093885
cpd00038_c0_dilution,6.653041771144233e-34,1.9980019980019985
cpd00048_c0_dilution,0.0,4.016020032036042
cpd00031_c0_dilution,0.0,5.984025964045831
cpd00193_c0_dilution,0.0,4.0040040040040035
cpd00206_c0_dilution,0.0,-5.033868220532369e-14
cpd02375_c0_dilution,0.0,2.002002002002002
cpd00367_c0_dilution,0.0,7.992007992007993
cpd00052_c0_dilution,0.0,5.801168603748452
cpd02201_c0_dilution,-5.158523699362176e-34,0.0
cpd02666_c0_dilution,0.0,0.0
cpd00026_c0_dilution,0.0,6.006006006006005
cpd00144_c0_dilution,0.0,1.9980019980019985
cpd02097_c0_dilution,0.0,1.9980019980019978
cpd00007_c0_dilution,3.467672435232036e-49,3.992011984019977
cpd00077_c0_dilution,0.0,0.0
cpd00518_c0_dilution,0.0,0.0
cpd00201_c0_dilution,0.0,0.0
cpd03524_c0_dilution,0.0,0.0
cpd00477_c0_dilution,0.0,0.0
cpd00654_c0_dilution,0.0,1.9980019980019978
cpd00036_e0_dilution,0.0,3.9920119840199764
cpd00036_c0_dilution,0.0,5.986021970037954
cpd00072_c0_dilution,0.0,11.980027964043959
cpd00290_c0_dilution,7.028088548918176e-34,3.996003996003996
cpd15317_c0_dilution,0.0,0.0
cpd00908_c0_dilution,0.0,0.0
cpd15237_c0_dilution,0.0,0.0
cpd00062_c0_dilution,0.0,3.9960039960039926
cpd00805_c0_dilution,0.0,0.0
cpd02371_c0_dilution,0.0,0.0
cpd00191_c0_dilution,0.0,0.0
cpd04097_c0_dilution,0.0,0.0
cpd04097_e0_dilution,0.0,1.9980019980019978
cpd00807_c0_dilution,0.0,1.998001998001998
cpd00930_c0_dilution,0.0,2.002002002002002
cpd03414_c0_dilution,0.0,0.0
cpd03416_c0_dilution,0.0,0.0
cpd02961_c0_dilution,0.0,2.0020020020020026
cpd00229_c0_dilution,0.0,1.9980019980019978
cpd00954_c0_dilution,0.0,1.998001998001998
cpd00013_c0_dilution,0.0,20.25811985845153
cpd00025_c0_dilution,0.0,2.9769943441525273
cpd02978_c0_dilution,0.0,2.0100100180180256
cpd03521_c0_dilution,0.0,0.0
cpd02851_c0_dilution,0.0,4.004004004003977
cpd02506_c0_dilution,0.0,1.9980019980019983
cpd00080_c0_dilution,0.0,20.020020020020016
cpd15686_c0_dilution,0.0,0.0
cpd15719_c0_dilution,0.0,0.0
cpd00982_c0_dilution,0.0,0.0
cpd15560_c0_dilution,0.0,0.0
cpd00015_c0_dilution,0.0,0.0
cpd15561_c0_dilution,0.0,0.0
cpd11439_c0_dilution,0.0,0.0
cpd15675_c0_dilution,0.0,0.0
cpd15331_c0_dilution,0.0,1.998001998001998
cpd15522_c0_dilution,0.0,0.0
cpd15682_c0_dilution,0.0,0.0
cpd02498_c0_dilution,0.0,0.0
cpd00123_c0_dilution,0.0,5.994005994005994
cpd11483_c0_dilution,0.0,0.0
cpd11471_c0_dilution,0.0,0.0
cpd11432_c0_dilution,0.0,0.0
cpd15671_c0_dilution,0.0,0.0
cpd00171_c0_dilution,0.0,6.006006006006006
cpd00047_c0_dilution,0.0,6.022030046054072
cpd11225_c0_dilution,0.0,0.0
cpd00910_c0_dilution,0.0,0.0
cpd00108_c0_dilution,0.0,11.97204394007591
cpd00121_c0_dilution,0.0,0.0
cpd11513_c0_dilution,0.0,0.0
cpd11514_c0_dilution,0.0,0.0
cpd00095_c0_dilution,0.0,13.982021974029964
cpd01647_c0_dilution,0.0,0.0
cpd00430_c0_dilution,0.0,0.0
cpd00208_c0_dilution,0.0,3.996003996003996
cpd02333_c0_dilution,0.0,0.436402150759214
cpd03470_c0_dilution,0.0,0.4372758287387092
cpd09879_c0_dilution,0.0,5.990013982021973
cpd00759_c0_dilution,0.0,5.986021970037955
cpd00147_c0_dilution,0.0,0.0
cpd00128_c0_dilution,0.0,1.9980019980241797
cpd01981_c0_dilution,0.0,0.0
cpd15685_c0_dilution,0.0,0.0
cpd15691_c0_dilution,0.0,0.0
cpd00817_c0_dilution,0.0,1.998001998001998
cpd02511_c0_dilution,0.0,1.998001998001998
cpd11505_c0_dilution,0.0,0.0
cpd11506_c0_dilution,0.0,0.0
cpd00236_c0_dilution,0.0,5.994005994005994
cpd02147_c0_dilution,0.0,2.002002002002002
cpd15506_c0_dilution,0.0,0.0
cpd15505_c0_dilution,0.0,0.0
cpd00287_c0_dilution,0.0,-2.175098109401496e-14
cpd00086_c0_dilution,0.0,0.0
cpd00012_e0_dilution,0.0,2.0020020020020017
cpd00810_c0_dilution,0.0,0.0
cpd00091_c0_dilution,0.0,8.008008008007996
cpd02654_c0_dilution,0.0,0.0
cpd02894_c0_dilution,0.0,3.8997335927291847e-19
cpd00793_c0_dilution,0.0,0.0
cpd15350_c0_dilution,0.0,-1.825815132553094e-30
cpd01741_c0_dilution,0.0,-6.204417092140312e-14
cpd00006_c0_dilution,0.0,45.28724399487474
cpd00345_c0_dilution,0.0,5.630588284269646e-17
cpd00005_c0_dilution,0.0,43.26771036275939
cpd00125_c0_dilution,0.0,6.759636022017401e-16
cpd00019_c0_dilution,0.0,6.9622960079610504e-12
cpd02738_c0_dilution,0.0,-3.1572803120387714e-11
cpd00017_c0_dilution,0.0,-4.3871582810818406e-14
cpd02555_c0_dilution,0.0,0.0
cpd00115_c0_dilution,0.0,0.0
cpd00249_c0_dilution,0.0,9.990009990009991
cpd00177_c0_dilution,0.0,0.0
cpd15308_c0_dilution,0.0,0.0
cpd15523_c0_dilution,0.0,0.0
cpd00309_c0_dilution,0.0,6.006006006006005
cpd00530_c0_dilution,0.0,0.0
cpd00497_c0_dilution,0.0,1.9980019980019983
cpd15702_c0_dilution,0.0,0.0
cpd15678_c0_dilution,0.0,0.0
cpd02210_c0_dilution,0.0,2.002002002002002
cpd00102_c0_dilution,0.0,16.02004806811216
cpd00359_c0_dilution,0.0,1.998001998001998
cpd15325_c0_dilution,0.0,-4.876790359810257e-15
cpd15495_c0_dilution,0.0,0.0
cpd00089_c0_dilution,0.0,5.994005994005993
cpd01399_c0_dilution,0.0,0.0
cpd03002_c0_dilution,0.0,-4.134964349810268e-15
cpd02993_c0_dilution,0.0,0.0
cpd00773_c0_dilution,0.0,0.0
cpd15387_c0_dilution,0.0,0.0
cpd15579_c0_dilution,0.0,0.0
cpd02730_c0_dilution,0.0,-1.8475728079006068e-16
cpd15605_c0_dilution,0.0,1.9980019980019972
cpd00066_c0_dilution,0.0,3.9920119840199764
cpd01977_c0_dilution,0.0,1.9980019980019983
cpd00129_e0_dilution,0.0,3.9960039960039957
cpd00971_e0_dilution,0.0,13.978019313131014
cpd00129_c0_dilution,0.0,5.994005994005994
cpd00971_c0_dilution,0.0,12.004001333777923
cpd15422_c0_dilution,0.0,0.0
cpd02065_c0_dilution,0.0,0.0
cpd00035_c0_dilution,0.0,29.942085886146888
cpd00483_c0_dilution,0.0,0.0
cpd00493_c0_dilution,0.0,0.0
cpd00016_c0_dilution,0.0,0.0
cpd15357_c0_dilution,0.0,0.0
cpd15269_c0_dilution,0.0,0.0
cpd00446_c0_dilution,0.0,2.0020020020020017
cpd11464_c0_dilution,0.0,0.0
cpd11492_c0_dilution,0.0,0.0
cpd11486_c0_dilution,0.0,0.0
cpd00119_c0_dilution,0.0,2.009834974157836
cpd00581_c0_dilution,0.0,2.0020020020020017
cpd00135_c0_dilution,0.0,2.3644160373549177e-13
cpd00060_c0_dilution,0.0,-4.0056690889249345e-13
cpd03124_c0_dilution,0.0,-1.4293082751771738e-16
cpd03121_c0_dilution,0.0,-3.6629324356924755e-14
cpd11522_c0_dilution,0.0,0.0
cpd11523_c0_dilution,0.0,0.0
cpd01012_c0_dilution,0.0,1.9980019980019978
cpd01012_e0_dilution,0.0,3.9920119840199764
cpd00268_c0_dilution,0.0,1.9980019980019983
cpd11421_c0_dilution,0.0,0.0
cpd00029_c0_dilution,0.0,10.010010010010019
cpd00081_c0_dilution,0.0,0.0
cpd11420_c0_dilution,0.0,-4.517686073222915e-16
cpd00053_c0_dilution,0.0,11.972043940075908
cpd00132_c0_dilution,0.0,3.992011984019977
cpd00232_c0_dilution,0.0,0.0
cpd00112_c0_dilution,0.0,0.0
cpd00760_c0_dilution,0.0,2.9161943007369727e-31
cpd02125_c0_dilution,0.0,1.0942222324090793e-15
cpd15423_c0_dilution,0.0,3.0892114712026563e-13
cpd15553_c0_dilution,0.0,0.0
cpd03189_c0_dilution,0.0,4.174222476443529e-15
cpd00860_c0_dilution,0.0,0.0
cpd15239_c0_dilution,0.0,0.0
cpd15418_c0_dilution,0.0,0.0
cpd15556_c0_dilution,0.0,0.0
cpd02090_c0_dilution,0.0,0.0
cpd00100_c0_dilution,0.0,5.986021970037953
cpd01646_c0_dilution,0.0,9.093045449164951e-13
cpd00242_c0_dilution,0.0,1.9980019980019983
cpd12848_c0_dilution,0.0,1.3463337159460182e-12
cpd12543_c0_dilution,0.0,5.3785340677234e-15
cpd00239_c0_dilution,0.0,1.9980019980019976
cpd00383_c0_dilution,0.0,1.998001998001998
cpd02030_c0_dilution,0.0,2.0020020020020017
cpd00873_c0_dilution,0.0,4.004004004004004
cpd03471_c0_dilution,0.0,0.0
cpd00219_c0_dilution,0.0,0.934260973055855
cpd00868_c0_dilution,0.0,2.9200893201141747
cpd00485_c0_dilution,0.0,1.998001998001998
cpd00083_c0_dilution,0.0,0.0
cpd00044_c0_dilution,0.0,1.9980019980019983
cpd01335_c0_dilution,0.0,0.0
cpd03130_c0_dilution,0.0,0.0
cpd00508_c0_dilution,0.0,4.004004004004004
cpd14702_c0_dilution,0.0,-7.282291273782518e-17
cpd00504_c0_dilution,0.0,0.0
cpd00516_c0_dilution,0.0,0.0
cpd00905_c0_dilution,0.0,1.9900259500818527
cpd11585_c0_dilution,0.0,1.9980019980019983
cpd00075_c0_dilution,0.0,1.9880369186475118
cpd15500_c0_dilution,0.0,0.0
cpd15499_c0_dilution,0.0,0.0
cpd00246_e0_dilution,0.0,3.996003996003996
cpd00246_c0_dilution,0.0,4.004004004004004
cpd00058_c0_dilution,0.0,1.9980019980020034
cpd00058_e0_dilution,0.0,3.9920119840199764
cpd00689_c0_dilution,0.0,0.0
cpd00755_c0_dilution,0.0,0.0
cpd00196_c0_dilution,0.0,1.998001998001998
cpd11472_c0_dilution,0.0,8.277220302760869e-15
cpd11490_c0_dilution,0.0,0.0
cpd15529_c0_dilution,0.0,0.0
cpd15336_c0_dilution,0.0,0.0
cpd01101_c0_dilution,0.0,0.0
cpd00655_c0_dilution,0.0,0.0
cpd01795_c0_dilution,0.0,0.0
cpd02441_c0_dilution,0.0,0.0
cpd00068_c0_dilution,0.0,7.9920079920079665
cpd01775_c0_dilution,0.0,0.031984063968095666
cpd00498_c0_dilution,0.0,2.002002002002002
cpd10162_c0_dilution,0.0,3.992011984019976
cpd11526_c0_dilution,0.0,0.0
cpd11527_c0_dilution,0.0,0.0
cpd15352_c0_dilution,0.0,0.0
cpd15353_c0_dilution,0.0,0.0
cpd00203_c0_dilution,0.0,3.9960039960039957
cpd00867_c0_dilution,0.0,0.0
cpd00023_e0_dilution,0.0,5.9940059940059935
cpd00282_c0_dilution,0.0,1.998001998001998
cpd00247_c0_dilution,0.0,0.0
cpd02508_c0_dilution,0.0,1.998001998001998
cpd02663_c0_dilution,0.0,3.9920119840199857
cpd00774_c0_dilution,0.0,0.0
cpd00367_e0_dilution,0.0,3.996003996003997
cpd15557_c0_dilution,0.0,0.0
cpd15533_c0_dilution,0.0,0.0
cpd00842_c0_dilution,0.0,0.0
cpd00279_c0_dilution,0.0,0.0
cpd00286_c0_dilution,0.0,0.0
cpd02862_c0_dilution,0.0,0.0
cpd02948_c0_dilution,0.0,0.0
cpd00063_c0_dilution,0.0,1.998001998001998
cpd00063_e0_dilution,0.0,3.9920119840199764
cpd02857_c0_dilution,0.0,0.9556760853055911
cpd00699_c0_dilution,0.0,0.9537666425777104
cpd00387_c0_dilution,0.0,0.0
cpd11468_c0_dilution,0.0,-6.685414479858541e-32
cpd11469_c0_dilution,0.0,0.0
cpd03915_c0_dilution,0.0,0.0
cpd00421_c0_dilution,0.0,7.992007992007991
cpd03916_c0_dilution,0.0,0.0
cpd00087_c0_dilution,0.0,0.0
cpd02152_c0_dilution,0.0,0.0
cpd00051_c0_dilution,0.0,0.0
cpd01260_c0_dilution,0.0,0.0
cpd00641_c0_dilution,0.0,2.002002002002002
cpd15328_c0_dilution,0.0,0.0
cpd00426_c0_dilution,0.0,0.9222334500005153
cpd00763_c0_dilution,0.0,2.002002002002002
cpd15687_c0_dilution,0.0,0.0
cpd15693_c0_dilution,0.0,0.0
cpd02060_c0_dilution,0.0,0.0
cpd00126_c0_dilution,0.0,3.948126885437473
cpd00311_c0_dilution,0.0,4.004004004004004
cpd00626_c0_dilution,0.0,0.016000032000047897
cpd00220_c0_dilution,0.0,-3.547603201650762e-18
cpd00739_c0_dilution,0.0,0.0
cpd12547_c0_dilution,0.0,0.0
cpd00071_c0_dilution,0.0,7.988015980023972
cpd08286_c0_dilution,0.0,1.9980019980019978
cpd00767_c0_dilution,0.0,1.9980019980019983
cpd03163_c0_dilution,0.0,0.0
cpd03392_c0_dilution,0.0,0.0
cpd11478_c0_dilution,0.0,0.0
cpd11465_c0_dilution,0.0,0.0
cpd03666_c0_dilution,0.0,1.998001998001998
cpd00107_e0_dilution,0.0,1.9980019980019983
cpd00107_c0_dilution,0.0,6.00600600600601
cpd03607_c0_dilution,0.0,3.9920119840199764
cpd04539_c0_dilution,0.0,1.9980019980019985
cpd00184_e0_dilution,0.0,3.992011984019976
cpd00184_c0_dilution,0.0,3.9920119840199755
cpd02183_c0_dilution,0.0,0.0
cpd00461_c0_dilution,0.0,0.0
cpd00357_c0_dilution,0.0,1.9980019980019983
cpd00297_c0_dilution,0.0,3.9920119840199764
cpd02691_c0_dilution,0.0,0.0
cpd02124_c0_dilution,0.0,1.3325798265135392e-13
cpd00216_c0_dilution,0.0,2.9372603125367984
cpd00093_c0_dilution,0.0,2.01801803403405
cpd15746_c0_dilution,0.0,0.0
cpd15764_c0_dilution,0.0,0.0
cpd11588_c0_dilution,0.0,0.0
cpd00241_c0_dilution,0.0,0.0
cpd00295_c0_dilution,0.0,0.0
cpd15546_c0_dilution,0.0,0.0
cpd15539_c0_dilution,0.0,0.0
cpd00296_c0_dilution,0.0,0.0
cpd00277_c0_dilution,0.0,0.0
cpd11438_c0_dilution,0.0,0.0
cpd11488_c0_dilution,0.0,0.0
cpd01017_e0_dilution,0.0,1.9980019980019983
cpd01017_c0_dilution,0.0,4.0040040040038996
cpd15339_c0_dilution,0.0,0.0
cpd00214_c0_dilution,0.0,5.986021970037955
cpd11570_c0_dilution,0.0,0.0
cpd11571_c0_dilution,0.0,0.0
cpd00797_e0_dilution,0.0,3.9960039960039966
cpd00797_c0_dilution,0.0,3.996003996004017
cpd01324_c0_dilution,0.0,1.998001998001998
cpd00871_c0_dilution,0.0,0.0
cpd15679_c0_dilution,0.0,0.0
cpd15720_c0_dilution,0.0,0.0
cpd01651_c0_dilution,0.0,0.0
cpd03407_c0_dilution,0.0,0.0
cpd00013_e0_dilution,0.0,3.9960039960039975
cpd15322_c0_dilution,0.0,0.0
cpd15398_c0_dilution,0.0,0.0
cpd00122_c0_dilution,0.0,0.0
cpd15401_c0_dilution,0.0,0.0
cpd15343_c0_dilution,0.0,6.839459395381654e-21
cpd11836_c0_dilution,0.0,0.0
cpd00957_c0_dilution,0.0,0.008008016016023755
cpd00449_c0_dilution,0.0,0.0
cpd00481_c0_dilution,0.0,0.0
cpd00159_c0_dilution,0.0,5.990013982021976
cpd01669_c0_dilution,0.0,0.0
cpd00362_c0_dilution,0.0,0.0
cpd00143_c0_dilution,0.0,2.002002002002002
cpd03480_c0_dilution,0.0,0.0
cpd00244_e0_dilution,0.0,1.9980019980019978
cpd00244_c0_dilution,0.0,0.0
cpd15327_c0_dilution,0.0,1.998001998002063
cpd00822_c0_dilution,0.0,2.4028286116346628e-35
cpd11484_c0_dilution,0.0,0.0
cpd11467_c0_dilution,0.0,0.0
cpd03518_c0_dilution,0.0,2.0020020020020017
cpd03519_c0_dilution,0.0,3.9920119840199764
cpd15268_c0_dilution,0.0,0.0
cpd15329_c0_dilution,0.0,1.998001998001998
cpd15704_c0_dilution,0.0,0.0
cpd15680_c0_dilution,0.0,0.0
cpd01501_c0_dilution,0.0,0.0
cpd00507_c0_dilution,0.0,0.0
cpd00098_c0_dilution,0.0,3.992011984019976
cpd00040_c0_dilution,0.0,5.986021970037955
cpd15753_c0_dilution,0.0,0.0
cpd15771_c0_dilution,0.0,0.0
cpd15419_c0_dilution,0.0,0.0
cpd15545_c0_dilution,0.0,0.0
cpd00790_c0_dilution,0.0,0.0
cpd00205_e0_dilution,0.0,7.976047920119833
cpd00205_c0_dilution,0.0,5.990013982021973
cpd11474_c0_dilution,0.0,0.0
cpd11489_c0_dilution,0.0,0.0
cpd03118_c0_dilution,0.0,-2.9231605666209987e-35
cpd03129_c0_dilution,0.0,0.0
cpd03449_c0_dilution,0.0,0.0
cpd00292_c0_dilution,0.0,0.0
cpd02068_c0_dilution,0.0,0.0
cpd00347_c0_dilution,0.0,0.0
cpd11476_c0_dilution,0.0,2.305496794354402e-18
cpd00134_c0_dilution,0.0,2.990383204857265e-14
cpd15312_c0_dilution,0.0,0.0
cpd15527_c0_dilution,0.0,0.0
cpd00875_c0_dilution,0.0,-8.481530315097167e-15
cpd00346_c0_dilution,0.0,4.02802805205208
cpd02120_c0_dilution,0.0,2.002002002002002
cpd15309_c0_dilution,0.0,0.0
cpd15524_c0_dilution,0.0,0.0
cpd03116_c0_dilution,0.0,0.0
cpd00223_c0_dilution,0.0,4.0040040040040035
cpd00843_c0_dilution,0.0,5.994005994005995
cpd00100_e0_dilution,0.0,3.992011984019974
cpd15606_c0_dilution,0.0,1.998001998001998
cpd00069_c0_dilution,0.0,3.992011984019977
cpd15420_c0_dilution,0.0,0.0
cpd15548_c0_dilution,0.0,0.0
cpd02431_c0_dilution,0.0,6.0060060060060065
cpd15358_c0_dilution,0.0,3.992011984019976
cpd01080_c0_dilution,0.0,7.972055908135869
cpd02746_c0_dilution,0.0,0.0
cpd02229_c0_dilution,0.0,0.0
cpd11437_c0_dilution,0.0,0.0
cpd15674_c0_dilution,0.0,0.0
cpd11491_c0_dilution,0.0,0.0
cpd00300_c0_dilution,0.0,0.0
cpd00260_c0_dilution,0.0,0.0
cpd00906_c0_dilution,0.0,0.0
cpd00343_c0_dilution,0.0,2.002002002002002
cpd00327_c0_dilution,0.0,0.0
cpd01298_c0_dilution,0.0,1.8595019109503452
cpd00428_c0_dilution,0.0,4.004004004004004
cpd00009_e0_dilution,0.0,3.996003996003996
cpd00078_c0_dilution,0.0,0.0
cpd00227_c0_dilution,0.0,3.9960039960039966
cpd02740_c0_dilution,0.0,1.9940099860179776
cpd00130_c0_dilution,0.0,3.9960039960039935
cpd15342_c0_dilution,0.0,0.0
cpd00090_c0_dilution,0.0,6.006006006006007
cpd02799_c0_dilution,0.0,3.9920119840199764
cpd14698_c0_dilution,0.0,0.0
cpd14699_c0_dilution,0.0,0.0
cpd00050_c0_dilution,0.0,0.0
cpd00349_c0_dilution,0.0,2.0020020020020017
cpd03487_c0_dilution,0.0,0.0
cpd03488_c0_dilution,0.0,0.0
cpd00338_c0_dilution,0.0,0.0
cpd00070_c0_dilution,0.0,0.0
cpd15526_c0_dilution,0.0,1.9980019980019978
cpd11580_c0_dilution,0.0,1.9980019980019983
cpd03115_c0_dilution,0.0,0.0
cpd12689_c0_dilution,0.0,0.0
cpd06707_c0_dilution,0.0,0.0
cpd00153_c0_dilution,0.0,0.0
cpd00834_c0_dilution,0.0,0.0
cpd00438_e0_dilution,0.0,3.9920119840199764
cpd00438_c0_dilution,0.0,1.9980019980019978
cpd15399_c0_dilution,0.0,-6.169646078881481e-19
cpd15391_c0_dilution,0.0,1.9980019980019974
cpd01777_c0_dilution,0.0,2.0020020020020017
cpd02979_c0_dilution,0.0,3.9920119840199764
cpd02711_c0_dilution,0.0,2.002002002002002
cpd01620_c0_dilution,0.0,-5.94743272361861e-32
cpd03426_c0_dilution,0.0,0.0
cpd15337_c0_dilution,0.0,0.0
cpd03847_c0_dilution,0.0,5.986021970037953
cpd00322_c0_dilution,0.0,4.004004004004043
cpd11534_c0_dilution,0.0,0.0
cpd11535_c0_dilution,0.0,0.0
cpd00233_c0_dilution,0.0,0.0
cpd00231_c0_dilution,0.0,0.0
cpd03126_c0_dilution,0.0,2.3009418494953812e-17
cpd00332_c0_dilution,0.0,0.0
cpd00288_c0_dilution,0.0,5.986021970037955
cpd02535_c0_dilution,0.0,1.998001998001998
cpd02882_c0_dilution,0.0,0.0
cpd02656_c0_dilution,0.0,0.0
cpd15700_c0_dilution,0.0,0.0
cpd02227_c0_dilution,0.0,0.0
cpd11582_c0_dilution,0.0,1.9980019980019983
cpd00161_c0_dilution,0.0,5.9701017146765585
cpd11501_c0_dilution,0.0,0.0
cpd11502_c0_dilution,0.0,0.0
cpd00117_c0_dilution,0.0,5.990013982021976
cpd00186_c0_dilution,0.0,1.998001998001998
cpd00094_c0_dilution,0.0,2.0339860659700975
cpd15341_c0_dilution,0.0,1.015319850358166e-15
cpd00249_e0_dilution,0.0,3.996003996003997
cpd00214_e0_dilution,0.0,3.9920119840199764
cpd02345_c0_dilution,0.0,0.0
cpd00101_c0_dilution,0.0,8.008008008007993
cpd01716_c0_dilution,0.0,2.0020020020020017
cpd00027_e0_dilution,0.0,1.9980019980019983
cpd11475_c0_dilution,0.0,0.0
cpd00654_e0_dilution,0.0,3.992011984019976
cpd00663_c0_dilution,0.0,0.0
cpd15360_c0_dilution,0.0,0.0
cpd01973_c0_dilution,0.0,0.0
cpd00762_c0_dilution,0.0,0.0
cpd01217_c0_dilution,0.0,2.0020020020020017
cpd00105_c0_dilution,0.0,5.994005994005995
cpd01982_c0_dilution,0.0,-1.0721774801599576e-15
cpd08288_c0_dilution,0.0,2.002002002002002
cpd08301_c0_dilution,0.0,1.998001998001998
cpd15366_c0_dilution,0.0,0.0
cpd15569_c0_dilution,0.0,0.0
cpd00145_c0_dilution,0.0,3.996003996003997
cpd15421_c0_dilution,0.0,2.0020020020020017
cpd02991_c0_dilution,0.0,1.9980019980019983
cpd15684_c0_dilution,0.0,0.0
cpd15690_c0_dilution,0.0,0.0
cpd11481_c0_dilution,0.0,0.0
cpd11485_c0_dilution,0.0,0.0
cpd00293_c0_dilution,0.0,3.9920119840199764
cpd12370_c0_dilution,0.0,0.0
cpd00176_c0_dilution,0.0,3.992011984019988
cpd00150_c0_dilution,0.0,0.0
cpd01211_c0_dilution,0.0,0.0
cpd02311_c0_dilution,0.0,1.9980019980019983
cpd00344_c0_dilution,0.0,0.0
cpd00182_c0_dilution,0.0,1.9615506675225811
cpd00156_c0_dilution,0.0,6.006006006005991
cpd00221_c0_dilution,0.0,6.006006006006006
cpd15510_c0_dilution,0.0,0.0
cpd03517_c0_dilution,0.0,0.0
cpd12847_c0_dilution,0.0,0.0
cpd15302_c0_dilution,0.0,0.0
cpd00155_c0_dilution,0.0,0.0
cpd15323_c0_dilution,0.0,0.0
cpd00412_c0_dilution,0.0,2.002002002002002
cpd00299_c0_dilution,0.0,3.9920119840199764
cpd15370_c0_dilution,0.0,0.0
cpd15568_c0_dilution,0.0,0.0
cpd15603_c0_dilution,0.0,1.9980019980019983
cpd15330_c0_dilution,0.0,0.0
cpd15298_c0_dilution,0.0,0.0
cpd00136_c0_dilution,0.0,0.0
cpd02172_c0_dilution,0.0,0.0
cpd02419_c0_dilution,0.0,0.0
cpd15395_c0_dilution,0.0,0.0
cpd15531_c0_dilution,0.0,0.0
cpd11959_c0_dilution,0.0,0.0
cpd15521_c0_dilution,0.0,0.0
cpd15417_c0_dilution,0.0,0.0
cpd15354_c0_dilution,0.0,0.0
cpd00532_c0_dilution,0.0,0.0
cpd11517_c0_dilution,0.0,0.0
cpd11518_c0_dilution,0.0,0.0
cpd11480_c0_dilution,0.0,0.0
cpd00630_c0_dilution,0.0,-3.092313261192087e-16
cpd01507_c0_dilution,0.0,0.0
cpd00152_c0_dilution,0.0,0.0
cpd02083_c0_dilution,0.0,0.0
cpd00791_c0_dilution,0.0,0.0
cpd03091_c0_dilution,0.0,0.0
cpd04122_c0_dilution,0.0,0.0
cpd00939_c0_dilution,0.0,0.0
cpd02775_c0_dilution,0.0,0.0
cpd00154_e0_dilution,0.0,3.992011984019972
cpd00154_c0_dilution,0.0,1.9980019980019978
cpd01441_c0_dilution,0.0,0.0
cpd11587_c0_dilution,0.0,1.9980019980019983
cpd02835_c0_dilution,0.0,-1.8528208664470117e-14
cpd02930_c0_dilution,0.0,0.0
cpd00706_c0_dilution,0.0,1.9980019980019983
cpd15538_c0_dilution,0.0,0.0
cpd15346_c0_dilution,0.0,0.0
cpd01329_c0_dilution,0.0,0.0
cpd00355_c0_dilution,0.0,3.996003996003996
cpd02016_c0_dilution,0.0,0.0
cpd11583_c0_dilution,0.0,0.0
cpd00358_c0_dilution,0.0,5.994005994005996
cpd00978_c0_dilution,0.0,7.9800319560559165
cpd00809_c0_dilution,0.0,1.9860498742575392
cpd02103_c0_dilution,0.0,0.0
cpd00039_c0_dilution,0.0,0.0
cpd00840_c0_dilution,0.0,0.0
cpd00041_e0_dilution,0.0,3.9960039960039966
cpd08287_c0_dilution,0.0,0.008008016016024157
cpd15552_c0_dilution,0.0,0.0
cpd15528_c0_dilution,0.0,0.0
cpd00169_c0_dilution,0.0,6.0060060060060065
cpd11592_c0_dilution,0.0,1.9980019980019985
cpd02484_c0_dilution,0.0,0.0
cpd00280_c0_dilution,0.0,0.0
cpd00437_c0_dilution,0.0,0.0
cpd00932_c0_dilution,0.0,1.998001998001998
cpd11542_c0_dilution,0.0,0.0
cpd11543_c0_dilution,0.0,0.0
cpd00065_c0_dilution,0.0,0.0
cpd11463_c0_dilution,0.0,0.0
cpd11433_c0_dilution,0.0,0.0
cpd11434_c0_dilution,0.0,0.0
cpd00043_c0_dilution,0.0,4.004004004004004
cpd00035_e0_dilution,0.0,5.994005994005995
cpd00924_c0_dilution,0.0,0.0
cpd00104_c0_dilution,0.0,0.0
cpd15314_c0_dilution,0.0,0.0
cpd00492_c0_dilution,0.0,0.0
cpd15295_c0_dilution,0.0,0.0
cpd02552_c0_dilution,0.0,0.0
cpd15699_c0_dilution,0.0,0.0
cpd03128_c0_dilution,0.0,0.0
cpd00525_c0_dilution,0.0,0.0
cpd02964_c0_dilution,0.0,0.0
cpd00298_c0_dilution,0.0,3.9920119840199777
cpd15369_c0_dilution,0.0,0.0
cpd15571_c0_dilution,0.0,0.0
cpd03192_c0_dilution,0.0,0.0
cpd03171_c0_dilution,0.0,0.0
cpd15532_c0_dilution,0.0,0.0
cpd00309_e0_dilution,0.0,3.996003996003996
cpd00199_c0_dilution,0.0,0.0
cpd08615_c0_dilution,0.0,0.0
cpd00202_c0_dilution,0.0,0.0
cpd15547_c0_dilution,0.0,1.9980019980019983
cpd15540_c0_dilution,0.0,0.0
cpd00275_c0_dilution,0.0,1.9980019980019983
cpd15348_c0_dilution,0.0,0.0
cpd00180_c0_dilution,0.0,1.998001998001998
cpd15544_c0_dilution,0.0,0.0
cpd15537_c0_dilution,0.0,0.0
cpd15320_c0_dilution,0.0,0.0
cpd01092_e0_dilution,0.0,3.992011984019976
cpd01092_c0_dilution,0.0,1.9980019980019978
cpd11482_c0_dilution,0.0,0.0
cpd11487_c0_dilution,0.0,0.0
cpd02843_c0_dilution,0.0,0.015984031968047423
cpd15716_c0_dilution,0.0,0.0
cpd15722_c0_dilution,0.0,0.0
cpd15525_c0_dilution,0.0,0.0
cpd00207_c0_dilution,0.0,1.998001998001998
cpd03052_c0_dilution,0.0,0.0
cpd01831_c0_dilution,0.0,0.0
cpd15681_c0_dilution,0.0,0.0
cpd11479_c0_dilution,0.0,0.0
cpd00284_c0_dilution,0.0,1.9940099860179787
cpd02197_c0_dilution,0.0,-4.829015249935565e-18
cpd02893_c0_dilution,0.0,1.261670868734134e-13
cpd02921_c0_dilution,0.0,1.9980019980019992
cpd15397_c0_dilution,0.0,0.0
cpd15386_c0_dilution,0.0,0.0
cpd15396_c0_dilution,0.0,5.767321589829368e-17
cpd00350_c0_dilution,0.0,0.0
cpd08211_c0_dilution,0.0,0.0
cpd00413_c0_dilution,0.0,0.0
cpd00650_c0_dilution,0.0,0.0
cpd00198_c0_dilution,0.0,5.994005994005993
cpd02693_c0_dilution,0.0,0.0
cpd01710_c0_dilution,0.0,3.2739665168176312e-12
cpd02605_c0_dilution,0.0,1.6672307035834762e-12
cpd15706_c0_dilution,0.0,0.0
cpd15345_c0_dilution,0.0,0.0
cpd00120_c0_dilution,0.0,1.3099216089857912e-14
cpd01844_c0_dilution,0.0,0.0
cpd00092_c0_dilution,0.0,1.998001998001998
cpd15311_c0_dilution,0.0,0.0
cpd15604_c0_dilution,0.0,1.998001998001998
cpd15355_c0_dilution,0.0,1.998001998001998
cpd00028_e0_dilution,0.0,1.9980019980019983
cpd00028_c0_dilution,0.0,2.0020020020020017
cpd00117_e0_dilution,0.0,3.996003996003996
cpd11494_c0_dilution,0.0,0.0
cpd01914_c0_dilution,0.0,0.0
cpd01262_c0_dilution,0.0,0.0
cpd03491_c0_dilution,0.0,0.0
cpd03492_c0_dilution,0.0,0.0
cpd00146_c0_dilution,0.0,0.008008016016023528
cpd00045_c0_dilution,0.0,0.0
cpd00157_c0_dilution,0.0,2.002002002002002
cpd00108_e0_dilution,0.0,3.996003996003996
cpd14703_c0_dilution,0.0,0.0
cpd00890_c0_dilution,0.0,0.0
cpd02884_c0_dilution,0.0,1.998001998001998
cpd00482_c0_dilution,0.0,3.9960039960039957
cpd11586_c0_dilution,0.0,1.9980019980019983
cpd03196_c0_dilution,0.0,0.0
cpd00138_c0_dilution,0.0,0.0
cpd00197_c0_dilution,0.0,0.0
cpd15238_c0_dilution,0.0,0.0
cpd00307_e0_dilution,0.0,3.996003996003996
cpd00307_c0_dilution,0.0,3.996003996003997
cpd11310_c0_dilution,0.0,0.0
cpd15344_c0_dilution,0.0,0.0
cpd02678_c0_dilution,0.0,2.388081387225844e-16
cpd02394_c0_dilution,0.0,2.3915178708402953e-16
cpd15692_c0_dilution,0.0,0.0
cpd15698_c0_dilution,0.0,0.0
cpd11593_c0_dilution,0.0,1.998001998001998
cpd02230_c0_dilution,0.0,0.0
cpd03119_c0_dilution,0.0,0.0
cpd03448_c0_dilution,0.0,0.0
cpd00378_c0_dilution,0.0,0.0
cpd03584_c0_dilution,0.0,0.0
cpd02187_c0_dilution,0.0,9.801789057549137e-17
cpd03593_c0_dilution,0.0,1.9980019980019978
cpd00251_c0_dilution,0.0,0.0
cpd00200_c0_dilution,0.0,3.996003996003997
cpd00082_c0_dilution,0.0,0.0
cpd09844_c0_dilution,0.0,0.0
cpd11574_e0_dilution,0.0,1.9980019980019978
cpd11574_c0_dilution,0.0,0.0
cpd11470_c0_dilution,0.0,6.91150102857384e-33
cpd15313_c0_dilution,0.0,-4.7156475477760654e-18
cpd00334_c0_dilution,0.0,3.9920119840199764
cpd02849_c0_dilution,0.0,0.0
cpd15170_c0_dilution,0.0,0.0
cpd00800_c0_dilution,0.0,1.0147193390083386e-14
cpd00764_c0_dilution,0.0,2.79078905785395e-14
cpd02701_c0_dilution,0.0,2.7907890578539502e-14
cpd03525_c0_dilution,0.0,1.9980019980019983
cpd11825_c0_dilution,0.0,0.0
cpd15726_c0_dilution,0.0,0.0
cpd02642_c0_dilution,0.0,2.0020020020020017
cpd00956_c0_dilution,0.0,1.9980019980019983
cpd00363_c0_dilution,0.0,3.9960039960039953
cpd11538_c0_dilution,0.0,0.0
cpd11539_c0_dilution,0.0,0.0
cpd00738_c0_dilution,0.0,1.9980019980019976
cpd00305_e0_dilution,0.0,3.992011984019972
cpd00305_c0_dilution,0.0,1.9980019980019978
cpd15701_c0_dilution,0.0,0.0
cpd15677_c0_dilution,0.0,0.0
cpd11435_c0_dilution,0.0,1.8243036496305703e-32
cpd15673_c0_dilution,0.0,0.0
cpd03646_c0_dilution,0.0,0.0
cpd17564_c0_dilution,0.0,0.0
cpd17566_c0_dilution,0.0,-3.424116218996773e-16
cpd15371_c0_dilution,0.0,0.0
cpd15572_c0_dilution,0.0,0.0
cpd00142_c0_dilution,0.0,5.994005994005996
cpd00780_c0_dilution,0.0,3.9960039960039957
cpd15717_c0_dilution,0.0,0.0
cpd15723_c0_dilution,0.0,0.0
cpd11206_c0_dilution,0.0,0.0
cpd03606_c0_dilution,0.0,3.992011984019976
cpd00341_c0_dilution,0.0,0.0
cpd00118_c0_dilution,0.0,0.0
cpd15555_c0_dilution,0.0,0.0
cpd11509_c0_dilution,0.0,0.0
cpd11510_c0_dilution,0.0,0.0
cpd15349_c0_dilution,0.0,0.0
cpd11473_c0_dilution,0.0,-4.122282494437046e-16
cpd00638_c0_dilution,0.0,1.9980019980019983
cpd01882_c0_dilution,0.0,2.2649614835747787e-13
cpd01966_c0_dilution,0.0,2.285389982496921e-13
cpd15543_c0_dilution,0.0,3.1523328987740608e-12
cpd15536_c0_dilution,0.0,-3.4905689483679514e-26
cpd00931_c0_dilution,0.0,2.0020020020020017
cpd15359_c0_dilution,0.0,0.0
cpd15361_c0_dilution,0.0,0.0
cpd00142_e0_dilution,0.0,3.9960039960039957
cpd15752_c0_dilution,0.0,0.0
cpd15770_c0_dilution,0.0,0.0
cpd03560_c0_dilution,0.0,0.0
cpd03706_c0_dilution,0.0,0.0
cpd15321_c0_dilution,0.0,0.0
cpd00211_e0_dilution,0.0,3.992011984019972
cpd00211_c0_dilution,0.0,1.9980019980019978
cpd00159_e0_dilution,0.0,3.9960039960039957
cpd00418_c0_dilution,0.0,1.9980019980019983
cpd00209_c0_dilution,0.0,1.4932653493492993
cpd03120_c0_dilution,0.0,7.196935792154736e-14
cpd15676_c0_dilution,0.0,0.0
cpd00911_c0_dilution,0.0,1.998001998001998
cpd00111_c0_dilution,0.0,2.0020020020020017
cpd02886_c0_dilution,0.0,9.1920920916792e-12
cpd03443_c0_dilution,0.0,2.0872473121599972e-15
cpd00238_c0_dilution,0.0,3.996003996003996
cpd15705_c0_dilution,0.0,0.0
cpd00644_c0_dilution,0.0,0.0
cpd15400_c0_dilution,0.0,0.0
cpd14720_c0_dilution,0.0,0.0
cpd00162_c0_dilution,0.0,0.0
cpd02546_c0_dilution,0.0,0.0
cpd03117_c0_dilution,0.0,0.0
cpd03608_c0_dilution,0.0,0.0
cpd00608_c0_dilution,0.0,0.0
cpd03422_c0_dilution,0.0,0.0
cpd03918_c0_dilution,0.0,0.0
cpd00830_c0_dilution,0.0,1.9980019980019976
cpd02820_c0_dilution,0.0,0.0
cpd00034_c0_dilution,0.0,2.002002002002002
cpd00034_e0_dilution,0.0,3.996003996003996
cpd11530_c0_dilution,0.0,0.0
cpd11531_c0_dilution,0.0,0.0
cpd02524_c0_dilution,0.0,0.0
cpd00235_c0_dilution,0.0,3.9920119840199764
cpd11461_c0_dilution,0.0,0.0
cpd15338_c0_dilution,0.0,0.0
cpd00510_c0_dilution,0.0,0.0
cpd01242_c0_dilution,0.0,0.0
cpd00048_e0_dilution,0.0,3.9960039960039966
cpd15316_c0_dilution,0.0,0.0
cpd17567_c0_dilution,0.0,0.0
cpd12005_c0_dilution,0.0,0.0
cpd11830_c0_dilution,0.0,0.0
cpd11621_c0_dilution,0.0,0.0
cpd11620_c0_dilution,0.0,0.0
cpd15697_c0_dilution,0.0,0.0
cpd00540_e0_dilution,0.0,3.9960039960039966
cpd03847_e0_dilution,0.0,3.9920119840199764
cpd00030_e0_dilution,0.0,1.9980019980019978
cpd00030_c0_dilution,0.0,0.0
cpd00311_e0_dilution,0.0,3.996003996003996
cpd03127_c0_dilution,0.0,0.0
cpd03198_c0_dilution,0.0,1.998001998001998
cpd00141_c0_dilution,0.0,0.0
cpd11430_c0_dilution,0.0,0.0
cpd00289_c0_dilution,0.0,0.0
cpd02591_c0_dilution,0.0,0.0
cpd00382_c0_dilution,0.0,0.0
cpd00076_c0_dilution,0.0,0.0
cpd15542_c0_dilution,0.0,0.0
cpd15535_c0_dilution,0.0,0.0
cpd02826_c0_dilution,0.0,0.0
cpd02140_c0_dilution,0.0,-9.09939770914797e-16
cpd02258_c0_dilution,0.0,1.9980019980019974
cpd15318_c0_dilution,0.0,0.0
cpd11572_c0_dilution,0.0,0.0
cpd15363_c0_dilution,0.0,1.998001998001998
cpd15718_c0_dilution,0.0,0.0
cpd15724_c0_dilution,0.0,0.0
cpd15683_c0_dilution,0.0,0.0
cpd15689_c0_dilution,0.0,0.0
cpd00946_c0_dilution,0.0,0.0
cpd00965_c0_dilution,0.0,0.0
cpd00531_c0_dilution,0.0,0.0
cpd15558_c0_dilution,0.0,0.0
cpd00731_c0_dilution,0.0,0.0
cpd03490_c0_dilution,0.0,0.0
cpd15481_c0_dilution,0.0,0.0
cpd15480_c0_dilution,0.0,0.0
cpd08210_c0_dilution,0.0,1.9980019980020576
cpd03736_c0_dilution,0.0,0.0
cpd03586_c0_dilution,0.0,-4.4643280597703633e-29
cpd03122_c0_dilution,0.0,0.0
cpd03123_c0_dilution,0.0,0.0
cpd00727_c0_dilution,0.0,0.0
cpd00139_c0_dilution,0.0,0.0
cpd10515_c0_dilution,0.0,1.9980019980019976
cpd10516_c0_dilution,0.0,0.0
cpd01157_c0_dilution,0.0,-6.246366052271823e-19
cpd03897_c0_dilution,0.0,0.0
cpd15468_c0_dilution,0.0,1.9980019980019983
cpd00294_c0_dilution,0.0,-4.345312929962629e-17
cpd00079_c0_dilution,0.0,7.988015980023972
cpd15294_c0_dilution,0.0,0.0
cpd03444_c0_dilution,0.0,4.519533231480331e-34
cpd15672_c0_dilution,0.0,0.0
cpd12237_c0_dilution,0.0,0.0
cpd14507_c0_dilution,0.0,0.0
cpd00403_c0_dilution,0.0,0.0
cpd00672_c0_dilution,0.0,0.0
cpd02027_c0_dilution,0.0,3.429023590027814e-14
cpd00434_c0_dilution,0.0,0.0
cpd00281_c0_dilution,0.0,0.0
cpd11431_c0_dilution,0.0,0.0
cpd11584_c0_dilution,0.0,1.9980019980019976
cpd02069_c0_dilution,0.0,3.9920119840199764
cpd00348_c0_dilution,0.0,4.028012052020075
cpd15696_c0_dilution,0.0,0.0
cpd12225_c0_dilution,0.0,0.0
cpd03585_c0_dilution,0.0,0.0
cpd11591_c0_dilution,0.0,0.0
cpd11477_c0_dilution,0.0,0.0
cpd11497_c0_dilution,0.0,0.0
cpd11498_c0_dilution,0.0,0.0
cpd15315_c0_dilution,0.0,0.0
cpd00408_c0_dilution,0.0,0.0
cpd00712_c0_dilution,0.0,0.0
cpd00331_c0_dilution,0.0,0.0
cpd03671_c0_dilution,0.0,1.9980019980019978
cpd02611_c0_dilution,0.0,0.0
cpd15748_c0_dilution,0.0,0.0
cpd15766_c0_dilution,0.0,0.0
cpd11436_c0_dilution,0.0,0.0
cpd00557_c0_dilution,0.0,-1.6193500179703132e-14
cpd02211_c0_dilution,0.0,1.9980019980018908
cpd01311_c0_dilution,0.0,0.0
cpd03812_c0_dilution,0.0,0.0
cpd03813_c0_dilution,0.0,0.0
cpd01133_c0_dilution,0.0,0.0
cpd15554_c0_dilution,0.0,0.0
cpd15530_c0_dilution,0.0,0.0
cpd02113_c0_dilution,0.0,1.998001998001998
cpd00448_c0_dilution,0.0,3.9920119840199773
cpd15326_c0_dilution,0.0,0.0
cpd03197_c0_dilution,0.0,1.998001998001998
cpd00794_c0_dilution,0.0,1.9980019980019978
cpd15319_c0_dilution,0.0,-5.012291721406038e-35
cpd00222_c0_dilution,0.0,0.0
cpd15754_c0_dilution,0.0,0.0
cpd15772_c0_dilution,0.0,0.0
cpd00274_c0_dilution,0.0,2.2409789085414755e-34
cpd15362_c0_dilution,0.0,0.0
cpd02234_c0_dilution,0.0,0.0
cpd15508_c0_dilution,0.0,0.0
cpd15507_c0_dilution,0.0,0.0
cpd15514_c0_dilution,0.0,0.0
cpd15306_c0_dilution,0.0,0.0
cpd00322_e0_dilution,0.0,1.9980019980019983
cpd00330_c0_dilution,0.0,0.0
cpd00393_c0_dilution,0.0,-1.216399145919817e-15
cpd02569_c0_dilution,0.0,0.0
cpd00396_c0_dilution,0.0,0.0
cpd00642_c0_dilution,0.0,0.0
cpd02597_c0_dilution,0.0,1.998001998001998
cpd11590_c0_dilution,0.0,0.0
cpd03445_c0_dilution,0.0,1.5599360432662624e-13
cpd03105_c0_dilution,0.0,1.9980019980019985
cpd00972_c0_dilution,0.0,0.0
cpd00858_c0_dilution,0.0,1.9940099860179763
cpd00400_c0_dilution,0.0,0.0
cpd01150_c0_dilution,0.0,0.0
cpd01015_c0_dilution,0.0,0.0
cpd00925_c0_dilution,0.0,1.9980019980019983
cpd08625_c0_dilution,0.0,0.0
cpd09027_c0_dilution,0.0,0.0
cpd00666_c0_dilution,0.0,0.0
cpd15277_c0_dilution,0.0,0.0
cpd00283_c0_dilution,0.0,0.0
cpd03424_e0_dilution,0.0,1.9980019980019978
cpd03424_c0_dilution,0.0,0.0
cpd03496_c0_dilution,0.0,0.0
cpd00137_c0_dilution,0.0,2.7270798544761546e-11
cpd15534_c0_dilution,0.0,0.0
cpd02968_c0_dilution,0.0,0.0
cpd00190_c0_dilution,0.0,1.998001998001998
cpd15666_c0_dilution,0.0,0.0
cpd15665_c0_dilution,0.0,0.0
cpd15340_c0_dilution,0.0,0.0
cpd11462_c0_dilution,0.0,0.0
cpd00620_c0_dilution,0.0,0.0
cpd00977_c0_dilution,0.0,0.0
cpd03704_c0_dilution,0.0,0.0
cpd00976_c0_dilution,0.0,0.0
cpd00092_e0_dilution,0.0,3.992011984019976
cpd00085_c0_dilution,0.0,0.0
cpd01504_c0_dilution,0.0,0.0
cpd03125_c0_dilution,0.0,0.0
cpd02135_c0_dilution,0.0,0.0
cpd00646_c0_dilution,0.0,0.0
cpd15695_c0_dilution,0.0,0.0
cpd15368_c0_dilution,0.0,0.0
cpd15570_c0_dilution,0.0,0.0
cpd00156_e0_dilution,0.0,1.9980019980019978
cpd03279_c0_dilution,0.0,0.0
cpd00831_c0_dilution,0.0,1.998001998001998
cpd03734_c0_dilution,0.0,0.0
cpd01080_e0_dilution,0.0,3.9920119840199755
cpd00782_c0_dilution,0.0,0.0
cpd01107_c0_dilution,0.0,0.0
cpd02465_c0_dilution,0.0,5.994005994005993
cpd02724_c0_dilution,0.0,0.0
cpd00918_c0_dilution,0.0,0.0
cpd01747_c0_dilution,0.0,0.0
cpd00703_c0_dilution,0.0,0.0
cpd03195_c0_dilution,0.0,0.0
cpd00588_c0_dilution,0.0,0.0
cpd00371_c0_dilution,0.0,0.0
cpd03559_c0_dilution,0.0,0.0
cpd15541_c0_dilution,0.0,0.0
cpd15747_c0_dilution,0.0,0.0
cpd15765_c0_dilution,0.0,0.0
cpd12072_c0_dilution,0.0,0.0
cpd12139_c0_dilution,0.0,0.0
cpd00395_c0_dilution,0.0,0.0
cpd03285_c0_dilution,0.0,0.0
cpd00424_c0_dilution,0.0,0.0
cpd00742_c0_dilution,0.0,0.0
cpd15725_c0_dilution,0.0,0.0
cpd17565_c0_dilution,0.0,0.0
cpd15324_c0_dilution,0.0,0.0
cpd00261_c0_dilution,0.0,0.0
cpd01067_c0_dilution,0.0,0.0
cpd00164_c0_dilution,0.0,0.0
cpd15703_c0_dilution,0.0,0.0
cpd01749_c0_dilution,0.0,0.0
cpd01476_c0_dilution,0.0,1.9980019980019983
cpd00668_c0_dilution,0.0,0.0
cpd02182_c0_dilution,0.0,1.9980019980019983
cpd02720_c0_dilution,0.0,1.9980019980019976
cpd02255_c0_dilution,0.0,3.276613030572469e-19
cpd11581_c0_dilution,0.0,1.9980019980019983
cpd15751_c0_dilution,0.0,0.0
cpd15769_c0_dilution,0.0,0.0
cpd00064_c0_dilution,0.0,0.0
cpd15347_c0_dilution,0.0,0.0
cpd15274_c0_dilution,0.0,0.0
cpd00616_c0_dilution,0.0,0.0
cpd15307_c0_dilution,0.0,0.0
cpd01644_c0_dilution,0.0,0.0
cpd06227_c0_dilution,0.0,0.0
cpd15494_c0_dilution,0.0,0.0
cpd02698_c0_dilution,0.0,-2.6671836301918873e-32
cpd03446_c0_dilution,0.0,0.0
cpd15310_c0_dilution,0.0,0.0
cpd00128_e0_dilution,0.0,3.992011984019976
cpd17568_c0_dilution,0.0,0.0
cpd03200_c0_dilution,0.0,0.0
cpd22027_c0_dilution,0.0,-8.05762782290886e-15
cpd22022_c0_dilution,0.0,0.0
cpd21088_c0_dilution,0.0,0.0
cpd00116_c0_dilution,0.0,1.9980019980019974
cpd21087_c0_dilution,0.0,0.0
cpd36025_c0_dilution,0.0,0.0
cpd19505_c0_dilution,0.0,0.0
cpd14545_c0_dilution,0.0,0.0
cpd28259_c0_dilution,0.0,0.0
cpd21479_c0_dilution,0.0,0.0
cpd28253_c0_dilution,0.0,0.0
cpd28070_c0_dilution,0.0,0.0
cpd33817_c0_dilution,0.0,0.0
cpd27744_c0_dilution,0.0,0.0
cpd12489_c0_dilution,0.0,0.0
cpd19503_c0_dilution,0.0,0.0
cpd21288_c0_dilution,0.0,0.0
cpd36635_c0_dilution,0.0,0.0
cpd22028_c0_dilution,0.0,0.0
cpd22065_c0_dilution,0.0,0.0
cpd22312_c0_dilution,0.0,0.0
cpd21480_c0_dilution,0.0,0.0
cpd19047_c0_dilution,0.0,0.0
cpd00635_c0_dilution,0.0,2.0020020020020013
cpd00166_c0_dilution,0.0,2.0020020020020017
cpd19019_c0_dilution,0.0,0.0
cpd19001_c0_dilution,0.0,3.996003996003996
cpd19006_c0_dilution,0.0,3.996003996003997
cpd11313_c0_dilution,0.0,0.0
cpd11312_c0_dilution,0.0,0.0
cpd01007_c0_dilution,0.0,0.0
cpd00127_c0_dilution,0.0,0.0
cpd00166_e0_dilution,0.0,1.998001998001998
cpd00731_e0_dilution,0.0,1.998001998001998
cpd00098_e0_dilution,0.0,3.9920119840199773
cpd00635_e0_dilution,0.0,1.998001998001998
cpd11640_c0_dilution,0.0,1.9980019980019983
cpd01627_c0_dilution,0.0,0.0
cpd01562_c0_dilution,0.0,0.0
cpd28260_c0_dilution,0.0,0.0
cpd03520_c0_dilution,0.0,0.0
cpd27484_c0_dilution,0.0,0.0
cpd26672_c0_dilution,0.0,0.0
cpd27021_c0_dilution,0.0,0.0
cpd21488_c0_dilution,0.0,4.004004004004004
cpd21090_c0_dilution,0.0,0.0
cpd33647_c0_dilution,0.0,0.0
cpd35194_c0_dilution,0.0,0.0
cpd21117_c0_dilution,0.0,0.0
cpd19442_c0_dilution,0.0,0.0
cpd00264_c0_dilution,0.0,0.0
cpd15807_c0_dilution,0.0,0.0
cpd27020_c0_dilution,0.0,0.0
cpd01270_c0_dilution,0.0,0.0
cpd17040_c0_dilution,0.0,0.0
cpd32452_c0_dilution,0.0,0.0
cpd01046_c0_dilution,0.0,1.7884789855432585e-30
cpd01042_c0_dilution,0.0,0.0
cpd19020_c0_dilution,0.0,0.0
cpd21167_c0_dilution,0.0,0.0
cpd01029_c0_dilution,0.0,1.998001998001999
cpd14718_c0_dilution,0.0,2.002002002002002
cpd21487_c0_dilution,0.0,0.0
cpd21486_c0_dilution,0.0,0.0
cpd21464_c0_dilution,0.0,0.0
cpd21482_c0_dilution,0.0,0.0
cpd03447_c0_dilution,0.0,0.0
cpd00945_c0_dilution,0.0,0.0
cpd05262_c0_dilution,0.0,0.0
cpd00724_c0_dilution,0.0,3.996003996003997
cpd00266_e0_dilution,0.0,3.992011984019954
cpd00266_c0_dilution,0.0,1.9980019980019978
cpd27735_c0_dilution,0.0,0.0
cpd28060_c0_dilution,0.0,0.0
cpd27758_c0_dilution,0.0,0.0
cpd28083_c0_dilution,0.0,0.0
cpd00033_e0_dilution,0.0,3.9960039960039966
cpd01317_c0_dilution,0.0,0.0
cpd00948_c0_dilution,0.0,0.0
cpd00531_e0_dilution,0.0,1.9980019980019983
cpd27144_c0_dilution,0.0,0.0
cpd27713_c0_dilution,0.0,0.0
cpd19030_c0_dilution,0.0,0.0
cpd21481_c0_dilution,0.0,0.00800801601602372
cpd21472_c0_dilution,0.0,1.9980019980019974
cpd00161_e0_dilution,0.0,2.002002002002002
cpd00227_e0_dilution,0.0,2.0020020020020017
cpd00029_e0_dilution,0.0,5.994005994005995
cpd27180_c0_dilution,0.0,2.9405886866172115e-29
cpd00204_c0_dilution,0.0,0.0
cpd00745_c0_dilution,0.0,0.0
cpd28205_c0_dilution,0.0,0.0
cpd14548_c0_dilution,0.0,0.0
cpd00020_e0_dilution,0.0,3.996003996003996
cpd00001_e0_dilution,0.0,3.996003996003996
cpd01414_e0_dilution,0.0,3.992011984019954
cpd01414_c0_dilution,0.0,1.9980019980019978
cpd01567_c0_dilution,0.0,0.0
cpd01550_c0_dilution,0.0,0.0
cpd00585_c0_dilution,0.0,0.0
cpd02074_c0_dilution,0.0,0.0
cpd00922_c0_dilution,0.0,0.0
cpd02414_c0_dilution,0.0,0.0
cpd00047_e0_dilution,0.0,3.996003996003996
cpd10516_e0_dilution,0.0,3.9960039960040223
cpd02692_c0_dilution,0.0,0.0
cpd00055_c0_dilution,0.0,1.9980019980019978
cpd00007_e0_dilution,0.0,1.9980019980019978
cpd00116_e0_dilution,0.0,3.9920119840199852
cpd00011_e0_dilution,0.0,3.996003996003996
cpd00339_c0_dilution,0.0,0.0
cpd03453_e0_dilution,0.0,3.9960039960039966
cpd03726_e0_dilution,0.0,3.9960039960039966
cpd00363_e0_dilution,0.0,3.9960039960039966
cpd00071_e0_dilution,0.0,3.996003996003996
cpd00418_e0_dilution,0.0,3.9920119840199764
cpd11640_e0_dilution,0.0,3.992011984019976
cpd00221_e0_dilution,0.0,3.996003996003996
cpd00239_e0_dilution,0.0,3.9920119840199755
cpd00081_e0_dilution,0.0,1.9980019980019967
cpd00268_e0_dilution,0.0,3.992011984019977
cpd00254_c0_dilution,0.0,0.0
cpd00099_c0_dilution,0.0,0.0
cpd00149_c0_dilution,0.0,0.0
cpd15793_c0_dilution,0.0,0.0
cpd11416_c0_dilution,0.0,0.0
cpd01997_c0_dilution,0.0,0.0
