,source,target
0,rxn05034_c0,rxn03893_c0
1,rxn05034_c0,rxn00966_c0
2,rxn09108_c0,rxn08306_c0
3,rxn09108_c0,rxn09205_c0
4,rxn09108_c0,rxn09101_c0
5,rxn05233_c0,rxn05256_c0
6,rxn05233_c0,rxn05289_c0
7,rxn05233_c0,rxn05239_c0
8,rxn05233_c0,rxn05231_c0
9,rxn05233_c0,rxn06076_c0
10,rxn05233_c0,rxn06078_c0
11,rxn05233_c0,rxn06075_c0
12,rxn05233_c0,rxn05733_c0
13,rxn05233_c0,rxn09296_c0
14,rxn02297_c0,rxn21864_c0
15,rxn02297_c0,rxn40439_c0
16,rxn02297_c0,rxn02312_c0
17,rxn05338_c0,rxn05343_c0
18,rxn05338_c0,rxn05333_c0
19,rxn05323_c0,rxn08084_c0
20,rxn05323_c0,rxn05457_c0
21,rxn05323_c0,rxn05335_c0
22,rxn05323_c0,rxn08547_c0
23,rxn05323_c0,rxn05344_c0
24,rxn08839_c0,rxn08808_c0
25,rxn08839_c0,rxn08838_c0
26,rxn08839_c0,rxn08805_c0
27,rxn08839_c0,rxn08807_c0
28,rxn08839_c0,rxn08843_c0
29,rxn08839_c0,rxn01073_c0
30,rxn08839_c0,rxn08803_c0
31,rxn08839_c0,rxn08804_c0
32,rxn08839_c0,rxn08840_c0
33,rxn08839_c0,rxn08806_c0
34,rxn08839_c0,rxn08841_c0
35,rxn08839_c0,rxn08809_c0
36,rxn08839_c0,rxn08842_c0
37,rxn08839_c0,rxn08844_c0
38,rxn05350_c0,rxn08017_c0
39,rxn05350_c0,rxn06023_c0
40,rxn05350_c0,rxn05343_c0
41,rxn05350_c0,rxn08551_c0
42,rxn05350_c0,octanoyl_xfer
43,rxn05350_c0,rxn41452_c0
44,rxn05350_c0,rxn08021_c0
45,rxn05350_c0,rxn05349_c0
46,rxn05350_c0,rxn08549_c0
47,rxn05350_c0,rxn05348_c0
48,rxn05350_c0,rxn06022_c0
49,rxn05350_c0,rxn08546_c0
50,rxn05350_c0,rxn08552_c0
51,rxn05350_c0,rxn05344_c0
52,rxn05350_c0,rxn05346_c0
53,rxn05350_c0,rxn06729_c0
54,rxn05350_c0,rxn05326_c0
55,rxn05350_c0,rxn05347_c0
56,rxn05350_c0,rxn05345_c0
57,rxn05350_c0,rxn08548_c0
58,rxn05350_c0,rxn05457_c0
59,rxn05350_c0,rxn05458_c0
60,rxn05350_c0,rxn08547_c0
61,rxn05350_c0,rxn05341_c0
62,rxn05350_c0,rxn21860_c0
63,rxn05350_c0,rxn08089_c0
64,rxn05350_c0,rxn08020_c0
65,rxn05350_c0,rxn21864_c0
66,rxn05350_c0,rxn08766_c0
67,rxn05350_c0,rxn08550_c0
68,rxn05350_c0,rxn05465_c0
69,rxn05350_c0,rxn47768_c0
70,rxn05350_c0,rxn08084_c0
71,rxn05350_c0,rxn08015_c0
72,rxn05350_c0,rxn06723_c0
73,rxn05350_c0,rxn05460_c0
74,rxn05350_c0,rxn06865_c0
75,rxn08557_c0,rxn08971_c0
76,rxn08557_c0,rxn08793_c0
77,rxn08557_c0,rxn08336_c0
78,rxn08557_c0,rxn09003_c0
79,rxn08557_c0,rxn08527_c0
80,rxn08557_c0,rxn14420_c0
81,rxn08552_c0,rxn08017_c0
82,rxn08552_c0,rxn06023_c0
83,rxn08552_c0,rxn05343_c0
84,rxn08552_c0,rxn08551_c0
85,rxn08552_c0,octanoyl_xfer
86,rxn08552_c0,rxn08021_c0
87,rxn08552_c0,rxn05349_c0
88,rxn08552_c0,rxn08549_c0
89,rxn08552_c0,rxn05348_c0
90,rxn08552_c0,rxn06022_c0
91,rxn08552_c0,rxn08546_c0
92,rxn08552_c0,rxn05344_c0
93,rxn08552_c0,rxn05346_c0
94,rxn08552_c0,rxn06729_c0
95,rxn08552_c0,rxn05347_c0
96,rxn08552_c0,rxn05345_c0
97,rxn08552_c0,rxn08548_c0
98,rxn08552_c0,rxn05457_c0
99,rxn08552_c0,rxn05458_c0
100,rxn08552_c0,rxn08547_c0
101,rxn08552_c0,rxn21860_c0
102,rxn08552_c0,rxn08089_c0
103,rxn08552_c0,rxn08020_c0
104,rxn08552_c0,rxn21864_c0
105,rxn08552_c0,rxn08550_c0
106,rxn08552_c0,rxn05465_c0
107,rxn08552_c0,rxn47768_c0
108,rxn08552_c0,rxn08084_c0
109,rxn08552_c0,rxn08015_c0
110,rxn08552_c0,rxn08802_c0
111,rxn08552_c0,rxn06723_c0
112,rxn08552_c0,rxn05460_c0
113,rxn08552_c0,rxn06865_c0
114,rxn02187_c0,rxn03068_c0
115,rxn02187_c0,rxn02186_c0
116,rxn05733_c0,rxn00383_c0
117,rxn05733_c0,rxn00423_c0
118,rxn05733_c0,rxn00623_c0
119,rxn05733_c0,rxn05256_c0
120,rxn05733_c0,rxn05289_c0
121,rxn05733_c0,rxn05239_c0
122,rxn05733_c0,rxn09069_c0
123,rxn05733_c0,rxn05231_c0
124,rxn05733_c0,rxn06078_c0
125,rxn05733_c0,rxn06076_c0
126,rxn05733_c0,rxn06075_c0
127,rxn05733_c0,rxn09330_c0
128,rxn05733_c0,rxn07450_c0
129,rxn05733_c0,rxn09260_c0
130,rxn05733_c0,rxn01416_c0
131,rxn05733_c0,rxn00649_c0
132,rxn05733_c0,rxn09296_c0
133,rxn03253_c0,rxn03245_c0
134,rxn03253_c0,rxn03243_c0
135,rxn08813_c0,rxn08816_c0
136,rxn08813_c0,rxn08850_c0
137,rxn08813_c0,rxn08846_c0
138,rxn08813_c0,rxn08849_c0
139,rxn08813_c0,rxn08845_c0
140,rxn08813_c0,rxn08814_c0
141,rxn08813_c0,rxn08811_c0
142,rxn08813_c0,rxn08812_c0
143,rxn08813_c0,rxn08815_c0
144,rxn08813_c0,rxn08810_c0
145,rxn08813_c0,rxn08848_c0
146,rxn08813_c0,rxn08669_c0
147,rxn08813_c0,rxn08851_c0
148,rxn08813_c0,rxn08847_c0
149,rxn03842_c0,rxn01747_c0
150,rxn08808_c0,rxn08803_c0
151,rxn08808_c0,rxn08838_c0
152,rxn08808_c0,rxn08805_c0
153,rxn08808_c0,rxn08807_c0
154,rxn08808_c0,rxn08843_c0
155,rxn08808_c0,rxn01073_c0
156,rxn08808_c0,rxn08804_c0
157,rxn08808_c0,rxn08840_c0
158,rxn08808_c0,rxn08806_c0
159,rxn08808_c0,rxn08841_c0
160,rxn08808_c0,rxn08809_c0
161,rxn08808_c0,rxn08842_c0
162,rxn08808_c0,rxn08844_c0
163,rxn09200_c0,rxn09208_c0
164,rxn09200_c0,rxn08119_c0
165,rxn03251_c0,rxn03250_c0
166,rxn03251_c0,rxn03248_c0
167,rxn15293_c0,rxn01457_c0
168,rxn10570_c0,rxn09979_c0
169,rxn10570_c0,EX_cpd00116_e0
170,rxn10570_c0,rxn16573_c0
171,rxn10570_c0,rxn09978_c0
172,rxn40439_c0,rxn02277_c0
173,rxn40439_c0,rxn21864_c0
174,rxn40439_c0,rxn05296_c0
175,rxn40439_c0,rxn00313_c0
176,rxn40439_c0,rxn00321_c0
177,rxn40439_c0,rxn02312_c0
178,rxn14061_c0,rxn14333_c0
179,rxn14061_c0,rxn14040_c0
180,rxn14061_c0,rxn14011_c0
181,rxn14061_c0,rxn04113_c0
182,rxn14061_c0,rxn14334_c0
183,rxn14061_c0,rxn03892_c0
184,rxn14061_c0,rxn05287_c0
185,rxn14061_c0,rxn03891_c0
186,rxn14061_c0,rxn01466_c0
187,rxn14061_c0,rxn13957_c0
188,rxn14061_c0,rxn12008_c0
189,rxn14061_c0,rxn01213_c0
190,rxn14061_c0,rxn03843_c0
191,rxn14061_c0,rxn05030_c0
192,rxn14061_c0,rxn09037_c0
193,rxn14061_c0,rxn08756_c0
194,rxn01639_c0,rxn01642_c0
195,rxn19704_c0,rxn43581_c0
196,rxn05340_c0,rxn05348_c0
197,rxn05340_c0,rxn05331_c0
198,rxn05325_c0,rxn05334_c0
199,rxn05325_c0,octanoyl_xfer
200,rxn05325_c0,rxn05343_c0
201,rxn10268_c0,rxn10262_c0
202,rxn08084_c0,rxn08017_c0
203,rxn08084_c0,rxn06023_c0
204,rxn08084_c0,rxn05343_c0
205,rxn08084_c0,rxn08551_c0
206,rxn08084_c0,octanoyl_xfer
207,rxn08084_c0,rxn08021_c0
208,rxn08084_c0,rxn05349_c0
209,rxn08084_c0,rxn08549_c0
210,rxn08084_c0,rxn05348_c0
211,rxn08084_c0,rxn06022_c0
212,rxn08084_c0,rxn08546_c0
213,rxn08084_c0,rxn05344_c0
214,rxn08084_c0,rxn05346_c0
215,rxn08084_c0,rxn06729_c0
216,rxn08084_c0,rxn05347_c0
217,rxn08084_c0,rxn05345_c0
218,rxn08084_c0,rxn08548_c0
219,rxn08084_c0,rxn05457_c0
220,rxn08084_c0,rxn05458_c0
221,rxn08084_c0,rxn08547_c0
222,rxn08084_c0,rxn21860_c0
223,rxn08084_c0,rxn08295_c0
224,rxn08084_c0,rxn08020_c0
225,rxn08084_c0,rxn08089_c0
226,rxn08084_c0,rxn21864_c0
227,rxn08084_c0,rxn08550_c0
228,rxn08084_c0,rxn05465_c0
229,rxn08084_c0,rxn47768_c0
230,rxn08084_c0,rxn08307_c0
231,rxn08084_c0,rxn08015_c0
232,rxn08084_c0,rxn06723_c0
233,rxn08084_c0,rxn05460_c0
234,rxn08084_c0,rxn06865_c0
235,rxn05247_c0,rxn10207_c0
236,rxn21864_c0,rxn08017_c0
237,rxn21864_c0,rxn06023_c0
238,rxn21864_c0,rxn05343_c0
239,rxn21864_c0,rxn08551_c0
240,rxn21864_c0,octanoyl_xfer
241,rxn21864_c0,rxn08021_c0
242,rxn21864_c0,rxn05349_c0
243,rxn21864_c0,rxn08549_c0
244,rxn21864_c0,rxn05348_c0
245,rxn21864_c0,rxn06022_c0
246,rxn21864_c0,rxn08546_c0
247,rxn21864_c0,rxn05344_c0
248,rxn21864_c0,rxn05346_c0
249,rxn21864_c0,rxn06729_c0
250,rxn21864_c0,rxn05347_c0
251,rxn21864_c0,rxn05345_c0
252,rxn21864_c0,rxn08548_c0
253,rxn21864_c0,rxn16573_c0
254,rxn21864_c0,rxn05457_c0
255,rxn21864_c0,rxn05458_c0
256,rxn21864_c0,rxn08547_c0
257,rxn21864_c0,rxn21860_c0
258,rxn21864_c0,rxn08089_c0
259,rxn21864_c0,rxn08020_c0
260,rxn21864_c0,rxn02312_c0
261,rxn21864_c0,rxn08550_c0
262,rxn21864_c0,rxn05465_c0
263,rxn21864_c0,rxn47768_c0
264,rxn21864_c0,rxn08015_c0
265,rxn21864_c0,rxn06723_c0
266,rxn21864_c0,rxn05460_c0
267,rxn21864_c0,rxn06865_c0
268,rxn10255_c0,rxn10222_c0
269,rxn09203_c0,rxn09211_c0
270,rxn05465_c0,rxn08017_c0
271,rxn05465_c0,rxn06023_c0
272,rxn05465_c0,rxn05343_c0
273,rxn05465_c0,rxn08551_c0
274,rxn05465_c0,octanoyl_xfer
275,rxn05465_c0,rxn00533_c0
276,rxn05465_c0,rxn08021_c0
277,rxn05465_c0,rxn41452_c0
278,rxn05465_c0,rxn05349_c0
279,rxn05465_c0,rxn08549_c0
280,rxn05465_c0,rxn05348_c0
281,rxn05465_c0,rxn06022_c0
282,rxn05465_c0,rxn08546_c0
283,rxn05465_c0,rxn06673_c0
284,rxn05465_c0,rxn05344_c0
285,rxn05465_c0,rxn05346_c0
286,rxn05465_c0,rxn06729_c0
287,rxn05465_c0,rxn05347_c0
288,rxn05465_c0,rxn05345_c0
289,rxn05465_c0,rxn08548_c0
290,rxn05465_c0,rxn05457_c0
291,rxn05465_c0,rxn05458_c0
292,rxn05465_c0,rxn08547_c0
293,rxn05465_c0,rxn21860_c0
294,rxn05465_c0,rxn08089_c0
295,rxn05465_c0,rxn08020_c0
296,rxn05465_c0,rxn08766_c0
297,rxn05465_c0,rxn08550_c0
298,rxn05465_c0,rxn47768_c0
299,rxn05465_c0,rxn08015_c0
300,rxn05465_c0,rxn06723_c0
301,rxn05465_c0,rxn05460_c0
302,rxn05465_c0,rxn06865_c0
303,rxn08073_c0,rxn08076_c0
304,rxn08073_c0,rxn08123_c0
305,rxn09208_c0,rxn08309_c0
306,rxn09208_c0,rxn09111_c0
307,rxn01315_c0,rxn12846_c0
308,rxn01315_c0,rxn04989_c0
309,rxn01315_c0,rxn00493_c0
310,rxn01315_c0,rxn03236_c0
311,rxn01315_c0,rxn01313_c0
312,rxn01315_c0,rxn01314_c0
313,rxn01315_c0,rxn05296_c0
314,EX_cpd00731_e0,rxn08098_c0
315,rxn00029_c0,rxn01629_c0
316,rxn00029_c0,rxn00060_c0
317,rxn03043_c0,rxn01124_c0
318,EX_cpd03424_e0,rxn05187_c0
319,rxn05256_c0,rxn00383_c0
320,rxn05256_c0,rxn00623_c0
321,rxn05256_c0,rxn05289_c0
322,rxn05256_c0,rxn05239_c0
323,rxn05256_c0,rxn09069_c0
324,rxn05256_c0,rxn05231_c0
325,rxn05256_c0,rxn06076_c0
326,rxn05256_c0,rxn06078_c0
327,rxn05256_c0,rxn06075_c0
328,rxn05256_c0,rxn07450_c0
329,rxn05256_c0,rxn09260_c0
330,rxn05256_c0,rxn01416_c0
331,rxn05256_c0,rxn09296_c0
332,rxn05179_c0,EX_cpd00322_e0
333,rxn08895_c0,rxn08893_c0
334,rxn08895_c0,rxn08890_c0
335,rxn02788_c0,rxn01894_c0
336,rxn10229_c0,rxn10235_c0
337,rxn10229_c0,rxn10223_c0
338,rxn10229_c0,rxn10262_c0
339,rxn04139_c0,rxn11946_c0
340,rxn04139_c0,rxn03397_c0
341,rxn03408_c0,rxn10314_c0
342,rxn03408_c0,rxn10312_c0
343,rxn03408_c0,rxn03904_c0
344,rxn03408_c0,rxn00461_c0
345,rxn03408_c0,rxn10307_c0
346,rxn03408_c0,rxn10309_c0
347,rxn03408_c0,rxn10315_c0
348,rxn03408_c0,rxn03409_c0
349,rxn03408_c0,rxn10313_c0
350,rxn03408_c0,rxn10199_c0
351,rxn03408_c0,rxn10308_c0
352,rxn03408_c0,rxn00293_c0
353,rxn03408_c0,rxn08040_c0
354,rxn03408_c0,rxn03933_c0
355,rxn03408_c0,rxn06729_c0
356,rxn01466_c0,rxn14333_c0
357,rxn01466_c0,rxn14040_c0
358,rxn01466_c0,rxn14011_c0
359,rxn01466_c0,rxn04113_c0
360,rxn01466_c0,rxn14334_c0
361,rxn01466_c0,rxn03892_c0
362,rxn01466_c0,rxn05287_c0
363,rxn01466_c0,rxn03891_c0
364,rxn01466_c0,rxn13957_c0
365,rxn01466_c0,rxn01213_c0
366,rxn01466_c0,rxn12008_c0
367,rxn01466_c0,rxn08756_c0
368,rxn01466_c0,rxn03843_c0
369,rxn01466_c0,rxn05030_c0
370,rxn01466_c0,rxn09037_c0
371,rxn01466_c0,rxn05120_c0
372,thiazol_synth,lipoyl_synth
373,thiazol_synth,rxn03909_c0
374,thiazol_synth,rxn16823_c0
375,thiazol_synth,rxn03958_c0
376,thiazol_synth,rxn05760_c0
377,thiazol_synth,rxn05937_c0
378,thiazol_synth,fe3_reduction
379,thiazol_synth,rxn04070_c0
380,rxn46694_c0,rxn16776_c0
381,rxn05937_c0,rxn05760_c0
382,rxn05937_c0,lipoyl_synth
383,rxn05937_c0,fe3_reduction
384,rxn21859_c0,rxn21858_c0
385,rxn21859_c0,rxn21860_c0
386,rxn02803_c0,rxn03241_c0
387,rxn05346_c0,rxn08017_c0
388,rxn05346_c0,rxn06023_c0
389,rxn05346_c0,rxn05343_c0
390,rxn05346_c0,rxn08551_c0
391,rxn05346_c0,octanoyl_xfer
392,rxn05346_c0,rxn41452_c0
393,rxn05346_c0,rxn08021_c0
394,rxn05346_c0,rxn05349_c0
395,rxn05346_c0,rxn05322_c0
396,rxn05346_c0,rxn08549_c0
397,rxn05346_c0,rxn05348_c0
398,rxn05346_c0,rxn06022_c0
399,rxn05346_c0,rxn08546_c0
400,rxn05346_c0,rxn05337_c0
401,rxn05346_c0,rxn05344_c0
402,rxn05346_c0,rxn06729_c0
403,rxn05346_c0,rxn05347_c0
404,rxn05346_c0,rxn05345_c0
405,rxn05346_c0,rxn08548_c0
406,rxn05346_c0,rxn05457_c0
407,rxn05346_c0,rxn05458_c0
408,rxn05346_c0,rxn08547_c0
409,rxn05346_c0,rxn21860_c0
410,rxn05346_c0,rxn08089_c0
411,rxn05346_c0,rxn08020_c0
412,rxn05346_c0,rxn08766_c0
413,rxn05346_c0,rxn08550_c0
414,rxn05346_c0,rxn47768_c0
415,rxn05346_c0,rxn08015_c0
416,rxn05346_c0,rxn06723_c0
417,rxn05346_c0,rxn05460_c0
418,rxn05346_c0,rxn06865_c0
419,rxn05296_c0,rxn12846_c0
420,rxn05296_c0,rxn00863_c0
421,rxn05296_c0,rxn04989_c0
422,rxn05296_c0,rxn00474_c0
423,rxn05296_c0,rxn00493_c0
424,rxn05296_c0,rxn12642_c0
425,rxn05296_c0,bio1_biomass
426,rxn05296_c0,rxn00313_c0
427,rxn05296_c0,rxn00321_c0
428,rxn05296_c0,rxn01964_c0
429,rxn05296_c0,rxn00867_c0
430,rxn05296_c0,rxn00478_c0
431,rxn08798_c0,rxn08805_c0
432,rxn08798_c0,rxn08548_c0
433,rxn08798_c0,rxn08442_c0
434,rxn08798_c0,rxn08819_c0
435,rxn08798_c0,rxn08015_c0
436,rxn08798_c0,rxn08840_c0
437,rxn08798_c0,rxn08812_c0
438,rxn08798_c0,rxn08847_c0
439,rxn03893_c0,rxn00966_c0
440,rxn03893_c0,rxn03393_c0
441,rxn03893_c0,rxn12008_c0
442,rxn03893_c0,rxn09037_c0
443,rxn08239_c0,EX_cpd00149_e0
444,rxn08239_c0,bio1_biomass
445,rxn41452_c0,rxn08766_c0
446,rxn41452_c0,rxn05348_c0
447,rxn41452_c0,rxn05347_c0
448,rxn41452_c0,rxn05345_c0
449,rxn41452_c0,rxn05343_c0
450,rxn41452_c0,rxn47768_c0
451,rxn41452_c0,rxn05460_c0
452,rxn41452_c0,rxn21860_c0
453,rxn41452_c0,rxn05344_c0
454,rxn08816_c0,rxn08815_c0
455,rxn08816_c0,rxn08809_c0
456,rxn08816_c0,rxn08669_c0
457,rxn08816_c0,rxn08849_c0
458,rxn08816_c0,rxn08846_c0
459,rxn08816_c0,rxn08814_c0
460,rxn08816_c0,rxn08823_c0
461,rxn08816_c0,rxn08845_c0
462,rxn08816_c0,rxn08811_c0
463,rxn08816_c0,rxn08812_c0
464,rxn08816_c0,rxn08850_c0
465,rxn08816_c0,rxn08844_c0
466,rxn08816_c0,rxn09448_c0
467,rxn08816_c0,rxn08802_c0
468,rxn08816_c0,rxn08810_c0
469,rxn08816_c0,rxn08848_c0
470,rxn08816_c0,rxn08851_c0
471,rxn08816_c0,rxn08847_c0
472,rxn06864_c0,rxn06672_c0
473,rxn06864_c0,rxn00792_c0
474,rxn06864_c0,rxn06673_c0
475,rxn09022_c0,rxn05030_c0
476,rxn09022_c0,bio1_biomass
477,rxn09022_c0,rxn03901_c0
478,rxn09022_c0,rxn10199_c0
479,rxn01133_c0,rxn00022_c0
480,rxn01133_c0,rxn08129_c0
481,rxn01133_c0,rxn08126_c0
482,rxn01133_c0,rxn08127_c0
483,rxn01133_c0,rxn08128_c0
484,rxn01775_c0,rxn01080_c0
485,rxn10770_c0,rxn01867_c0
486,rxn10770_c0,rxn08213_c0
487,rxn10770_c0,rxn00758_c0
488,rxn10770_c0,rxn01868_c0
489,rxn03908_c0,rxn03910_c0
490,rxn03908_c0,rxn03907_c0
491,rxn05250_c0,rxn10210_c0
492,rxn16583_c0,rxn05619_c0
493,rxn16583_c0,rxn26361_c0
494,rxn16583_c0,rxn26021_c0
495,rxn16583_c0,rxn41683_c0
496,rxn08549_c0,rxn08017_c0
497,rxn08549_c0,rxn06023_c0
498,rxn08549_c0,rxn05343_c0
499,rxn08549_c0,rxn08551_c0
500,rxn08549_c0,octanoyl_xfer
501,rxn08549_c0,rxn08021_c0
502,rxn08549_c0,rxn05349_c0
503,rxn08549_c0,rxn05348_c0
504,rxn08549_c0,rxn06022_c0
505,rxn08549_c0,rxn08546_c0
506,rxn08549_c0,rxn05344_c0
507,rxn08549_c0,rxn06729_c0
508,rxn08549_c0,rxn05328_c0
509,rxn08549_c0,rxn05347_c0
510,rxn08549_c0,rxn05345_c0
511,rxn08549_c0,rxn08548_c0
512,rxn08549_c0,rxn05457_c0
513,rxn08549_c0,rxn05458_c0
514,rxn08549_c0,rxn08547_c0
515,rxn08549_c0,rxn21860_c0
516,rxn08549_c0,rxn08089_c0
517,rxn08549_c0,rxn08020_c0
518,rxn08549_c0,rxn08550_c0
519,rxn08549_c0,rxn47768_c0
520,rxn08549_c0,rxn08015_c0
521,rxn08549_c0,rxn06723_c0
522,rxn08549_c0,rxn05460_c0
523,rxn08549_c0,rxn06865_c0
524,rxn08807_c0,rxn08017_c0
525,rxn08807_c0,rxn08809_c0
526,rxn08807_c0,rxn08849_c0
527,rxn08807_c0,rxn08803_c0
528,rxn08807_c0,rxn08821_c0
529,rxn08807_c0,rxn08814_c0
530,rxn08807_c0,rxn08806_c0
531,rxn08807_c0,rxn08838_c0
532,rxn08807_c0,rxn09450_c0
533,rxn08807_c0,rxn08804_c0
534,rxn08807_c0,rxn08840_c0
535,rxn08807_c0,rxn08841_c0
536,rxn08807_c0,rxn08844_c0
537,rxn08807_c0,rxn08805_c0
538,rxn08807_c0,rxn08843_c0
539,rxn08807_c0,rxn01073_c0
540,rxn08807_c0,rxn08800_c0
541,rxn08807_c0,rxn08842_c0
542,rxn10312_c0,rxn10314_c0
543,rxn10312_c0,rxn00461_c0
544,rxn10312_c0,rxn10307_c0
545,rxn10312_c0,rxn10309_c0
546,rxn10312_c0,rxn10315_c0
547,rxn10312_c0,rxn10313_c0
548,rxn10312_c0,rxn10308_c0
549,rxn10312_c0,rxn00293_c0
550,rxn10312_c0,rxn08040_c0
551,rxn10312_c0,rxn10294_c0
552,rxn10312_c0,rxn03933_c0
553,rxn10312_c0,rxn06729_c0
554,rxn03439_c0,rxn02405_c0
555,rxn03439_c0,rxn06865_c0
556,rxn03439_c0,rxn03182_c0
557,rxn03439_c0,rxn16609_c0
558,rxn09260_c0,rxn00383_c0
559,rxn09260_c0,rxn00623_c0
560,rxn09260_c0,rxn09069_c0
561,rxn09260_c0,rxn05239_c0
562,rxn09260_c0,EX_cpd00081_e0
563,rxn09260_c0,rxn06078_c0
564,rxn09260_c0,rxn07450_c0
565,rxn09260_c0,rxn01416_c0
566,rxn10266_c0,rxn10260_c0
567,rxn09330_c0,rxn06078_c0
568,rxn09330_c0,rxn01416_c0
569,rxn09330_c0,EX_cpd00268_e0
570,rxn06023_c0,rxn08017_c0
571,rxn06023_c0,rxn05343_c0
572,rxn06023_c0,rxn08551_c0
573,rxn06023_c0,rxn05239_c0
574,rxn06023_c0,octanoyl_xfer
575,rxn06023_c0,rxn08021_c0
576,rxn06023_c0,rxn05349_c0
577,rxn06023_c0,rxn05348_c0
578,rxn06023_c0,rxn06022_c0
579,rxn06023_c0,rxn08546_c0
580,rxn06023_c0,rxn43470_c0
581,rxn06023_c0,rxn05344_c0
582,rxn06023_c0,rxn06729_c0
583,rxn06023_c0,rxn05347_c0
584,rxn06023_c0,rxn05345_c0
585,rxn06023_c0,rxn08548_c0
586,rxn06023_c0,rxn09069_c0
587,rxn06023_c0,rxn00137_c0
588,rxn06023_c0,rxn05457_c0
589,rxn06023_c0,rxn05458_c0
590,rxn06023_c0,rxn08547_c0
591,rxn06023_c0,rxn21860_c0
592,rxn06023_c0,rxn08089_c0
593,rxn06023_c0,rxn08020_c0
594,rxn06023_c0,rxn08550_c0
595,rxn06023_c0,rxn47768_c0
596,rxn06023_c0,rxn08015_c0
597,rxn06023_c0,rxn06723_c0
598,rxn06023_c0,rxn05460_c0
599,rxn06023_c0,rxn06865_c0
600,rxn03394_c0,rxn03393_c0
601,rxn03394_c0,rxn03395_c0
602,rxn02517_c0,rxn02518_c0
603,rxn08527_c0,rxn08971_c0
604,rxn08527_c0,rxn08793_c0
605,rxn08527_c0,rxn08336_c0
606,rxn08527_c0,rxn09003_c0
607,rxn08527_c0,rxn14420_c0
608,bio1_biomass,rxn03901_c0
609,bio1_biomass,rxn05618_c0
610,bio1_biomass,rxn05295_c0
611,bio1_biomass,rxn15947_c0
612,bio1_biomass,rxn02056_c0
613,bio1_biomass,rxn15949_c0
614,bio1_biomass,rxn05195_c0
615,bio1_biomass,fe3_reduction
616,bio1_biomass,rxn05030_c0
617,bio1_biomass,rxn09106_c0
618,bio1_biomass,rxn00224_c0
619,bio1_biomass,rxn00056_c0
620,bio1_biomass,rxn10199_c0
621,bio1_biomass,FeS_cluster_biosynth
622,bio1_biomass,DM_cpd11416_c0
623,bio1_biomass,rxn05294_c0
624,bio1_biomass,rxn08234_c0
625,bio1_biomass,rxn05616_c0
626,bio1_biomass,rxn00209_c0
627,bio1_biomass,lipoyl_synth
628,bio1_biomass,rxn05148_c0
629,bio1_biomass,rxn05514_c0
630,bio1_biomass,rxn05120_c0
631,bio1_biomass,rxn09202_c0
632,bio1_biomass,rxn00853_c0
633,bio1_biomass,rxn00208_c0
634,bio1_biomass,rxn06865_c0
635,rxn10265_c0,rxn10259_c0
636,rxn02680_c0,rxn02679_c0
637,rxn02680_c0,rxn03244_c0
638,rxn00792_c0,rxn17731_c0
639,rxn10270_c0,rxn10264_c0
640,rxn12846_c0,rxn00493_c0
641,rxn12846_c0,rxn04989_c0
642,rxn10258_c0,rxn10225_c0
643,rxn21858_c0,rxn21857_c0
644,rxn00867_c0,rxn02085_c0
645,rxn00867_c0,rxn00863_c0
646,rxn00867_c0,rxn12642_c0
647,rxn09069_c0,rxn00383_c0
648,rxn09069_c0,rxn09234_c0
649,rxn09069_c0,rxn09232_c0
650,rxn09069_c0,rxn00623_c0
651,rxn09069_c0,rxn05239_c0
652,rxn09069_c0,rxn00137_c0
653,rxn09069_c0,rxn06078_c0
654,rxn09069_c0,rxn43470_c0
655,rxn09069_c0,rxn07450_c0
656,rxn09069_c0,rxn01416_c0
657,rxn00383_c0,rxn00623_c0
658,rxn00383_c0,rxn05239_c0
659,rxn00383_c0,rxn06078_c0
660,rxn00383_c0,rxn07450_c0
661,rxn00383_c0,rxn01416_c0
662,rxn10262_c0,rxn10223_c0
663,rxn14412_c0,rxn14415_c0
664,rxn14412_c0,rxn14427_c0
665,rxn14412_c0,rxn00145_c0
666,rxn05740_c0,DM_cpd15302_c0
667,rxn05740_c0,rxn08615_c0
668,rxn10296_c0,rxn10297_c0
669,rxn10296_c0,rxn10314_c0
670,rxn10296_c0,rxn10192_c0
671,rxn10296_c0,rxn10294_c0
672,rxn10296_c0,rxn10293_c0
673,rxn10296_c0,rxn10291_c0
674,rxn10296_c0,rxn10290_c0
675,rxn10296_c0,rxn10292_c0
676,rxn10296_c0,rxn10295_c0
677,rxn10296_c0,rxn10289_c0
678,rxn08442_c0,rxn08805_c0
679,rxn08442_c0,rxn08819_c0
680,rxn08442_c0,rxn08015_c0
681,rxn08442_c0,rxn08840_c0
682,rxn08442_c0,rxn08812_c0
683,rxn08442_c0,rxn08847_c0
684,rxn05343_c0,rxn08017_c0
685,rxn05343_c0,rxn08551_c0
686,rxn05343_c0,octanoyl_xfer
687,rxn05343_c0,rxn08021_c0
688,rxn05343_c0,rxn05349_c0
689,rxn05343_c0,rxn05348_c0
690,rxn05343_c0,rxn06022_c0
691,rxn05343_c0,rxn08546_c0
692,rxn05343_c0,rxn05344_c0
693,rxn05343_c0,rxn06729_c0
694,rxn05343_c0,rxn05347_c0
695,rxn05343_c0,rxn05345_c0
696,rxn05343_c0,rxn08548_c0
697,rxn05343_c0,rxn05457_c0
698,rxn05343_c0,rxn05458_c0
699,rxn05343_c0,rxn08547_c0
700,rxn05343_c0,rxn21860_c0
701,rxn05343_c0,rxn08089_c0
702,rxn05343_c0,rxn08020_c0
703,rxn05343_c0,rxn08766_c0
704,rxn05343_c0,rxn08550_c0
705,rxn05343_c0,rxn47768_c0
706,rxn05343_c0,rxn08015_c0
707,rxn05343_c0,rxn06723_c0
708,rxn05343_c0,rxn05460_c0
709,rxn05343_c0,rxn06865_c0
710,rxn03164_c0,rxn00851_c0
711,rxn03164_c0,rxn03904_c0
712,rxn03164_c0,rxn08098_c0
713,rxn03164_c0,rxn02011_c0
714,rxn03164_c0,rxn03141_c0
715,rxn03958_c0,rxn04070_c0
716,rxn03958_c0,rxn03907_c0
717,rxn03958_c0,rxn03909_c0
718,rxn09206_c0,rxn09109_c0
719,rxn09206_c0,rxn08307_c0
720,rxn09206_c0,rxn09198_c0
721,rxn05289_c0,rxn05239_c0
722,rxn05289_c0,rxn05231_c0
723,rxn05289_c0,rxn06076_c0
724,rxn05289_c0,rxn06078_c0
725,rxn05289_c0,rxn06075_c0
726,rxn05289_c0,rxn09296_c0
727,rxn00016_c0,rxn08078_c0
728,rxn10224_c0,rxn10263_c0
729,rxn10224_c0,rxn10257_c0
730,rxn10224_c0,rxn10230_c0
731,rxn08812_c0,rxn08815_c0
732,rxn08812_c0,rxn08669_c0
733,rxn08812_c0,rxn08849_c0
734,rxn08812_c0,rxn08846_c0
735,rxn08812_c0,rxn08819_c0
736,rxn08812_c0,rxn08814_c0
737,rxn08812_c0,rxn08845_c0
738,rxn08812_c0,rxn08811_c0
739,rxn08812_c0,rxn08840_c0
740,rxn08812_c0,rxn08850_c0
741,rxn08812_c0,rxn08805_c0
742,rxn08812_c0,rxn08015_c0
743,rxn08812_c0,rxn08810_c0
744,rxn08812_c0,rxn08848_c0
745,rxn08812_c0,rxn08851_c0
746,rxn08812_c0,rxn08847_c0
747,rxn10314_c0,rxn00461_c0
748,rxn10314_c0,rxn10307_c0
749,rxn10314_c0,rxn10309_c0
750,rxn10314_c0,rxn10315_c0
751,rxn10314_c0,rxn10313_c0
752,rxn10314_c0,rxn10308_c0
753,rxn10314_c0,rxn00293_c0
754,rxn10314_c0,rxn08040_c0
755,rxn10314_c0,rxn03933_c0
756,rxn10314_c0,rxn06729_c0
757,rxn08296_c0,rxn08308_c0
758,rxn08078_c0,rxn08076_c0
759,rxn08078_c0,rxn08124_c0
760,rxn05347_c0,rxn08017_c0
761,rxn05347_c0,rxn08551_c0
762,rxn05347_c0,octanoyl_xfer
763,rxn05347_c0,rxn08021_c0
764,rxn05347_c0,rxn05349_c0
765,rxn05347_c0,rxn05348_c0
766,rxn05347_c0,rxn06022_c0
767,rxn05347_c0,rxn05339_c0
768,rxn05347_c0,rxn08546_c0
769,rxn05347_c0,rxn05344_c0
770,rxn05347_c0,rxn06729_c0
771,rxn05347_c0,rxn05345_c0
772,rxn05347_c0,rxn08548_c0
773,rxn05347_c0,rxn05457_c0
774,rxn05347_c0,rxn05458_c0
775,rxn05347_c0,rxn08547_c0
776,rxn05347_c0,rxn21860_c0
777,rxn05347_c0,rxn08089_c0
778,rxn05347_c0,rxn08020_c0
779,rxn05347_c0,rxn08766_c0
780,rxn05347_c0,rxn08550_c0
781,rxn05347_c0,rxn47768_c0
782,rxn05347_c0,rxn08015_c0
783,rxn05347_c0,rxn06723_c0
784,rxn05347_c0,rxn05460_c0
785,rxn05347_c0,rxn06865_c0
786,rxn02404_c0,rxn02405_c0
787,rxn02404_c0,rxn02331_c0
788,rxn11944_c0,rxn03052_c0
789,rxn00559_c0,rxn01329_c0
790,rxn08021_c0,rxn08017_c0
791,rxn08021_c0,rxn08551_c0
792,rxn08021_c0,octanoyl_xfer
793,rxn08021_c0,rxn05349_c0
794,rxn08021_c0,rxn05348_c0
795,rxn08021_c0,rxn06022_c0
796,rxn08021_c0,rxn08546_c0
797,rxn08021_c0,rxn05344_c0
798,rxn08021_c0,rxn06729_c0
799,rxn08021_c0,rxn05345_c0
800,rxn08021_c0,rxn08548_c0
801,rxn08021_c0,rxn05327_c0
802,rxn08021_c0,rxn05457_c0
803,rxn08021_c0,rxn05458_c0
804,rxn08021_c0,rxn08547_c0
805,rxn08021_c0,rxn21860_c0
806,rxn08021_c0,rxn08089_c0
807,rxn08021_c0,rxn08020_c0
808,rxn08021_c0,rxn08550_c0
809,rxn08021_c0,rxn47768_c0
810,rxn08021_c0,rxn08015_c0
811,rxn08021_c0,rxn06723_c0
812,rxn08021_c0,rxn05460_c0
813,rxn08021_c0,rxn06865_c0
814,rxn14425_c0,rxn14426_c0
815,rxn08297_c0,rxn08309_c0
816,rxn08843_c0,rxn08838_c0
817,rxn08843_c0,rxn08805_c0
818,rxn08843_c0,rxn01073_c0
819,rxn08843_c0,rxn08803_c0
820,rxn08843_c0,rxn08804_c0
821,rxn08843_c0,rxn08840_c0
822,rxn08843_c0,rxn08806_c0
823,rxn08843_c0,rxn08841_c0
824,rxn08843_c0,rxn08809_c0
825,rxn08843_c0,rxn08842_c0
826,rxn08843_c0,rxn08844_c0
827,rxn39978_c0,rxn39979_c0
828,rxn02008_c0,rxn00849_c0
829,rxn02008_c0,rxn02286_c0
830,rxn02008_c0,rxn02011_c0
831,rxn00405_c0,rxn01029_c0
832,rxn10261_c0,rxn10222_c0
833,rxn10261_c0,rxn10267_c0
834,rxn10261_c0,rxn10228_c0
835,rxn10228_c0,rxn10222_c0
836,rxn10228_c0,rxn10234_c0
837,rxn03031_c0,rxn03087_c0
838,rxn03031_c0,rxn39452_c0
839,rxn03031_c0,rxn03012_c0
840,rxn01893_c0,rxn01896_c0
841,rxn01893_c0,rxn00540_c0
842,rxn01893_c0,rxn01894_c0
843,rxn05121_c0,rxn05120_c0
844,rxn14011_c0,rxn14333_c0
845,rxn14011_c0,rxn14040_c0
846,rxn14011_c0,rxn14334_c0
847,rxn14011_c0,rxn04113_c0
848,rxn14011_c0,rxn03892_c0
849,rxn14011_c0,rxn05287_c0
850,rxn14011_c0,rxn03891_c0
851,rxn14011_c0,rxn13957_c0
852,rxn14011_c0,rxn12008_c0
853,rxn14011_c0,rxn01213_c0
854,rxn14011_c0,rxn03843_c0
855,rxn14011_c0,rxn05030_c0
856,rxn14011_c0,rxn09037_c0
857,rxn14011_c0,rxn08756_c0
858,rxn09360_c0,rxn02285_c0
859,rxn09360_c0,rxn08076_c0
860,rxn09360_c0,rxn02286_c0
861,rxn09360_c0,rxn08124_c0
862,rxn08811_c0,rxn08850_c0
863,rxn08811_c0,rxn08846_c0
864,rxn08811_c0,rxn08849_c0
865,rxn08811_c0,rxn08845_c0
866,rxn08811_c0,rxn08814_c0
867,rxn08811_c0,rxn08815_c0
868,rxn08811_c0,rxn08810_c0
869,rxn08811_c0,rxn08848_c0
870,rxn08811_c0,rxn08851_c0
871,rxn08811_c0,rxn08669_c0
872,rxn08811_c0,rxn08847_c0
873,rxn08821_c0,rxn08017_c0
874,rxn08821_c0,rxn09450_c0
875,rxn08821_c0,rxn08800_c0
876,rxn08821_c0,rxn08814_c0
877,rxn08821_c0,rxn08842_c0
878,rxn08821_c0,rxn08849_c0
879,rxn01867_c0,rxn05579_c0
880,rxn01867_c0,rxn01868_c0
881,rxn05330_c0,rxn05326_c0
882,rxn05330_c0,rxn05337_c0
883,rxn08800_c0,rxn08017_c0
884,rxn08800_c0,rxn08550_c0
885,rxn08800_c0,rxn09450_c0
886,rxn08800_c0,rxn08814_c0
887,rxn08800_c0,rxn08842_c0
888,rxn08800_c0,rxn08849_c0
889,rxn23042_c0,rxn00438_c0
890,rxn23042_c0,rxn16823_c0
891,rxn23042_c0,rxn03108_c0
892,rxn09113_c0,rxn08311_c0
893,rxn09113_c0,rxn09210_c0
894,rxn09113_c0,rxn09106_c0
895,rxn08642_c0,EX_cpd00080_e0
896,rxn08803_c0,rxn08809_c0
897,rxn08803_c0,rxn08440_c0
898,rxn08803_c0,rxn08806_c0
899,rxn08803_c0,rxn08796_c0
900,rxn08803_c0,rxn08817_c0
901,rxn08803_c0,rxn08838_c0
902,rxn08803_c0,rxn08804_c0
903,rxn08803_c0,rxn08845_c0
904,rxn08803_c0,rxn08840_c0
905,rxn08803_c0,rxn08841_c0
906,rxn08803_c0,rxn08844_c0
907,rxn08803_c0,rxn08020_c0
908,rxn08803_c0,rxn08805_c0
909,rxn08803_c0,rxn01073_c0
910,rxn08803_c0,rxn08810_c0
911,rxn08803_c0,rxn08842_c0
912,rxn39452_c0,rxn40037_c0
913,rxn39452_c0,rxn03012_c0
914,rxn09978_c0,rxn09979_c0
915,rxn09978_c0,rxn16573_c0
916,rxn08691_c0,EX_cpd11640_e0
917,rxn08691_c0,rxn41965_c0
918,rxn08691_c0,rxn08734_c0
919,EX_cpd00254_e0,rxn05616_c0
920,rxn00980_c0,rxn00333_c0
921,rxn03242_c0,rxn02911_c0
922,rxn03242_c0,rxn03243_c0
923,EX_cpd00239_e0,rxn08689_c0
924,rxn02405_c0,rxn03182_c0
925,rxn06022_c0,rxn08017_c0
926,rxn06022_c0,rxn08551_c0
927,rxn06022_c0,octanoyl_xfer
928,rxn06022_c0,rxn05349_c0
929,rxn06022_c0,rxn05348_c0
930,rxn06022_c0,rxn08546_c0
931,rxn06022_c0,rxn05344_c0
932,rxn06022_c0,rxn06729_c0
933,rxn06022_c0,rxn05345_c0
934,rxn06022_c0,rxn08548_c0
935,rxn06022_c0,rxn05457_c0
936,rxn06022_c0,rxn05458_c0
937,rxn06022_c0,rxn08547_c0
938,rxn06022_c0,rxn21860_c0
939,rxn06022_c0,rxn08089_c0
940,rxn06022_c0,rxn08020_c0
941,rxn06022_c0,rxn08550_c0
942,rxn06022_c0,rxn47768_c0
943,rxn06022_c0,rxn08015_c0
944,rxn06022_c0,rxn06723_c0
945,rxn06022_c0,rxn05460_c0
946,rxn06022_c0,rxn06865_c0
947,rxn15750_c0,rxn01122_c0
948,rxn15750_c0,rxn01123_c0
949,rxn15750_c0,rxn00763_c0
950,rxn15750_c0,rxn01124_c0
951,rxn15750_c0,rxn01286_c0
952,rxn08128_c0,rxn00022_c0
953,rxn08128_c0,rxn08942_c0
954,rxn08128_c0,rxn08129_c0
955,rxn08128_c0,rxn08127_c0
956,rxn08128_c0,rxn08126_c0
957,rxn08128_c0,rxn08941_c0
958,rxn08823_c0,rxn09448_c0
959,rxn08823_c0,rxn08802_c0
960,rxn08823_c0,rxn08809_c0
961,rxn08823_c0,rxn08851_c0
962,rxn08823_c0,rxn08844_c0
963,lipoyl_synth,rxn00952_c0
964,lipoyl_synth,rxn00056_c0
965,lipoyl_synth,rxn00623_c0
966,lipoyl_synth,rxn02056_c0
967,lipoyl_synth,rxn00224_c0
968,lipoyl_synth,FeS_cluster_biosynth
969,lipoyl_synth,rxn05760_c0
970,lipoyl_synth,rxn05957_c0
971,lipoyl_synth,fe3_reduction
972,lipoyl_synth,rxn08689_c0
973,lipoyl_synth,rxn00649_c0
974,rxn05339_c0,rxn08766_c0
975,rxn05339_c0,rxn05329_c0
976,rxn00863_c0,rxn12642_c0
977,rxn00863_c0,rxn02159_c0
978,rxn03933_c0,rxn00461_c0
979,rxn03933_c0,rxn10307_c0
980,rxn03933_c0,rxn10309_c0
981,rxn03933_c0,rxn10313_c0
982,rxn03933_c0,rxn10308_c0
983,rxn03933_c0,rxn03407_c0
984,rxn03933_c0,rxn00293_c0
985,rxn03933_c0,rxn08040_c0
986,rxn03933_c0,rxn03903_c0
987,rxn03933_c0,rxn10315_c0
988,rxn03933_c0,rxn06729_c0
989,rxn02144_c0,rxn02143_c0
990,rxn09197_c0,rxn09205_c0
991,rxn03236_c0,rxn01314_c0
992,rxn03236_c0,rxn04989_c0
993,rxn03236_c0,rxn01313_c0
994,rxn08502_e0,EX_cpd10516_e0
995,rxn08502_e0,EX_cpd03453_e0
996,rxn08502_e0,EX_cpd03726_e0
997,rxn08502_e0,rxn05195_c0
998,rxn02911_c0,rxn02720_c0
999,rxn01974_c0,rxn00313_c0
1000,rxn01974_c0,rxn02011_c0
1001,rxn01974_c0,rxn01973_c0
1002,rxn00313_c0,rxn02011_c0
1003,rxn00313_c0,rxn00321_c0
1004,rxn14421_c0,rxn14422_c0
1005,rxn05581_c0,rxn00763_c0
1006,rxn05581_c0,rxn00819_c0
1007,rxn05581_c0,EX_cpd00100_e0
1008,rxn05581_c0,rxn08669_c0
1009,rxn05581_c0,rxn00615_c0
1010,rxn02774_c0,rxn05006_c0
1011,rxn02774_c0,rxn02056_c0
1012,rxn14415_c0,rxn00145_c0
1013,rxn14415_c0,rxn14427_c0
1014,rxn05730_c0,EX_cpd01414_e0
1015,rxn02288_c0,rxn04704_c0
1016,rxn02288_c0,rxn05005_c0
1017,rxn02288_c0,rxn02264_c0
1018,rxn02288_c0,rxn02303_c0
1019,rxn03247_c0,rxn02679_c0
1020,rxn03247_c0,rxn03246_c0
1021,rxn03146_c0,rxn06723_c0
1022,rxn03146_c0,rxn06729_c0
1023,rxn47768_c0,rxn08017_c0
1024,rxn47768_c0,rxn08551_c0
1025,rxn47768_c0,octanoyl_xfer
1026,rxn47768_c0,rxn05349_c0
1027,rxn47768_c0,rxn21857_c0
1028,rxn47768_c0,rxn05348_c0
1029,rxn47768_c0,rxn08546_c0
1030,rxn47768_c0,rxn05344_c0
1031,rxn47768_c0,rxn06729_c0
1032,rxn47768_c0,rxn05345_c0
1033,rxn47768_c0,rxn08548_c0
1034,rxn47768_c0,rxn05457_c0
1035,rxn47768_c0,rxn05458_c0
1036,rxn47768_c0,rxn08547_c0
1037,rxn47768_c0,rxn21860_c0
1038,rxn47768_c0,rxn08089_c0
1039,rxn47768_c0,rxn08020_c0
1040,rxn47768_c0,rxn08766_c0
1041,rxn47768_c0,rxn08550_c0
1042,rxn47768_c0,rxn08015_c0
1043,rxn47768_c0,rxn06723_c0
1044,rxn47768_c0,rxn05460_c0
1045,rxn47768_c0,rxn06865_c0
1046,rxn08842_c0,rxn08017_c0
1047,rxn08842_c0,rxn08809_c0
1048,rxn08842_c0,rxn08849_c0
1049,rxn08842_c0,rxn08814_c0
1050,rxn08842_c0,rxn08806_c0
1051,rxn08842_c0,rxn08838_c0
1052,rxn08842_c0,rxn09450_c0
1053,rxn08842_c0,rxn08804_c0
1054,rxn08842_c0,rxn08840_c0
1055,rxn08842_c0,rxn08841_c0
1056,rxn08842_c0,rxn08844_c0
1057,rxn08842_c0,rxn08805_c0
1058,rxn08842_c0,rxn01073_c0
1059,rxn00791_c0,rxn00728_c0
1060,rxn00791_c0,rxn02508_c0
1061,rxn00791_c0,rxn00726_c0
1062,rxn00791_c0,rxn00727_c0
1063,rxn03130_c0,rxn06723_c0
1064,rxn03130_c0,rxn03159_c0
1065,rxn05248_c0,rxn10209_c0
1066,rxn03250_c0,rxn03249_c0
1067,rxn04989_c0,rxn00493_c0
1068,rxn04989_c0,rxn01313_c0
1069,rxn04989_c0,rxn01314_c0
1070,rxn02304_c0,rxn04704_c0
1071,rxn02304_c0,rxn02303_c0
1072,rxn02304_c0,rxn00224_c0
1073,rxn00817_c0,rxn03838_c0
1074,rxn01313_c0,rxn01314_c0
1075,rxn08129_c0,rxn00022_c0
1076,rxn08129_c0,rxn08942_c0
1077,rxn08129_c0,rxn08126_c0
1078,rxn08129_c0,rxn08127_c0
1079,rxn08851_c0,rxn08815_c0
1080,rxn08851_c0,rxn08809_c0
1081,rxn08851_c0,rxn08669_c0
1082,rxn08851_c0,rxn08849_c0
1083,rxn08851_c0,rxn08846_c0
1084,rxn08851_c0,rxn08814_c0
1085,rxn08851_c0,rxn08845_c0
1086,rxn08851_c0,rxn08850_c0
1087,rxn08851_c0,rxn08844_c0
1088,rxn08851_c0,rxn09448_c0
1089,rxn08851_c0,rxn08802_c0
1090,rxn08851_c0,rxn08810_c0
1091,rxn08851_c0,rxn08848_c0
1092,rxn08851_c0,rxn08847_c0
1093,rxn03409_c0,rxn10199_c0
1094,rxn10233_c0,rxn10227_c0
1095,rxn08845_c0,rxn08815_c0
1096,rxn08845_c0,rxn08669_c0
1097,rxn08845_c0,rxn08849_c0
1098,rxn08845_c0,rxn08440_c0
1099,rxn08845_c0,rxn08846_c0
1100,rxn08845_c0,rxn08814_c0
1101,rxn08845_c0,rxn08796_c0
1102,rxn08845_c0,rxn08817_c0
1103,rxn08845_c0,rxn08838_c0
1104,rxn08845_c0,rxn08850_c0
1105,rxn08845_c0,rxn08020_c0
1106,rxn08845_c0,rxn08810_c0
1107,rxn08845_c0,rxn08848_c0
1108,rxn08845_c0,rxn08847_c0
1109,rxn05458_c0,rxn08017_c0
1110,rxn05458_c0,rxn08551_c0
1111,rxn05458_c0,octanoyl_xfer
1112,rxn05458_c0,rxn05349_c0
1113,rxn05458_c0,rxn05348_c0
1114,rxn05458_c0,rxn08546_c0
1115,rxn05458_c0,rxn05344_c0
1116,rxn05458_c0,rxn06729_c0
1117,rxn05458_c0,rxn05328_c0
1118,rxn05458_c0,rxn05345_c0
1119,rxn05458_c0,rxn08548_c0
1120,rxn05458_c0,rxn05457_c0
1121,rxn05458_c0,rxn08547_c0
1122,rxn05458_c0,rxn21860_c0
1123,rxn05458_c0,rxn08089_c0
1124,rxn05458_c0,rxn08020_c0
1125,rxn05458_c0,rxn08550_c0
1126,rxn05458_c0,rxn08015_c0
1127,rxn05458_c0,rxn06723_c0
1128,rxn05458_c0,rxn05460_c0
1129,rxn05458_c0,rxn06865_c0
1130,rxn02331_c0,rxn01117_c0
1131,rxn00881_c0,rxn00883_c0
1132,rxn00881_c0,rxn00882_c0
1133,rxn00881_c0,rxn00890_c0
1134,rxn02143_c0,rxn04750_c0
1135,rxn01000_c0,rxn00493_c0
1136,rxn01000_c0,rxn00999_c0
1137,rxn10295_c0,rxn10297_c0
1138,rxn10295_c0,rxn10192_c0
1139,rxn10295_c0,rxn10293_c0
1140,rxn10295_c0,rxn10291_c0
1141,rxn10295_c0,rxn10313_c0
1142,rxn10295_c0,rxn10290_c0
1143,rxn10295_c0,rxn10292_c0
1144,rxn10295_c0,rxn10294_c0
1145,rxn10295_c0,rxn10289_c0
1146,rxn01124_c0,rxn01122_c0
1147,rxn01124_c0,rxn01123_c0
1148,rxn05462_c0,rxn05464_c0
1149,rxn05462_c0,rxn05461_c0
1150,rxn10294_c0,rxn10297_c0
1151,rxn10294_c0,rxn10192_c0
1152,rxn10294_c0,rxn10293_c0
1153,rxn10294_c0,rxn10291_c0
1154,rxn10294_c0,rxn10290_c0
1155,rxn10294_c0,rxn10292_c0
1156,rxn10294_c0,rxn10289_c0
1157,rxn06075_c0,rxn05239_c0
1158,rxn06075_c0,rxn05231_c0
1159,rxn06075_c0,rxn06076_c0
1160,rxn06075_c0,rxn06078_c0
1161,rxn06075_c0,rxn09296_c0
1162,rxn01281_c0,rxn01280_c0
1163,rxn01281_c0,rxn01286_c0
1164,rxn01281_c0,rxn01285_c0
1165,rxn01281_c0,rxn01015_c0
1166,rxn09448_c0,rxn08802_c0
1167,rxn09448_c0,rxn08809_c0
1168,rxn09448_c0,rxn08844_c0
1169,rxn03141_c0,rxn08098_c0
1170,rxn03141_c0,rxn00851_c0
1171,rxn03141_c0,rxn03903_c0
1172,rxn02315_c0,rxn02317_c0
1173,rxn02315_c0,rxn02314_c0
1174,rxn02315_c0,rxn02316_c0
1175,rxn05760_c0,fe3_reduction
1176,rxn14420_c0,rxn08971_c0
1177,rxn14420_c0,rxn14419_c0
1178,rxn14420_c0,rxn08793_c0
1179,rxn14420_c0,rxn08336_c0
1180,rxn14420_c0,rxn09003_c0
1181,rxn14420_c0,rxn14418_c0
1182,rxn02159_c0,rxn02160_c0
1183,rxn09657_c0,EX_cpd00305_e0
1184,rxn10230_c0,rxn10263_c0
1185,rxn10230_c0,rxn10236_c0
1186,rxn00669_c0,rxn00674_c0
1187,rxn16387_c0,rxn22084_c0
1188,rxn16387_c0,rxn04934_c0
1189,rxn15338_c0,rxn15337_c0
1190,rxn15338_c0,rxn01761_c0
1191,rxn15338_c0,rxn26307_c0
1192,rxn01962_c0,rxn09012_c0
1193,rxn08310_c0,rxn09112_c0
1194,rxn08310_c0,rxn08298_c0
1195,rxn08310_c0,rxn09209_c0
1196,rxn10308_c0,rxn00461_c0
1197,rxn10308_c0,rxn10307_c0
1198,rxn10308_c0,rxn10309_c0
1199,rxn10308_c0,rxn10315_c0
1200,rxn10308_c0,rxn10313_c0
1201,rxn10308_c0,rxn10290_c0
1202,rxn10308_c0,rxn00293_c0
1203,rxn10308_c0,rxn08040_c0
1204,rxn10308_c0,rxn06729_c0
1205,rxn10315_c0,rxn10297_c0
1206,rxn10315_c0,rxn00461_c0
1207,rxn10315_c0,rxn10307_c0
1208,rxn10315_c0,rxn10309_c0
1209,rxn10315_c0,rxn10313_c0
1210,rxn10315_c0,rxn00293_c0
1211,rxn10315_c0,rxn08040_c0
1212,rxn10315_c0,rxn06729_c0
1213,rxn02529_c0,rxn05064_c0
1214,rxn02529_c0,rxn16826_c0
1215,rxn02529_c0,rxn16794_c0
1216,rxn01629_c0,rxn06591_c0
1217,rxn01203_c0,rxn00508_c0
1218,rxn05334_c0,rxn05341_c0
1219,rxn05322_c0,rxn05329_c0
1220,rxn08971_c0,rxn08793_c0
1221,rxn08971_c0,rxn08336_c0
1222,rxn08971_c0,rxn09003_c0
1223,rxn05148_c0,rxn00224_c0
1224,rxn05148_c0,rxn05120_c0
1225,rxn05148_c0,EX_cpd00028_e0
1226,rxn43581_c0,rxn04113_c0
1227,rxn43581_c0,rxn04996_c0
1228,rxn43581_c0,rxn08352_c0
1229,rxn43581_c0,rxn03910_c0
1230,rxn43581_c0,rxn08756_c0
1231,rxn05249_c0,rxn10208_c0
1232,rxn08841_c0,rxn08838_c0
1233,rxn08841_c0,rxn08805_c0
1234,rxn08841_c0,rxn01073_c0
1235,rxn08841_c0,rxn08119_c0
1236,rxn08841_c0,rxn08804_c0
1237,rxn08841_c0,rxn08840_c0
1238,rxn08841_c0,rxn08806_c0
1239,rxn08841_c0,rxn08809_c0
1240,rxn08841_c0,rxn08844_c0
1241,rxn08756_c0,rxn14333_c0
1242,rxn08756_c0,rxn03891_c0
1243,rxn08756_c0,rxn03892_c0
1244,rxn08756_c0,rxn13957_c0
1245,rxn08756_c0,rxn12008_c0
1246,rxn08756_c0,rxn01213_c0
1247,rxn08756_c0,rxn05030_c0
1248,rxn08756_c0,rxn14040_c0
1249,rxn08756_c0,rxn03843_c0
1250,rxn08756_c0,rxn09037_c0
1251,rxn08756_c0,rxn14334_c0
1252,rxn08756_c0,rxn04113_c0
1253,rxn08756_c0,rxn04996_c0
1254,rxn08756_c0,rxn08352_c0
1255,rxn08756_c0,rxn05287_c0
1256,rxn05683_c0,EX_cpd00211_e0
1257,rxn02835_c0,rxn03175_c0
1258,rxn02835_c0,rxn02834_c0
1259,rxn05464_c0,rxn08551_c0
1260,rxn06723_c0,rxn08017_c0
1261,rxn06723_c0,rxn08551_c0
1262,rxn06723_c0,octanoyl_xfer
1263,rxn06723_c0,rxn05349_c0
1264,rxn06723_c0,rxn05348_c0
1265,rxn06723_c0,rxn08546_c0
1266,rxn06723_c0,rxn05342_c0
1267,rxn06723_c0,rxn05344_c0
1268,rxn06723_c0,rxn06729_c0
1269,rxn06723_c0,rxn05345_c0
1270,rxn06723_c0,rxn08548_c0
1271,rxn06723_c0,rxn05457_c0
1272,rxn06723_c0,rxn08547_c0
1273,rxn06723_c0,rxn21860_c0
1274,rxn06723_c0,rxn08089_c0
1275,rxn06723_c0,rxn08020_c0
1276,rxn06723_c0,rxn08550_c0
1277,rxn06723_c0,rxn08015_c0
1278,rxn06723_c0,rxn05335_c0
1279,rxn06723_c0,rxn03159_c0
1280,rxn06723_c0,rxn05460_c0
1281,rxn06723_c0,rxn06865_c0
1282,rxn08528_c0,rxn08976_c0
1283,rxn08528_c0,rxn08558_c0
1284,rxn05251_c0,rxn10206_c0
1285,EX_cpd00166_e0,rxn08070_c0
1286,rxn16573_c0,rxn09979_c0
1287,rxn16573_c0,rxn21863_c0
1288,rxn06865_c0,rxn08017_c0
1289,rxn06865_c0,rxn08551_c0
1290,rxn06865_c0,octanoyl_xfer
1291,rxn06865_c0,rxn05349_c0
1292,rxn06865_c0,rxn05348_c0
1293,rxn06865_c0,rxn08546_c0
1294,rxn06865_c0,rxn05344_c0
1295,rxn06865_c0,rxn06729_c0
1296,rxn06865_c0,rxn05345_c0
1297,rxn06865_c0,rxn08548_c0
1298,rxn06865_c0,rxn05457_c0
1299,rxn06865_c0,rxn08547_c0
1300,rxn06865_c0,rxn21860_c0
1301,rxn06865_c0,rxn08089_c0
1302,rxn06865_c0,rxn08020_c0
1303,rxn06865_c0,rxn08550_c0
1304,rxn06865_c0,rxn08015_c0
1305,rxn06865_c0,rxn05460_c0
1306,rxn06865_c0,rxn05324_c0
1307,rxn05461_c0,rxn05460_c0
1308,rxn08123_c0,rxn08136_c0
1309,rxn08123_c0,rxn08124_c0
1310,rxn08810_c0,rxn08815_c0
1311,rxn08810_c0,rxn08669_c0
1312,rxn08810_c0,rxn08849_c0
1313,rxn08810_c0,rxn08440_c0
1314,rxn08810_c0,rxn08846_c0
1315,rxn08810_c0,rxn08814_c0
1316,rxn08810_c0,rxn08796_c0
1317,rxn08810_c0,rxn08817_c0
1318,rxn08810_c0,rxn08838_c0
1319,rxn08810_c0,rxn08850_c0
1320,rxn08810_c0,rxn08020_c0
1321,rxn08810_c0,rxn08848_c0
1322,rxn08810_c0,rxn08847_c0
1323,rxn05460_c0,rxn08017_c0
1324,rxn05460_c0,rxn08551_c0
1325,rxn05460_c0,octanoyl_xfer
1326,rxn05460_c0,rxn05349_c0
1327,rxn05460_c0,rxn05348_c0
1328,rxn05460_c0,rxn08546_c0
1329,rxn05460_c0,rxn05344_c0
1330,rxn05460_c0,rxn06729_c0
1331,rxn05460_c0,rxn05328_c0
1332,rxn05460_c0,rxn05345_c0
1333,rxn05460_c0,rxn08548_c0
1334,rxn05460_c0,rxn05457_c0
1335,rxn05460_c0,rxn08547_c0
1336,rxn05460_c0,rxn21860_c0
1337,rxn05460_c0,rxn08089_c0
1338,rxn05460_c0,rxn08020_c0
1339,rxn05460_c0,rxn08766_c0
1340,rxn05460_c0,rxn08550_c0
1341,rxn05460_c0,rxn08015_c0
1342,rxn45996_c0,rxn41896_c0
1343,rxn45996_c0,rxn24830_c0
1344,rxn05336_c0,rxn05344_c0
1345,rxn05336_c0,rxn05332_c0
1346,rxn04070_c0,rxn00209_c0
1347,rxn04070_c0,rxn03909_c0
1348,rxn04070_c0,rxn11663_c0
1349,rxn10256_c0,rxn10223_c0
1350,rxn05344_c0,rxn08017_c0
1351,rxn05344_c0,rxn08551_c0
1352,rxn05344_c0,octanoyl_xfer
1353,rxn05344_c0,rxn05349_c0
1354,rxn05344_c0,rxn05348_c0
1355,rxn05344_c0,rxn08546_c0
1356,rxn05344_c0,rxn06729_c0
1357,rxn05344_c0,rxn05345_c0
1358,rxn05344_c0,rxn08548_c0
1359,rxn05344_c0,rxn05457_c0
1360,rxn05344_c0,rxn08547_c0
1361,rxn05344_c0,rxn21860_c0
1362,rxn05344_c0,rxn08089_c0
1363,rxn05344_c0,rxn08020_c0
1364,rxn05344_c0,rxn08766_c0
1365,rxn05344_c0,rxn08550_c0
1366,rxn05344_c0,rxn08015_c0
1367,rxn03182_c0,rxn03181_c0
1368,rxn03182_c0,rxn16609_c0
1369,rxn10313_c0,rxn00461_c0
1370,rxn10313_c0,rxn10307_c0
1371,rxn10313_c0,rxn10309_c0
1372,rxn10313_c0,rxn00293_c0
1373,rxn10313_c0,rxn08040_c0
1374,rxn10313_c0,rxn06729_c0
1375,rxn00789_c0,rxn02834_c0
1376,rxn00587_c0,rxn01896_c0
1377,rxn00587_c0,rxn39979_c0
1378,rxn09450_c0,rxn08017_c0
1379,rxn09450_c0,rxn08814_c0
1380,rxn09450_c0,rxn08849_c0
1381,rxn08976_c0,rxn08558_c0
1382,rxn03159_c0,rxn03181_c0
1383,rxn10192_c0,rxn10297_c0
1384,rxn10192_c0,rxn10293_c0
1385,rxn10192_c0,rxn10291_c0
1386,rxn10192_c0,rxn10290_c0
1387,rxn10192_c0,rxn10292_c0
1388,rxn10192_c0,rxn10289_c0
1389,rxn01851_c0,rxn00194_c0
1390,rxn01851_c0,rxn01459_c0
1391,rxn10309_c0,rxn00461_c0
1392,rxn10309_c0,rxn10307_c0
1393,rxn10309_c0,rxn10291_c0
1394,rxn10309_c0,rxn00293_c0
1395,rxn10309_c0,rxn08040_c0
1396,rxn10309_c0,rxn06729_c0
1397,rxn04132_c0,rxn04457_c0
1398,rxn04132_c0,rxn04133_c0
1399,rxn04132_c0,rxn04453_c0
1400,rxn12008_c0,rxn14333_c0
1401,rxn12008_c0,rxn03891_c0
1402,rxn12008_c0,rxn14040_c0
1403,rxn12008_c0,rxn04113_c0
1404,rxn12008_c0,rxn14334_c0
1405,rxn12008_c0,rxn03892_c0
1406,rxn12008_c0,rxn05287_c0
1407,rxn12008_c0,rxn13957_c0
1408,rxn12008_c0,rxn01213_c0
1409,rxn12008_c0,rxn03843_c0
1410,rxn12008_c0,rxn05030_c0
1411,rxn12008_c0,rxn09037_c0
1412,rxn24134_c0,rxn04457_c0
1413,rxn24134_c0,rxn04453_c0
1414,rxn10221_c0,rxn10227_c0
1415,rxn10221_c0,rxn10254_c0
1416,rxn10221_c0,rxn10260_c0
1417,rxn08234_c0,EX_cpd00099_e0
1418,rxn08840_c0,rxn08809_c0
1419,rxn08840_c0,rxn08819_c0
1420,rxn08840_c0,rxn08806_c0
1421,rxn08840_c0,rxn08838_c0
1422,rxn08840_c0,rxn08804_c0
1423,rxn08840_c0,rxn08844_c0
1424,rxn08840_c0,rxn08805_c0
1425,rxn08840_c0,rxn01073_c0
1426,rxn08840_c0,rxn08015_c0
1427,rxn08840_c0,rxn08847_c0
1428,rxn04453_c0,rxn04457_c0
1429,rxn04453_c0,rxn04133_c0
1430,rxn03241_c0,rxn06777_c0
1431,rxn15947_c0,rxn00853_c0
1432,rxn15947_c0,rxn15949_c0
1433,rxn00145_c0,rxn14427_c0
1434,rxn08848_c0,rxn08120_c0
1435,rxn08848_c0,rxn08846_c0
1436,rxn08848_c0,rxn08850_c0
1437,rxn08848_c0,rxn08849_c0
1438,rxn08848_c0,rxn08814_c0
1439,rxn08848_c0,rxn08815_c0
1440,rxn08848_c0,rxn08669_c0
1441,rxn08848_c0,rxn08847_c0
1442,rxn05333_c0,rxn07455_c0
1443,rxn05333_c0,rxn05327_c0
1444,rxn08098_c0,rxn00851_c0
1445,rxn16806_c0,rxn39964_c0
1446,rxn03903_c0,rxn03904_c0
1447,rxn03903_c0,rxn03901_c0
1448,rxn03903_c0,rxn08040_c0
1449,rxn02916_c0,rxn24718_c0
1450,EX_cpd00030_e0,rxn05618_c0
1451,rxn08127_c0,rxn00022_c0
1452,rxn08127_c0,rxn08942_c0
1453,rxn08127_c0,rxn08126_c0
1454,rxn08127_c0,rxn08941_c0
1455,rxn08127_c0,rxn26127_c0
1456,rxn05514_c0,EX_cpd00063_e0
1457,rxn22083_c0,rxn22084_c0
1458,rxn22083_c0,cpd23538_trans
1459,rxn04113_c0,rxn14333_c0
1460,rxn04113_c0,rxn03891_c0
1461,rxn04113_c0,rxn03892_c0
1462,rxn04113_c0,rxn13957_c0
1463,rxn04113_c0,rxn01213_c0
1464,rxn04113_c0,rxn05030_c0
1465,rxn04113_c0,rxn14040_c0
1466,rxn04113_c0,rxn03843_c0
1467,rxn04113_c0,rxn09037_c0
1468,rxn04113_c0,rxn14334_c0
1469,rxn04113_c0,rxn04996_c0
1470,rxn04113_c0,rxn08352_c0
1471,rxn04113_c0,rxn05287_c0
1472,rxn00423_c0,rxn00649_c0
1473,rxn08805_c0,rxn08809_c0
1474,rxn08805_c0,rxn08819_c0
1475,rxn08805_c0,rxn08806_c0
1476,rxn08805_c0,rxn08838_c0
1477,rxn08805_c0,rxn08804_c0
1478,rxn08805_c0,rxn08844_c0
1479,rxn08805_c0,rxn01073_c0
1480,rxn08805_c0,rxn08015_c0
1481,rxn08805_c0,rxn08847_c0
1482,rxn08689_c0,rxn00952_c0
1483,rxn08689_c0,rxn00623_c0
1484,rxn08689_c0,rxn05957_c0
1485,rxn08689_c0,rxn00649_c0
1486,rxn06777_c0,rxn06510_c0
1487,rxn01029_c0,rxn00853_c0
1488,rxn01757_c0,rxn07450_c0
1489,rxn01757_c0,rxn04934_c0
1490,rxn03245_c0,rxn03244_c0
1491,rxn08802_c0,rxn08089_c0
1492,rxn08802_c0,rxn08809_c0
1493,rxn08802_c0,rxn08844_c0
1494,rxn00060_c0,rxn02264_c0
1495,rxn05682_c0,EX_cpd01092_e0
1496,rxn05682_c0,rxn04133_c0
1497,rxn01621_c0,rxn01053_c0
1498,rxn08124_c0,rxn08076_c0
1499,rxn08124_c0,rxn08136_c0
1500,rxn05335_c0,rxn06729_c0
1501,rxn05335_c0,rxn05342_c0
1502,rxn26361_c0,rxn41683_c0
1503,rxn26361_c0,rxn26021_c0
1504,rxn02056_c0,rxn00056_c0
1505,rxn02056_c0,rxn00224_c0
1506,rxn02056_c0,FeS_cluster_biosynth
1507,rxn02056_c0,fe3_reduction
1508,rxn09037_c0,rxn14333_c0
1509,rxn09037_c0,rxn14040_c0
1510,rxn09037_c0,rxn14334_c0
1511,rxn09037_c0,rxn03892_c0
1512,rxn09037_c0,rxn05287_c0
1513,rxn09037_c0,rxn03891_c0
1514,rxn09037_c0,rxn13957_c0
1515,rxn09037_c0,rxn01213_c0
1516,rxn09037_c0,rxn03843_c0
1517,rxn09037_c0,rxn05030_c0
1518,rxn09037_c0,rxn05120_c0
1519,rxn00293_c0,rxn00461_c0
1520,rxn00293_c0,rxn10307_c0
1521,rxn00293_c0,rxn03638_c0
1522,rxn00293_c0,rxn08040_c0
1523,rxn00293_c0,rxn06729_c0
1524,rxn03175_c0,rxn03135_c0
1525,rxn08806_c0,rxn08838_c0
1526,rxn08806_c0,rxn01073_c0
1527,rxn08806_c0,rxn08804_c0
1528,rxn08806_c0,rxn08809_c0
1529,rxn08806_c0,rxn08844_c0
1530,rxn00208_c0,rxn00209_c0
1531,rxn03843_c0,rxn14333_c0
1532,rxn03843_c0,rxn14040_c0
1533,rxn03843_c0,rxn14334_c0
1534,rxn03843_c0,rxn03892_c0
1535,rxn03843_c0,rxn05287_c0
1536,rxn03843_c0,rxn03891_c0
1537,rxn03843_c0,rxn13957_c0
1538,rxn03843_c0,rxn01213_c0
1539,rxn03843_c0,rxn05030_c0
1540,rxn03843_c0,rxn05120_c0
1541,rxn01868_c0,rxn05579_c0
1542,rxn05328_c0,rxn05332_c0
1543,rxn09114_c0,rxn08312_c0
1544,rxn09114_c0,rxn09211_c0
1545,rxn09114_c0,rxn09107_c0
1546,rxn03991_c0,rxn03990_c0
1547,rxn03991_c0,rxn09008_c0
1548,rxn09210_c0,rxn09202_c0
1549,rxn09210_c0,rxn08311_c0
1550,rxn17731_c0,rxn02277_c0
1551,rxn01484_c0,rxn08044_c0
1552,rxn01484_c0,rxn00555_c0
1553,rxn01484_c0,rxn01485_c0
1554,rxn08336_c0,rxn08793_c0
1555,rxn08336_c0,rxn09003_c0
1556,octanoyl_xfer,rxn08017_c0
1557,octanoyl_xfer,rxn08551_c0
1558,octanoyl_xfer,rxn05349_c0
1559,octanoyl_xfer,rxn05348_c0
1560,octanoyl_xfer,rxn08546_c0
1561,octanoyl_xfer,rxn06729_c0
1562,octanoyl_xfer,rxn05345_c0
1563,octanoyl_xfer,rxn08548_c0
1564,octanoyl_xfer,rxn05457_c0
1565,octanoyl_xfer,rxn08547_c0
1566,octanoyl_xfer,rxn21860_c0
1567,octanoyl_xfer,rxn08089_c0
1568,octanoyl_xfer,rxn08020_c0
1569,octanoyl_xfer,rxn08550_c0
1570,octanoyl_xfer,rxn08015_c0
1571,rxn03135_c0,rxn02473_c0
1572,rxn05120_c0,rxn00224_c0
1573,rxn08766_c0,rxn05348_c0
1574,rxn08766_c0,rxn05345_c0
1575,rxn08766_c0,rxn21860_c0
1576,rxn08020_c0,rxn08017_c0
1577,rxn08020_c0,rxn08551_c0
1578,rxn08020_c0,rxn08440_c0
1579,rxn08020_c0,rxn05349_c0
1580,rxn08020_c0,rxn05348_c0
1581,rxn08020_c0,rxn08546_c0
1582,rxn08020_c0,rxn08817_c0
1583,rxn08020_c0,rxn08796_c0
1584,rxn08020_c0,rxn06729_c0
1585,rxn08020_c0,rxn08838_c0
1586,rxn08020_c0,rxn05345_c0
1587,rxn08020_c0,rxn08548_c0
1588,rxn08020_c0,rxn05457_c0
1589,rxn08020_c0,rxn08547_c0
1590,rxn08020_c0,rxn21860_c0
1591,rxn08020_c0,rxn08089_c0
1592,rxn08020_c0,rxn08550_c0
1593,rxn08020_c0,rxn08015_c0
1594,rxn08020_c0,rxn05324_c0
1595,rxn09234_c0,rxn09232_c0
1596,rxn10226_c0,rxn10232_c0
1597,rxn10226_c0,rxn10259_c0
1598,rxn10226_c0,rxn10220_c0
1599,rxn00577_c0,rxn00818_c0
1600,rxn00577_c0,rxn00547_c0
1601,rxn08300_c0,rxn08312_c0
1602,rxn08300_c0,rxn08089_c0
1603,rxn03395_c0,rxn03396_c0
1604,rxn03068_c0,rxn02186_c0
1605,rxn03068_c0,rxn00898_c0
1606,rxn01329_c0,rxn00640_c0
1607,rxn01329_c0,rxn00641_c0
1608,rxn05345_c0,rxn08017_c0
1609,rxn05345_c0,rxn08551_c0
1610,rxn05345_c0,rxn05349_c0
1611,rxn05345_c0,rxn05348_c0
1612,rxn05345_c0,rxn08546_c0
1613,rxn05345_c0,rxn05342_c0
1614,rxn05345_c0,rxn06729_c0
1615,rxn05345_c0,rxn08548_c0
1616,rxn05345_c0,rxn05457_c0
1617,rxn05345_c0,rxn08547_c0
1618,rxn05345_c0,rxn21860_c0
1619,rxn05345_c0,rxn08089_c0
1620,rxn05345_c0,rxn08550_c0
1621,rxn05345_c0,rxn08015_c0
1622,rxn05345_c0,rxn05324_c0
1623,cpd23538_trans,EX_cpd23538_e0
1624,rxn16826_c0,rxn16794_c0
1625,rxn16826_c0,rxn16829_c0
1626,rxn16826_c0,rxn16828_c0
1627,rxn16826_c0,rxn05064_c0
1628,rxn06591_c0,rxn06937_c0
1629,rxn05195_c0,rxn00056_c0
1630,rxn05195_c0,EX_cpd10516_e0
1631,rxn05195_c0,fe3_reduction
1632,rxn05161_c0,EX_cpd00107_e0
1633,rxn14333_c0,rxn14334_c0
1634,rxn14333_c0,rxn14040_c0
1635,rxn14333_c0,rxn03892_c0
1636,rxn14333_c0,rxn05287_c0
1637,rxn14333_c0,rxn03891_c0
1638,rxn14333_c0,rxn13957_c0
1639,rxn14333_c0,rxn01213_c0
1640,rxn14333_c0,rxn05030_c0
1641,rxn05231_c0,rxn05239_c0
1642,rxn05231_c0,rxn06076_c0
1643,rxn05231_c0,rxn06078_c0
1644,rxn05231_c0,rxn09296_c0
1645,rxn03904_c0,rxn03901_c0
1646,rxn03904_c0,rxn08040_c0
1647,fe3_reduction,rxn00056_c0
1648,fe3_reduction,rxn00224_c0
1649,fe3_reduction,FeS_cluster_biosynth
1650,rxn04996_c0,rxn08352_c0
1651,rxn04996_c0,rxn01213_c0
1652,EX_cpd00092_e0,rxn05197_c0
1653,rxn09199_c0,rxn09207_c0
1654,rxn02186_c0,rxn00898_c0
1655,rxn02792_c0,rxn02791_c0
1656,rxn41896_c0,rxn41683_c0
1657,rxn41896_c0,rxn24830_c0
1658,rxn00461_c0,rxn10307_c0
1659,rxn00461_c0,rxn08040_c0
1660,rxn00461_c0,rxn02285_c0
1661,rxn00461_c0,rxn06729_c0
1662,rxn13957_c0,rxn14040_c0
1663,rxn13957_c0,rxn14334_c0
1664,rxn13957_c0,rxn03892_c0
1665,rxn13957_c0,rxn05287_c0
1666,rxn13957_c0,rxn03891_c0
1667,rxn13957_c0,rxn01213_c0
1668,rxn13957_c0,rxn05030_c0
1669,rxn05030_c0,rxn03901_c0
1670,rxn05030_c0,rxn03892_c0
1671,rxn05030_c0,rxn03891_c0
1672,rxn05030_c0,rxn01213_c0
1673,rxn05030_c0,rxn14040_c0
1674,rxn05030_c0,rxn10199_c0
1675,rxn05030_c0,rxn14334_c0
1676,rxn05030_c0,rxn05287_c0
1677,DM_cpd15302_c0,rxn08615_c0
1678,rxn02508_c0,rxn02507_c0
1679,rxn08814_c0,rxn08017_c0
1680,rxn08814_c0,rxn08815_c0
1681,rxn08814_c0,rxn08669_c0
1682,rxn08814_c0,rxn08849_c0
1683,rxn08814_c0,rxn08846_c0
1684,rxn08814_c0,rxn08850_c0
1685,rxn08814_c0,rxn08847_c0
1686,rxn04704_c0,rxn02303_c0
1687,rxn00056_c0,rxn00224_c0
1688,rxn00056_c0,FeS_cluster_biosynth
1689,rxn00478_c0,rxn00474_c0
1690,rxn00478_c0,rxn01964_c0
1691,rxn01642_c0,rxn02085_c0
1692,rxn03397_c0,rxn03396_c0
1693,rxn09008_c0,rxn03990_c0
1694,rxn09008_c0,EX_cpd00418_e0
1695,rxn05287_c0,rxn14040_c0
1696,rxn05287_c0,rxn03892_c0
1697,rxn05287_c0,rxn14334_c0
1698,rxn05287_c0,rxn03891_c0
1699,rxn05287_c0,rxn01213_c0
1700,rxn05579_c0,EX_cpd00540_e0
1701,rxn08262_c0,EX_cpd00266_e0
1702,rxn05573_c0,EX_cpd00027_e0
1703,rxn05573_c0,rxn05226_c0
1704,rxn10480_c0,rxn20643_c0
1705,rxn10480_c0,EX_cpd00204_e0
1706,rxn05348_c0,rxn08017_c0
1707,rxn05348_c0,rxn08551_c0
1708,rxn05348_c0,rxn05349_c0
1709,rxn05348_c0,rxn08546_c0
1710,rxn05348_c0,rxn06729_c0
1711,rxn05348_c0,rxn08548_c0
1712,rxn05348_c0,rxn05327_c0
1713,rxn05348_c0,rxn05457_c0
1714,rxn05348_c0,rxn08547_c0
1715,rxn05348_c0,rxn21860_c0
1716,rxn05348_c0,rxn08089_c0
1717,rxn05348_c0,rxn08550_c0
1718,rxn05348_c0,rxn08015_c0
1719,rxn10263_c0,rxn10269_c0
1720,rxn02021_c0,rxn08715_c0
1721,rxn08120_c0,rxn08119_c0
1722,rxn08120_c0,rxn09104_c0
1723,rxn08817_c0,rxn08838_c0
1724,rxn08817_c0,rxn08440_c0
1725,rxn08817_c0,rxn08796_c0
1726,rxn05301_c0,EX_cpd00069_e0
1727,rxn02507_c0,rxn01682_c0
1728,rxn02507_c0,rxn01964_c0
1729,rxn01122_c0,rxn01123_c0
1730,rxn05671_c0,EX_cpd00154_e0
1731,rxn15395_c0,rxn05957_c0
1732,rxn15395_c0,rxn01304_c0
1733,rxn44539_c0,rxn41683_c0
1734,rxn01485_c0,rxn03638_c0
1735,rxn01485_c0,rxn00555_c0
1736,rxn09105_c0,rxn09112_c0
1737,rxn08546_c0,rxn08017_c0
1738,rxn08546_c0,rxn08551_c0
1739,rxn08546_c0,rxn05349_c0
1740,rxn08546_c0,rxn08796_c0
1741,rxn08546_c0,rxn06729_c0
1742,rxn08546_c0,rxn08548_c0
1743,rxn08546_c0,rxn05457_c0
1744,rxn08546_c0,rxn08547_c0
1745,rxn08546_c0,rxn21860_c0
1746,rxn08546_c0,rxn08089_c0
1747,rxn08546_c0,rxn08550_c0
1748,rxn08546_c0,rxn08015_c0
1749,rxn08546_c0,rxn05324_c0
1750,rxn01894_c0,rxn01896_c0
1751,rxn08015_c0,rxn08017_c0
1752,rxn08015_c0,rxn08551_c0
1753,rxn08015_c0,rxn05349_c0
1754,rxn08015_c0,rxn08819_c0
1755,rxn08015_c0,rxn06729_c0
1756,rxn08015_c0,rxn08548_c0
1757,rxn08015_c0,rxn05457_c0
1758,rxn08015_c0,rxn08547_c0
1759,rxn08015_c0,rxn21860_c0
1760,rxn08015_c0,rxn08089_c0
1761,rxn08015_c0,rxn08550_c0
1762,rxn08015_c0,rxn08847_c0
1763,rxn08941_c0,rxn08942_c0
1764,rxn08941_c0,rxn08126_c0
1765,rxn08941_c0,rxn26127_c0
1766,rxn14418_c0,rxn14419_c0
1767,rxn00868_c0,rxn00874_c0
1768,rxn00868_c0,rxn01802_c0
1769,rxn00868_c0,rxn02167_c0
1770,rxn00868_c0,rxn00872_c0
1771,rxn01213_c0,rxn14040_c0
1772,rxn01213_c0,rxn14334_c0
1773,rxn01213_c0,rxn03892_c0
1774,rxn01213_c0,rxn03891_c0
1775,rxn01213_c0,rxn08352_c0
1776,rxn01286_c0,rxn00763_c0
1777,rxn01286_c0,rxn01285_c0
1778,rxn01286_c0,rxn01280_c0
1779,rxn10291_c0,rxn10297_c0
1780,rxn10291_c0,rxn10293_c0
1781,rxn10291_c0,rxn10290_c0
1782,rxn10291_c0,rxn10292_c0
1783,rxn10291_c0,rxn10289_c0
1784,rxn00224_c0,FeS_cluster_biosynth
1785,rxn08793_c0,rxn09003_c0
1786,rxn09207_c0,rxn09110_c0
1787,rxn09207_c0,rxn08308_c0
1788,rxn08846_c0,rxn08850_c0
1789,rxn08846_c0,rxn08849_c0
1790,rxn08846_c0,rxn08815_c0
1791,rxn08846_c0,rxn08669_c0
1792,rxn08846_c0,rxn08847_c0
1793,rxn07436_c0,rxn16824_c0
1794,rxn08312_c0,rxn09211_c0
1795,rxn08312_c0,rxn08089_c0
1796,DM_cpd02701_c0,rxn02312_c0
1797,rxn09111_c0,rxn08309_c0
1798,rxn09111_c0,rxn09104_c0
1799,rxn06729_c0,rxn08017_c0
1800,rxn06729_c0,rxn08551_c0
1801,rxn06729_c0,rxn08040_c0
1802,rxn06729_c0,rxn05349_c0
1803,rxn06729_c0,rxn05342_c0
1804,rxn06729_c0,rxn08548_c0
1805,rxn06729_c0,rxn10307_c0
1806,rxn06729_c0,rxn05457_c0
1807,rxn06729_c0,rxn08547_c0
1808,rxn06729_c0,rxn21860_c0
1809,rxn06729_c0,rxn08089_c0
1810,rxn06729_c0,rxn08550_c0
1811,rxn09109_c0,rxn09102_c0
1812,rxn09109_c0,rxn08307_c0
1813,rxn16794_c0,rxn16776_c0
1814,rxn16794_c0,rxn05064_c0
1815,rxn16794_c0,rxn16828_c0
1816,rxn09209_c0,rxn09112_c0
1817,rxn09209_c0,rxn09201_c0
1818,rxn00726_c0,rxn00728_c0
1819,rxn00726_c0,rxn00727_c0
1820,rxn00818_c0,rxn02596_c0
1821,rxn03951_c0,rxn11663_c0
1822,rxn03951_c0,rxn03446_c0
1823,rxn03951_c0,rxn03445_c0
1824,rxn14040_c0,rxn14334_c0
1825,rxn14040_c0,rxn03892_c0
1826,rxn14040_c0,rxn03891_c0
1827,rxn02264_c0,rxn05005_c0
1828,rxn00882_c0,rxn00883_c0
1829,rxn00882_c0,rxn00890_c0
1830,rxn02003_c0,rxn02000_c0
1831,rxn01073_c0,rxn08838_c0
1832,rxn01073_c0,rxn08804_c0
1833,rxn01073_c0,rxn08809_c0
1834,rxn01073_c0,rxn08844_c0
1835,rxn05174_c0,EX_cpd00244_e0
1836,rxn05331_c0,rxn05324_c0
1837,rxn08844_c0,rxn08809_c0
1838,rxn08844_c0,rxn08838_c0
1839,rxn08844_c0,rxn08804_c0
1840,rxn00533_c0,rxn06673_c0
1841,rxn00890_c0,rxn00883_c0
1842,rxn10260_c0,rxn10227_c0
1843,rxn03901_c0,rxn10199_c0
1844,rxn03901_c0,rxn08040_c0
1845,rxn00999_c0,rxn00493_c0
1846,rxn10307_c0,rxn08040_c0
1847,rxn10307_c0,rxn10289_c0
1848,rxn21862_c0,rxn21863_c0
1849,rxn21862_c0,rxn21861_c0
1850,rxn15337_c0,rxn26307_c0
1851,rxn15337_c0,rxn01761_c0
1852,EX_cpd00531_e0,rxn08715_c0
1853,rxn01285_c0,rxn01280_c0
1854,rxn06076_c0,rxn05239_c0
1855,rxn06076_c0,rxn06078_c0
1856,rxn06076_c0,rxn09296_c0
1857,rxn08295_c0,rxn08307_c0
1858,rxn07455_c0,rxn05327_c0
1859,rxn02939_c0,rxn01331_c0
1860,rxn02939_c0,rxn03445_c0
1861,rxn02320_c0,rxn02473_c0
1862,rxn02320_c0,rxn02160_c0
1863,rxn08136_c0,rxn08044_c0
1864,rxn08294_c0,rxn08306_c0
1865,rxn00763_c0,rxn00819_c0
1866,rxn00763_c0,rxn08669_c0
1867,rxn00763_c0,rxn00615_c0
1868,rxn10237_c0,rxn10231_c0
1869,rxn08809_c0,rxn08838_c0
1870,rxn08809_c0,rxn08804_c0
1871,rxn01964_c0,rxn00474_c0
1872,rxn01964_c0,rxn01682_c0
1873,rxn10231_c0,rxn10264_c0
1874,rxn10231_c0,rxn10225_c0
1875,rxn21860_c0,rxn08017_c0
1876,rxn21860_c0,rxn08551_c0
1877,rxn21860_c0,rxn21861_c0
1878,rxn21860_c0,rxn05349_c0
1879,rxn21860_c0,rxn08548_c0
1880,rxn21860_c0,rxn05457_c0
1881,rxn21860_c0,rxn08547_c0
1882,rxn21860_c0,rxn08089_c0
1883,rxn21860_c0,rxn08550_c0
1884,rxn10297_c0,rxn10293_c0
1885,rxn10297_c0,rxn10290_c0
1886,rxn10297_c0,rxn10292_c0
1887,rxn10297_c0,rxn10289_c0
1888,rxn11663_c0,rxn03446_c0
1889,rxn11663_c0,rxn03445_c0
1890,rxn01682_c0,rxn00474_c0
1891,rxn03246_c0,rxn03248_c0
1892,rxn02277_c0,rxn02312_c0
1893,rxn01416_c0,rxn00623_c0
1894,rxn01416_c0,rxn05239_c0
1895,rxn01416_c0,rxn06078_c0
1896,rxn01416_c0,rxn07450_c0
1897,rxn21729_c0,rxn24830_c0
1898,rxn43470_c0,rxn05239_c0
1899,rxn43470_c0,rxn00137_c0
1900,rxn43470_c0,rxn00007_c0
1901,rxn10293_c0,rxn10290_c0
1902,rxn10293_c0,rxn10292_c0
1903,rxn10293_c0,rxn10289_c0
1904,rxn08815_c0,rxn08850_c0
1905,rxn08815_c0,rxn08849_c0
1906,rxn08815_c0,rxn08669_c0
1907,rxn08815_c0,rxn08847_c0
1908,rxn10253_c0,rxn10220_c0
1909,rxn10264_c0,rxn10225_c0
1910,rxn08440_c0,rxn08838_c0
1911,rxn08440_c0,rxn02720_c0
1912,rxn08440_c0,rxn06510_c0
1913,rxn08440_c0,rxn08796_c0
1914,rxn16829_c0,rxn16149_c0
1915,rxn16829_c0,rxn16828_c0
1916,rxn16829_c0,rxn00501_c0
1917,rxn08017_c0,rxn08551_c0
1918,rxn08017_c0,rxn08849_c0
1919,rxn08017_c0,rxn05349_c0
1920,rxn08017_c0,rxn08548_c0
1921,rxn08017_c0,rxn05457_c0
1922,rxn08017_c0,rxn08547_c0
1923,rxn08017_c0,rxn08089_c0
1924,rxn08017_c0,rxn08550_c0
1925,rxn08847_c0,rxn08669_c0
1926,rxn08847_c0,rxn08849_c0
1927,rxn08847_c0,rxn08819_c0
1928,rxn08847_c0,rxn08850_c0
1929,rxn05517_c0,rxn05516_c0
1930,rxn05517_c0,EX_cpd01012_e0
1931,rxn08126_c0,rxn00022_c0
1932,rxn08126_c0,rxn26127_c0
1933,rxn06078_c0,rxn00952_c0
1934,rxn06078_c0,rxn00623_c0
1935,rxn06078_c0,rxn05239_c0
1936,rxn06078_c0,rxn01303_c0
1937,rxn06078_c0,rxn07450_c0
1938,rxn06078_c0,rxn09296_c0
1939,rxn08551_c0,rxn05349_c0
1940,rxn08551_c0,rxn08548_c0
1941,rxn08551_c0,rxn05457_c0
1942,rxn08551_c0,rxn08547_c0
1943,rxn08551_c0,rxn08089_c0
1944,rxn08551_c0,rxn08550_c0
1945,rxn02167_c0,rxn01451_c0
1946,rxn02167_c0,rxn00872_c0
1947,rxn02167_c0,rxn01802_c0
1948,rxn02167_c0,rxn02345_c0
1949,rxn05457_c0,rxn05349_c0
1950,rxn05457_c0,rxn08548_c0
1951,rxn05457_c0,rxn08547_c0
1952,rxn05457_c0,rxn08089_c0
1953,rxn05457_c0,rxn08550_c0
1954,rxn08308_c0,rxn09110_c0
1955,rxn00640_c0,rxn00641_c0
1956,rxn10220_c0,rxn10259_c0
1957,rxn08550_c0,rxn05349_c0
1958,rxn08550_c0,rxn08548_c0
1959,rxn08550_c0,rxn08547_c0
1960,rxn08550_c0,rxn08089_c0
1961,rxn05516_c0,EX_cpd01012_e0
1962,rxn02285_c0,rxn02286_c0
1963,rxn08849_c0,rxn08669_c0
1964,rxn08849_c0,rxn08850_c0
1965,rxn06510_c0,rxn02720_c0
1966,rxn08306_c0,rxn09205_c0
1967,rxn00827_c0,rxn01316_c0
1968,rxn00874_c0,rxn00872_c0
1969,rxn00874_c0,rxn03249_c0
1970,rxn04791_c0,rxn04938_c0
1971,rxn04791_c0,rxn04792_c0
1972,rxn03087_c0,rxn01973_c0
1973,rxn03892_c0,rxn03891_c0
1974,rxn03892_c0,rxn14334_c0
1975,rxn41683_c0,rxn24830_c0
1976,rxn41683_c0,rxn26021_c0
1977,rxn03108_c0,rxn20643_c0
1978,rxn03108_c0,rxn02484_c0
1979,rxn02317_c0,rxn02314_c0
1980,rxn02317_c0,rxn02316_c0
1981,rxn00194_c0,rxn01459_c0
1982,rxn08669_c0,rxn00819_c0
1983,rxn08669_c0,rxn00615_c0
1984,rxn08669_c0,rxn08850_c0
1985,rxn00615_c0,rxn00819_c0
1986,EX_cpd04097_e0,rxn10344_c0
1987,rxn05957_c0,rxn00952_c0
1988,rxn05957_c0,rxn01304_c0
1989,rxn05957_c0,rxn00623_c0
1990,rxn05957_c0,rxn00649_c0
1991,rxn16776_c0,rxn05197_c0
1992,rxn16776_c0,rxn00711_c0
1993,rxn05619_c0,EX_cpd11574_e0
1994,rxn05239_c0,rxn00623_c0
1995,rxn05239_c0,rxn00137_c0
1996,rxn05239_c0,rxn07450_c0
1997,rxn05239_c0,rxn09296_c0
1998,rxn00649_c0,rxn00952_c0
1999,rxn00649_c0,rxn00623_c0
2000,rxn03891_c0,rxn14334_c0
2001,rxn00728_c0,rxn00727_c0
2002,rxn04938_c0,rxn00377_c0
2003,rxn04938_c0,rxn04792_c0
2004,rxn00758_c0,rxn08213_c0
2005,rxn02000_c0,rxn01997_c0
2006,rxn08804_c0,rxn08838_c0
2007,rxn01280_c0,rxn01015_c0
2008,rxn03445_c0,rxn03446_c0
2009,rxn00501_c0,rxn16149_c0
2010,rxn08548_c0,rxn05349_c0
2011,rxn08548_c0,rxn08547_c0
2012,rxn08548_c0,rxn08089_c0
2013,rxn00623_c0,rxn00952_c0
2014,rxn00623_c0,rxn07450_c0
2015,rxn39964_c0,rxn16824_c0
2016,rxn00952_c0,rxn01303_c0
2017,rxn10290_c0,rxn10292_c0
2018,rxn10290_c0,rxn10289_c0
2019,rxn02314_c0,rxn02316_c0
2020,rxn20643_c0,rxn02484_c0
2021,rxn01802_c0,rxn00872_c0
2022,EX_cpd01017_e0,rxn05539_c0
2023,rxn10205_c0,rxn05252_c0
2024,rxn08822_c0,rxn09128_c0
2025,EX_cpd00098_e0,rxn08213_c0
2026,rxn08547_c0,rxn05349_c0
2027,rxn08547_c0,rxn08089_c0
2028,rxn10289_c0,rxn10292_c0
2029,rxn05349_c0,rxn08089_c0
2030,rxn02345_c0,rxn01451_c0
2031,rxn06673_c0,rxn06672_c0
2032,rxn05197_c0,rxn00711_c0
2033,rxn09103_c0,rxn09110_c0
2034,rxn41965_c0,rxn08734_c0
2035,rxn01997_c0,rxn01675_c0
2036,EX_cpd00027_e0,rxn05226_c0
2037,rxn08796_c0,rxn08838_c0
2038,rxn08615_c0,rxn00695_c0
2039,rxn00377_c0,rxn04792_c0
2040,rxn09128_c0,rxn08311_c0
2041,rxn09128_c0,rxn08299_c0
2042,rxn08299_c0,rxn08311_c0
2043,rxn05005_c0,rxn05006_c0
0,rxn10481_c0,rxn05528_c0
1,rxn00816_c0,rxn00216_c0
2,rxn00816_c0,rxn15230_c0
3,rxn00216_c0,rxn00704_c0
4,rxn00216_c0,rxn15249_c0
5,rxn15230_c0,rxn15249_c0
6,rxn04792_c0,rxn04938_c0
7,rxn00910_c0,rxn04954_c0
8,rxn08941_c0,rxn08127_c0
9,rxn00225_c0,rxn00173_c0
10,rxn00225_c0,rxn00175_c0
11,rxn00173_c0,rxn00175_c0
12,rxn00781_c0,rxn00782_c0
13,rxn05298_c0,rxn05297_c0
14,rxn00695_c0,rxn08615_c0
15,rxn00695_c0,rxn05740_c0
16,rxn08615_c0,rxn05740_c0
17,rxn08521_c0,rxn03976_c0
18,rxn10060_c0,rxn00077_c0
19,rxn01445_c0,rxn01352_c0
20,rxn01445_c0,rxn01509_c0
21,rxn01280_c0,rxn01281_c0
22,rxn01301_c0,rxn01302_c0
23,rxn00499_c0,rxn08793_c0
24,rxn01575_c0,rxn01573_c0
25,rxn09562_c0,rxn00239_c0
26,rxn00285_c0,rxn00988_c0
27,rxn00285_c0,rxn00290_c0
28,rxn00988_c0,rxn00290_c0
30,rxn01211_c0,rxn03005_c0
31,rxn01211_c0,rxn03004_c0
32,rxn03005_c0,rxn03004_c0
33,rxn05496_c0,rxn05215_c0
36,rxn00804_c0,rxn00806_c0
40,rxn05760_c0,rxn05937_c0
41,rxn00704_c0,rxn20583_c0
42,rxn20583_c0,rxn15249_c0
43,rxn01171_c0,rxn04945_c0
44,rxn00808_c0,rxn15121_c0
45,rxn00808_c0,rxn40368_c0
46,rxn15121_c0,rxn40368_c0
47,rxn26307_c0,rxn15337_c0
48,rxn26307_c0,rxn15338_c0
49,rxn15337_c0,rxn15338_c0
50,rxn08062_c0,rxn05488_c0
