gene_id,gene_symbol,protein_id,kegg_ortholog,Gene.Call.ID
,nt5c,,K01081,
,nagD,,K02566,
,surE,,K03787,
,yfkN,,K08693,
,ushA,,K11751,
TK37_RS12355,ada,WP_049587909.1,K01488,
TK37_RS06105,yfiH,WP_049586618.1,K05810,2588.0
,ada2,,K19572,
,pnp,,K03783,
,deoD,,K03784,
TK37_RS12795,ppnP,WP_014948660.1,K09913,1088.0
,ygeS,,K00087,1510.0
TK37_RS12290,yagR,WP_049587886.1,K11177,2832.0
TK37_RS12285,yagS,WP_049587884.1,K11178,2831.0
,ygeT,,K13479,1511.0
,ygeU,,K13480,2830.0
TK37_RS17535,xdhA,WP_049588805.1,K13481,1511.0
TK37_RS17530,xdhB,WP_049588804.1,K13482,1510.0
,yagT,,K13483,2830.0
,deoB,,K01839,
,agaB,,K01219,2808.0
,agxt,,K00830,1940.0
,agxt2,,K00827,421.0
,algpul_dehr,,algpuldehr,3218.0
,a1-R,,a1,3196.0
TK37_RS15185,kdgK,WP_049588496.1,K00874,2350.0
TK37_RS19125,kdgK,WP_049589015.1,K00874,2350.0
,sskdgK,,K18126,3194.0
,algpul_kdgk,,algpulkdgk,3194.0
,algpul_eda,,algpuleda,2320.0
,algpul_reg,,algpulreg,2901.0
,fumA,,K01676;K01677,
,fumB,,K01676;K01677;K01678,
TK37_RS13295,fumC,WP_049588132.1,K01679,3061.0
,frdA,,K00244,1867.0
,frdB,,K00245,1868.0
,frdC,,K00246,
,frdD,,K00247,
TK37_RS03400,aspA,WP_049586069.1,K01437,2912.0
TK37_RS17385,astA,WP_014948020.1,K00673,420.0
TK37_RS19910,astB,WP_049589115.1,K01484,1636.0
,astC,,K00840,421.0
TK37_RS17390,astD,WP_049588782.1,K06447,419.0
TK37_RS18835,astE,WP_049588976.1,K05526,1475.0
TK37_RS05240,proB,WP_014951417.1,K00931,1806.0
TK37_RS11955,proB,WP_049587803.1,K00931,1806.0
TK37_RS11960,proA,WP_039229394.1,K00147,1807.0
,aldh4A1,,K00294,3212.0
,oat,,K00819,421.0
,argD,,argD,421.0
,asrgl1,,K13051,1614.0
TK37_RS16615,asp,WP_014976407.1,K01424,1767.0
,np6,,np6,1070.0
TK37_RS14985,racD,WP_080760048.1,K01779,3899.0
,got1,,K00812;K00813;K11358,
TK37_RS05895,nadB,WP_014976996.1,K00278,2630.0
,ap8,,ap8,2651.0
,ap24,,ap24,2908.0
,ap32,,ap32,2904.0
,xylC,,K00141,3868.0
,benA,,K05549,
,benB,,K05550,
,benC,,K05784,2011.0
,benD,,K05783,3196.0
,catA,,K03381,
,catB,,K01856,705.0
,catC,,K03464,
,pcaD,,K01055,3353.0
,pcaI,,K01031,1922.0
,pcaJ,,K01032,1921.0
TK37_RS15255,fadA,WP_024015658.1,K00632,1247.0
,pcaF,,K07823,1682.0
,paaJ,,K02615,554.0
,bauA,,K00822,1334.0
,toa,,K15372,421.0
,puuE,,K00823,421.0
,gabT,,K07250,421.0
,abaT,,K13524,421.0
,davT,,K14268,421.0
,pydD,,K25571,
TK37_RS17625,aldh6a1,WP_020744244.1,K00140,3217.0
TK37_RS07775,aldh6a1,WP_049586944.1,K00140,3217.0
TK37_RS15860,cpxR,WP_014949577.1,K07662,463.0
TK37_RS14295,cpxR,WP_049588337.1,K07662,463.0
,cpxA,,K07640,464.0
TK37_RS15645,bcat,WP_049588570.1,K00826,359.0
TK37_RS04420,bkdA1,WP_049586267.1,K00166,1933.0
TK37_RS04425,bkdA2,WP_049586269.1,K00167,1934.0
,bkdA,,K11381,
TK37_RS03470,dld,WP_049586089.1,K00382,2898.0
TK37_RS04430,dbt,WP_049586270.1,K09699,1935.0
,atoD,,K01034,1922.0
,atoA,,K01035,1921.0
,ydiF,,K19709,
,acsm,,K01896,3404.0
,ccrA,,K17829,2231.0
TK37_RS07910,ter,WP_049586958.1,K00209,3377.0
TK37_RS04250,acads,WP_039227752.1,K00248,2192.0
TK37_RS20075,acads,WP_049589161.1,K00248,2192.0
,abfT,,K18122,131.0
,glyR,,K18121,1897.0
,gbd,,K00043,358.0
,yihU,,K08318,3218.0
,abfH,,K18120,358.0
TK37_RS00095,gabD,WP_049585438.1,K00135,3868.0
,sad,,K08324,3868.0
,cimA,,K09011,925.0
TK37_RS02475,leuC,WP_049585948.1,K01703,923.0
TK37_RS02470,leuD,WP_049585947.1,K01704,922.0
TK37_RS02480,leuB,WP_049585949.1,K00052,924.0
TK37_RS07010,ackA,WP_049586785.1,K00925,1420.0
,tdcD,,K00932,1420.0
,pduW,,K19697,1420.0
TK37_RS10220,cheA,WP_049587445.1,K03407,
TK37_RS12845,cheA,WP_049588036.1,K03407,
TK37_RS12825,cheW,WP_014948654.1,K03408,1082.0
TK37_RS12830,cheW,WP_049588032.1,K03408,1082.0
TK37_RS10245,cheW,WP_160314208.1,K03408,1082.0
TK37_RS12855,cheY,WP_012517682.1,K03413,
TK37_RS01865,cheY,WP_014948846.1,K03413,
TK37_RS10200,cheY,WP_049587438.1,K03413,
TK37_RS01035,cheX,WP_014951104.1,K03409,3679.0
TK37_RS18570,cheC,WP_049588941.1,K03410,3246.0
TK37_RS12850,cheZ,WP_014948650.1,K03414,1077.0
,cheD,,K03411,
TK37_RS02920,cheR,WP_014978562.1,K00575,1009.0
TK37_RS10240,cheR,WP_049587452.1,K00575,1009.0
TK37_RS10215,cheB,WP_049587443.1,K03412,1079.0
TK37_RS12840,cheB,WP_049588035.1,K03412,1079.0
TK37_RS02915,cheV,WP_049586000.1,K03415,1008.0
TK37_RS12605,cheV,WP_049587993.1,K03415,1008.0
,cda12,,K01452,1513.0
TK37_RS08045,acs,WP_049586975.1,K01895,3404.0
TK37_RS12590,aceB;glcB,WP_049587987.1,K01638,2735.0
,me2;sfcA;maeA,,K00027,439.0
,pgm3,,K01836,1861.0
,nagK,,K00884,
TK37_RS02295,nagA,WP_049585927.1,K01443,887.0
,agaA,,K02079,887.0
,glmA,,glmA,3079.0
TK37_RS02290,gspK,WP_049585926.1,K18676,886.0
,acnA,,K01681,3025.0
,acnB,,K01862,
TK37_RS04280,idh1;idh2,WP_049586240.1,K00031,1754.0
TK37_RS06515,idh1;idh2,WP_049586716.1,K00031,1754.0
TK37_RS02655,idh3,WP_014948534.1,K00030,958.0
TK37_RS15970,ogdh,WP_049588626.1,K00164,1869.0
,kgd,,K01616,1869.0
TK37_RS15965,sucB,WP_014949449.1,K00658,1870.0
TK37_RS15955,sucD,WP_012518366.1,K01902,1872.0
,sucC,,K01903,1871.0
,aarC,,K18118,
,sdhA,,K00239;K00233;K00244,
,sdhB,,K00240;K00245;K25995,
,sdhC,,K00241;K00246;K25996,
,sdhD,,K00242;K18859;K18860;K00247,
,fumB,,K01676;K01678,
,fumD,,K01675,
,fumE,,K01774,
,mqo,,K00116,
TK37_RS07925,mdh,WP_014950802.1,K00024,3380.0
TK37_RS15995,cs,WP_014949444.1,K01647,1864.0
TK37_RS01300,cysK,WP_049585787.1,K01738,1167.0
TK37_RS18040,cysK,WP_049588866.1,K01738,1167.0
,met17,,K17069,2180.0
,aspB,,K00812,2222.0
,aspC,,K00813,2183.0
,yhdR,,K11358,2222.0
,cth,,K01758,2180.0
,metC,,K01760,2180.0
TK37_RS13800,malY,WP_049588230.1,K14155,2073.0
,mccB,,K17217,2180.0
TK37_RS14240,sseA,WP_014948070.1,K01011,2066.0
TK37_RS13750,sseA,WP_049588222.1,K01011,2066.0
,cp39,,cp39,3533.0
,cp1,,cp1,3892.0
,cp26,,cp26,928.0
,cp93,,cp93,1554.0
,cp44,,cp44,3033.0
,cp56,,cp56,1000.0
,cp60,,cp60,2843.0
TK37_RS00085,yrfG,WP_014951321.1,K20881,3870.0
,cdd,,K01489,1839.0
,pdp,,K00756,
,udp,,K00757,
,inuH,,K25589,2886.0
,rihB,,K10213,2886.0
,codA,,K01485,
,fcy1,,K03365,998.0
,narG,,K00370,679.0
,narH,,K00371,
,narI,,K00374,
,napA,,K02567,681.0
,napB,,K02568,
TK37_RS08145,nasA,WP_049586998.1,K00372,681.0
,narB,,K00367,681.0
,nasB,,K00360,679.0
TK37_RS08135,nirB,WP_049586997.1,K00362,679.0
TK37_RS08140,nirD,WP_014975661.1,K00363,680.0
TK37_RS11660,acsL,WP_014950005.1,K01897,744.0
TK37_RS08435,acsL,WP_049587062.1,K01897,744.0
,acox1;acox3,,K00232,
TK37_RS10875,acd,WP_014947786.1,K00249,81.0
TK37_RS09010,acd,WP_049587170.1,K00249,81.0
TK37_RS09355,acd,WP_049587262.1,K00249,81.0
,acadVL,,K09479,
TK37_RS18115,fadE,WP_014976690.1,K06445,2137.0
,acadL,,K00255,1605.0
TK37_RS11765,echA,WP_014976911.1,K01692,2481.0
TK37_RS08915,echA,WP_049587152.1,K01692,2481.0
,mfp2,,K10527,
,fadB,,K01825,555.0
TK37_RS01715,fadJ,WP_049585918.1,K01782,1248.0
,echs1,,K07511,
,fadB2,,K13767,1248.0
,ehhadh,,K07514,
,hadhA,,K07515,
,hadH,,K00022,1681.0
TK37_RS17080,fadN,WP_049588754.1,K07516,1681.0
,hadhb,,K07509,1247.0
,fucK,,K00879,191.0
,lvr,,K18333,1664.0
,fucB,,K07046,704.0
,fucH,,fucH,2346.0
,ucpA,,K18335,703.0
TK37_RS18945,gad,WP_014977595.1,K01580,3575.0
,pop2,,K16871,1334.0
TK37_RS19715,galM,WP_049589083.1,K01785,180.0
TK37_RS19705,galK,WP_039217399.1,K00849,182.0
TK37_RS19710,galT,WP_049589081.1,K00965,181.0
TK37_RS02590,galE,WP_014978530.1,K01784,946.0
,capD,,K17716,1051.0
TK37_RS18850,pgm,WP_049588979.1,K01835,1472.0
,pmm,,K15778,
,gal,,K00035,
,galD,,K22215,1395.0
,akr1B,,K00011,1383.0
TK37_RS07835,idnK,WP_039216382.1,K00851,3362.0
,pck,,K01596,
TK37_RS00180,pckA,WP_049585467.1,K01610,3851.0
TK37_RS08530,fbp,WP_049587083.1,K03841,162.0
,glpX,,K02446,
,fbp3,,K04041,
,glpXSEBP,,K11532,
,adh,,K00002,3708.0
,cryl1,,K13247,1681.0
,lyx,,lyx,191.0
,dcxr,,K03331,2190.0
TK37_RS19140,uxaC,WP_049589017.1,K01812,2347.0
,uxuB,,K00040,2348.0
,uxuA,,K01686,
,manD,,K08323,705.0
,aldH,,K13877,2014.0
,dopDH,,K19588,2807.0
,uxaB,,K00041,2348.0
,trpG,,K01658,1376.0
,uxaA1,,K16849,
,uxaA2,,K16850,2346.0
,glud1,,K00261,1120.0
,gudB,,K00260,1798.0
TK37_RS04525,gdh2,WP_049586292.1,K15371,1953.0
TK37_RS10415,gdhA,WP_012516877.1,K00262,1798.0
TK37_RS11915,gdhA,WP_049587790.1,K00262,1798.0
TK37_RS13525,gdhA,WP_049588184.1,K00262,1798.0
,aspA,,K01744,3061.0
TK37_RS03515,serA,WP_049586098.1,K00058,2890.0
,hgdH,,K25634,1895.0
,gctA,,K01039,
,gctB,,K01040,
,hgdA,,K20903,
,hgdB,,K20904,
,gcdA,,K01615,1604.0
,crt1,,crt1,2481.0
,etfA1,,etfA1,2202.0
,etfB1,,etfB1,2203.0
,bcd,,bcd,1605.0
TK37_RS05595,atoB,WP_049586525.1,K00626,1607.0
TK37_RS17085,atoB,WP_049588755.1,K00626,1607.0
,aarC;cat1,,K18118,
TK37_RS12615,gls,WP_049588023.1,K01425,2730.0
,purQ,,K23265,1000.0
TK37_RS20130,ppat,WP_014949941.1,K00764,2439.0
TK37_RS14845,glpK,WP_049588438.1,K00864,191.0
,gk5,,K19583,191.0
TK37_RS14835,glpA,WP_049588435.1,K00111,193.0
,glpB,,K00112,
,gldA,,K00005,1394.0
,golD,,K22251,1785.0
,dhaT,,K00086,1394.0
,gcvP,,K00281,2870.0
,gcvPA,,K00282,2870.0
,gcvPB,,K00283,2870.0
TK37_RS12495,gcvT,WP_049587956.1,K00605,2872.0
TK37_RS03470,lpd,WP_049586089.1,K00382,2898.0
TK37_RS12495,amt,WP_049587956.1,K00605,2872.0
TK37_RS12490,gcsh,WP_014950360.1,K02437,2871.0
TK37_RS11000,g6pD,WP_049587589.1,K00036,2324.0
,pgl,,K07404,
TK37_RS11005,pglS,WP_014979596.1,K01057,2323.0
TK37_RS11010,edd,WP_014998717.1,K01690,2322.0
,eda,,K01625;K17463,
TK37_RS11030,gapA,WP_014976817.1,K00134,2311.0
TK37_RS11065,gapA,WP_049587602.1,K00134,2311.0
,gap2,,K00150,
TK37_RS04055,pgk12,WP_049586192.1,K00927,841.0
TK37_RS15640,pgaM;gpmA,WP_014947970.1,K01834,360.0
,gpmB,,K15634,360.0
,dpgm,,dpgm,
TK37_RS02495,eno,WP_049585952.1,K01689,927.0
TK37_RS10990,pk,WP_014949855.1,K00873,2326.0
,gnaD,,K05308,705.0
,cutB,,K18021,1511.0
,cutC,,K18022,2830.0
,aor,,K03738,
,gapN,,K18978,2807.0
,glk,,K00845;K25026,
TK37_RS03070,gpi,WP_049586025.1,K01810,2977.0
TK37_RS04315,pfkA,WP_049586246.1,K00850,1912.0
,pfkB,,K16370,
,pfk,,K21071,1912.0
TK37_RS04060,aldO,WP_049586194.1,K01623,842.0
,fbaA,,K01624;K16306,
,fbp,,K01622,
,fbaB,,K11645;K16305,
TK37_RS16735,tpiA,WP_080986462.1,K01803,1791.0
TK37_RS04055,pgk,WP_049586192.1,K00927,841.0
TK37_RS15640,gpmA,WP_014947970.1,K01834,360.0
,gapor,,K11389,
,gpmI,,K15633,
TK37_RS06450,ppsA,WP_049586697.1,K01007,1741.0
,ppdK,,K01006,1741.0
,fbp-SEBP,,K01086,162.0
,gapN,,K00131,3658.0
TK37_RS12600,aceA,WP_049587992.1,K01637,2733.0
TK37_RS03000,aceK,WP_049586015.1,K00906,2991.0
,iclR,,K13641,3195.0
TK37_RS11705,fadR,WP_014949996.1,K03603,2493.0
,arcA,,arcA,3847.0
,arcB,,arcB,3031.0
,aao,,K00273,
TK37_RS04060,aldo,WP_049586194.1,K01623,842.0
,fbaA,,K01624,
,aroA,,K16306,
,aldA,,K07248,2014.0
,grhpr,,K00049,2890.0
,hpr2,,K15919,
,glyr,,K18121,1897.0
TK37_RS13260,ghrA,WP_049588126.1,K12972,
,ghrB,,K00090,2890.0
TK37_RS05250,hprA,WP_049586436.1,K00018,3933.0
,gyaR,,K00015,1895.0
,hoga1,,K18123,2122.0
,udp,,K26212,
TK37_RS17510,guaD,WP_049588801.1,K01487,1506.0
TK37_RS10385,czcC,WP_012516884.1,K15725,287.0
TK37_RS10300,czcC,WP_049587473.1,K15725,287.0
TK37_RS15430,czcC,WP_049588551.1,K15725,287.0
TK37_RS10375,czcA,WP_012516886.1,K15726,289.0
TK37_RS15420,czcA,WP_014975582.1,K15726,289.0
TK37_RS04625,czcA,WP_018624877.1,K15726,289.0
TK37_RS10310,czcA,WP_049587475.1,K15726,289.0
TK37_RS10380,czcB,WP_012516885.1,K15727,303.0
TK37_RS15425,czcB,WP_014975581.1,K15727,303.0
TK37_RS10305,czcB,WP_049587474.1,K15727,303.0
TK37_RS10370,czcD,WP_012516887.1,K16264,3714.0
TK37_RS00860,czcD,WP_039229202.1,K16264,3714.0
TK37_RS04635,czcD,WP_045980004.1,K16264,3714.0
,amdhd1,,K01468,879.0
,fctD,,K00603;K13990,
,hutG,,K01479,878.0
,hutF,,K05603,
,hutG2,,K01458,
TK37_RS19280,hal,WP_049589036.1,K01745,882.0
TK37_RS19275,uroc1,WP_049589035.1,K01712,881.0
,cbs,,K01697,2152.0
TK37_RS07625,cat,WP_039225577.1,K03781,447.0
TK37_RS07380,cat,WP_049586869.1,K03781,447.0
TK37_RS14370,cat,WP_049588336.1,K03781,447.0
TK37_RS08115,cat,WP_152910875.1,K03781,447.0
TK37_RS18615,katG,WP_014977393.1,K03782,3236.0
,ip87,,ip87,3665.0
TK37_RS18480,guaB,WP_014950158.1,K00088,2681.0
,iolX,,K16043,3144.0
,iolD,,K03336,487.0
TK37_RS17625,iolA,WP_020744244.1,K00140,3217.0
TK37_RS07775,iolA,WP_049586944.1,K00140,3217.0
,iolO,,K22233,354.0
TK37_RS10875,acadM,WP_014947786.1,K00249,81.0
TK37_RS09010,acadM,WP_049587170.1,K00249,81.0
TK37_RS09355,acadM,WP_049587262.1,K00249,81.0
TK37_RS04250,acadS,WP_039227752.1,K00248,2192.0
TK37_RS20075,acadS,WP_049589161.1,K00248,2192.0
,acadSB,,K09478,1605.0
,hadh,,K00022,1681.0
,hsd17B10,,K08683,1785.0
,fadB2,,K01825,555.0
TK37_RS01715,fadJ2,WP_049585918.1,K01782,1248.0
,hadhB,,K07509,1247.0
,araB,,K00853,
,lada,,K25880,60.0
,dcxR,,K03331,2190.0
,araC,,K13875,3920.0
TK37_RS11415,pah,WP_014948685.1,K00500,1115.0
,pal,,K10775,882.0
,hcaE,,K05708,
,hcaF,,K05709,
,hcaC,,K05710,4031.0
,hcaD,,K00529,4031.0
,hcaB,,K05711,1679.0
,mhpB,,K05713,
,mhpC,,K05714,2015.0
,sds,,K17989,3919.0
TK37_RS04390,sdsA,WP_049586260.1,K01752,1927.0
,lacG,,K01220,3980.0
,lacC,,K00917,
,lampul1_gh16,,lampul1,3715.0
,lampul1_tbdr,,lampul1tbdr,3716.0
,lampul2_tbdr,,lampul2tbdr,3979.0
,lampul1_gh1,,lampul1gh1,3721.0
,lampul1_gh3,,lampul1gh3,3719.0
,lampul2_gh1,,lampul2gh1,3980.0
,lampul1_mfs1,,lampul1mfs1,3720.0
,lampul1_mfs2,,lampul1mfs2,3723.0
,lampul2_mfs,,lampul2mfs,3981.0
,lampul1_reg,,lampul1reg,3722.0
,lampul1_dgc,,lampul1dgc,3717.0
,lampul1_trans,,lampul1trans,3718.0
TK37_RS05585,ivd,WP_049586522.1,K00253,1605.0
TK37_RS05570,mccc1,WP_049586517.1,K01968,1602.0
TK37_RS05580,mccc2,WP_049586521.1,K01969,1604.0
,auh,,K05607,
TK37_RS05575,liuC,WP_049586519.1,K13766,1603.0
TK37_RS05565,hmgL,WP_080986391.1,K01640,1601.0
,ldcC,,K01582,2801.0
,patA,,K09251,421.0
,prr,,K00137,3212.0
,davA,,K01506,1705.0
,gcdH,,K00252,1605.0
,crt,,K01715,2481.0
,hbd2,,K15016,1681.0
,fadB22,,K01825,555.0
,ehhadh2,,K07514,
,mfp22,,K10527,
,hbd22,,K15016,1681.0
,lat,,K03918,1334.0
,lysDH2,,K19064,3658.0
,aldh7A1,,K14085,
,lysDH,,K19064,3658.0
,racX,,K25316,3899.0
,alr,,K25317,527.0
,alr1,,K20707,527.0
,amaD,,K26064,
TK37_RS09465,dat,WP_049587284.1,K00824,2211.0
,amaA,,K26065,3043.0
,pipox,,K00306,
,kat2,,K00825,
,aro8,,K00838,
,lysn,,K05825,
,gabT3,,K26062,421.0
,pgmB,,K01838,174.0
,hxpA,,K19270,174.0
,hxpB,,K24204,657.0
,manA,,K01809,1542.0
,pgi,,K15916,
,algA,,K16011,3464.0
,melA,,K07406,
TK37_RS19680,galA,WP_049589075.1,K07407,187.0
,mp1,,mp1,2371.0
,mp2,,mp2,1675.0
,mp3A,,mp3A,384.0
,mp13,,mp13,1097.0
,mp14D,,mp14D,2310.0
,mp15,,mp15,1481.0
,mp16A,,mp16A,1251.0
,mp16B,,mp16B,1186.0
,mp17,,mp17,3178.0
,mp19,,mp19,2934.0
,mp20A,,mp20A,2663.0
,mp20D,,mp20D,502.0
,mp20X,,mp20X,1526.0
,mp23B,,mp23B,3046.0
,mp24A,,mp24A,977.0
,mp24B,,mp24B,557.0
,mp28A,,mp28A,42.0
,mp28D,,mp28D,1213.0
,mp28E,,mp28E,1228.0
,mp38,,mp38,1506.0
,mp41,,mp41,1788.0
,mp48C,,mp48C,2126.0
,mp49,,mp49,724.0
,mp50B,,mp50B,985.0
,mp56,,mp56,2825.0
,mp61,,mp61,1907.0
TK37_RS04040,metK,WP_049586187.1,K00789,838.0
TK37_RS13345,ahcY,WP_014950659.1,K01251,3168.0
TK37_RS13110,prpC,WP_049588091.1,K01659,3024.0
,acnD,,K20455,3025.0
TK37_RS13120,prpF,WP_049588095.1,K09788,3026.0
TK37_RS03615,acnB,WP_049586123.1,K01682,747.0
TK37_RS08450,acnB,WP_049587064.1,K01682,747.0
TK37_RS13105,prpB,WP_049588089.1,K03417,3023.0
,pccA,,K01965;K11263,
,pccB,,K01966;K19312,
,accD6,,K18472,1604.0
,pccX,,K22568,
,pycB,,K03416,1104.0
,hynL,,hynL,266.0
,hynS,,hynS,265.0
,nasB,,K00361,679.0
,nasE,,K26138,
,nasD,,K26139,679.0
,nirA,,K00366,3266.0
,nrfA,,K03385,
,nrfE,,K04016,941.0
,nrfH,,K15876,
,folA,,K00287,604.0
,folM,,K13938,3637.0
,dhfrA1,,K18589,604.0
,dhfrA12,,K18590,604.0
,dfrD,,K18591,604.0
,dfrA10,,K19643,
,dfrA18,,K19644,
,dfrB,,K19645,
,pf1,,K00601,2135.0
,purNH,,K01492,3838.0
TK37_RS18125,purN,WP_014979424.1,K11175,2135.0
,gart,,K11787,
TK37_RS00240,purH,WP_049585742.1,K00602,3838.0
TK37_RS15510,purU,WP_049588561.1,K01433,387.0
TK37_RS04770,fmt,WP_039228916.1,K00604,18.0
TK37_RS20335,fmt,WP_049589203.1,K00604,18.0
TK37_RS20550,fmt,WP_049589231.1,K00604,18.0
,mthfd,,K00288,
TK37_RS18435,folD,WP_014950149.1,K01491,2671.0
,fchA,,K01500,
,mthfs,,K01934,2888.0
,fctD,,K00603,
,mtdA,,K00300,2671.0
,thyX,,K03465,
TK37_RS05985,glyA,WP_049586601.1,K00600,536.0
TK37_RS14575,glyA,WP_049588376.1,K00600,536.0
TK37_RS19405,metF,WP_014950980.1,K00297,3550.0
,yitJ,,K24042,
TK37_RS12805,metH,WP_049588027.1,K00548,1086.0
TK37_RS12810,metH,WP_049588028.1,K00548,1086.0
TK37_RS09700,thyA,WP_014948183.1,K00560,631.0
TK37_RS19220,thyA,WP_049589027.1,K00560,631.0
,pqqadh,,pqqadh,3172.0
,pqqadh2,,pqqadh2,1163.0
,znadh,,znadh,616.0
,feadh,,feadh,1394.0
,feadh2,,feadh2,358.0
,feadh3,,feadh3,2377.0
,gfa,,K03396,
TK37_RS03035,gshfdh,WP_049586019.1,K00121,2985.0
TK37_RS16935,fgh,WP_049588737.1,K01070,3305.0
,speC,,K01581,154.0
TK37_RS13205,puuB,WP_049588112.1,K09471,3043.0
,puuC,,K09472,2807.0
TK37_RS00615,ndh,WP_014951193.1,K03885,3764.0
,npd,,K23948,
,fbcH,,K00410,795.0
TK37_RS03820,petA,WP_049586157.1,K00411,794.0
TK37_RS03825,petB,WP_049586160.1,K00412,795.0
TK37_RS03830,petC,WP_015066276.1,K00413,796.0
,ccoN,,K00404;K15862,
,ccoO,,K00405;K15862,
TK37_RS13680,ccoP,WP_039220102.1,K00406,2052.0
TK37_RS13675,ccoQ,WP_014949591.1,K00407,
TK37_RS00415,cox10;ctaB;cyoE,WP_049585524.1,K02257,3804.0
TK37_RS14950,cox10;ctaB;cyoE,WP_049588447.1,K02257,3804.0
TK37_RS14920,cox11,WP_049588444.1,K02258,3912.0
TK37_RS14945,cox15,WP_049588465.1,K02259,3907.0
,coxA,,K02274;K15408,
TK37_RS14910,coxB,WP_080986445.1,K02275,3914.0
,coxC,,K02276;K15408,
TK37_RS10810,coxD,WP_049587544.1,K02277,
TK37_RS00395,cyoA,WP_049585518.1,K02297,3808.0
,cyoB,,K02298,3807.0
TK37_RS00405,cyoC,WP_049585522.1,K02299,3806.0
TK37_RS00410,cyoD,WP_012520077.1,K02300,3805.0
,qoxA,,K02826,3808.0
,qoxB,,K02827,3807.0
,qoxC,,K02828,3806.0
,qoxD,,K02829,
,soxD,,K24007,2922.0
TK37_RS04950,atpA,WP_014951450.1,K02111,3994.0
TK37_RS04960,atpD,WP_014951449.1,K02112,3992.0
TK37_RS04955,atpG,WP_012520217.1,K02115,3993.0
TK37_RS04945,atpH,WP_015000145.1,K02113,3995.0
TK37_RS04965,atpC,WP_014951448.1,K02114,3991.0
TK37_RS04930,atpB,WP_012520223.1,K02108,3998.0
TK37_RS04940,atpF,WP_014951452.1,K02109,3996.0
TK37_RS04935,atpE,WP_012520222.1,K02110,3997.0
,ntpA,,K02117,
,ntpB,,K02118,3992.0
,ntpC,,K02119,
,ntpD,,K02120,
,ntpE,,K02121,
,ntpF,,K02122,
,ahaH,,K02107,
,ntpI,,K02123,
,ntpK,,K02124,
TK37_RS00795,appB,WP_049585641.1,K00426,3504.0
TK37_RS06770,appB,WP_049586746.1,K00426,3504.0
TK37_RS00790,appC,WP_049585639.1,K00425,3503.0
TK37_RS06765,appC,WP_049586745.1,K00425,3503.0
,appX,,K22501,
TK37_RS07700,pec1,WP_049586918.1,K01051,2366.0
,pecpul1_ce12,,pecpul1ce12,2361.0
,pecpul1_ce8,,pecpul1ce8,2366.0
,pecpul2_PL1/CE8,,pecpul2pl1ce8,3813.0
,PL1,,pl1,
,pecpul1_gh28,,pecpul1gh28,2365.0
,pecpul2_pl1,,pecpul2pl1,3811.0
,pecpul1_tbdr,,pecpul1tbdr,2363.0
,pecpul2_tbdr,,pecpul2tbdr,3812.0
,pecpul1_gh105,,pecpul1gh105,2364.0
,pec3,,K01184,2844.0
,pecpul1_TRAPT1,,pecpul1trapt1,2342.0
,pecpul1_TRAPT2,,pecpul1trapt2,2343.0
,pecpul1_TRAPT3,,pecpul1trapt3,2344.0
,pecpul1_uxaC,,pecpul1uxac,2347.0
,pecpul1_uxuB,,pecpul1uxab,2348.0
,pecpul1_uxaA,,pecpul1uxaa,2346.0
,pecpul1_kduI,,pecpul1kdui,2341.0
,pecpul1_kduD,,pecpul1kdud,2340.0
,pecpul1_kdgK,,pecpul1kdgk,2350.0
,ogl,,K01730,3197.0
,pecpul1_hp,,pecpul1hp,2338.0
,pecpul1_unknown,,pecpul1unknown,2339.0
,pecpul1_eda,,pecpul1eda,2349.0
,pecpul2_reg,,pecpul2reg,3810.0
,pecpul1_reg,,pecpul1reg,2345.0
TK37_RS11000,zwf,WP_049587589.1,K00036,2324.0
,azf,,K19243,
,pgl,,K01057;K07404,
TK37_RS11050,gnd,WP_014998709.1,K00033,2314.0
,hps-phi,,K13831,3622.0
,hxlA,,K08093,
TK37_RS17360,rpe,WP_049588788.1,K01783,425.0
TK37_RS03520,rpiA,WP_049586099.1,K01807,2889.0
,rpiB,,K01808,3188.0
TK37_RS04045,tkt,WP_049586189.1,K00615,839.0
TK37_RS03075,tal,WP_039226298.1,K00616,2976.0
,tal-pgi,,K13810,
,pfp,,K00895,
,fbaB,,K11645,
,fba,,K16305,
,pla2,,K01047,
TK37_RS18460,pldA,WP_039228347.1,K01058,2676.0
,tgl4,,K14674,2488.0
,pla2g4,,K16342,
,capV,,K06900,2029.0
TK37_RS14285,pldB,WP_039231048.1,K01048,465.0
,lypla1,,K06128,
,lypla3,,K06129,
TK37_RS07300,tesA,WP_049586851.1,K10804,1361.0
,aspG,,K13278,1767.0
,plB1,,K14621,
TK37_RS01505,glpQ,WP_049585830.1,K01126,478.0
TK37_RS14220,glpQ,WP_049588313.1,K01126,478.0
,betT,,betT,2809.0
,tetR,,tetR,1096.0
,betB,,betB,2807.0
,betA,,betA,2808.0
,choV,,choV,
,choX,,choX,
,choW,,choW,
,etaGA,,etaGA,3079.0
,GAADDH,,GAADDH,2014.0
,GETAADH,,GETAADH,1394.0
TK37_RS14210,psd,WP_014948076.1,K01613,480.0
TK37_RS12720,suhB,WP_014950183.1,K01092,2709.0
,impl2,,K18649,2709.0
,pilA,,K02650,2906.0
TK37_RS03425,pilC,WP_049586077.1,K02653,2907.0
,pilD,,K02654,2908.0
TK37_RS18535,pilF,WP_049588935.1,K02656,2692.0
,pilQ,,K02666,433.0
TK37_RS17315,pilP,WP_014948034.1,K02665,434.0
TK37_RS17310,pilO,WP_014948035.1,K02664,435.0
TK37_RS17305,pilN,WP_049588774.1,K02663,436.0
TK37_RS17300,pilM,WP_049588773.1,K02662,437.0
TK37_RS05805,pilV,WP_080590400.1,K02671,2648.0
TK37_RS05810,pilW,WP_014950126.1,K02672,2647.0
TK37_RS05815,pilX,WP_014950125.1,K02673,2646.0
TK37_RS05820,pilY1,WP_049586579.1,K02674,2645.0
TK37_RS05825,pilE,WP_014950123.1,K02655,2644.0
,nahAc,,K14579,
,nahAd,,K14580,
,nahAb,,K14578,
,nahAa,,K14581,2011.0
,nahB,,K14582,1679.0
,nahF,,K00152,3658.0
,pahENP,,pahENP,
,pahERO,,pahERO,2122.0
,pahEMV,,pahEMV,
,pahEPA,,pahEPA,
TK37_RS09770,putA,WP_049587341.1,K13821,617.0
,prodH,,K00318,617.0
TK37_RS03165,proC,WP_049586037.1,K00286,2959.0
,acox,,K00232,
TK37_RS04250,bcd,WP_039227752.1,K00248,2192.0
TK37_RS20075,bcd,WP_049589161.1,K00248,2192.0
,ade,,K01486,
,ade2,,K21053,1516.0
,hpxO,,K16839,
,hpyO,,K22879,
,puuD2,,puuD2,1505.0
,uaZ,,K00365,
,pucL,,K16838,1505.0
TK37_RS17515,uraH,WP_014976192.1,K07127,1507.0
,tthl,,K13484,
,urad,,K13485,
TK37_RS17520,hpxQ,WP_049588802.1,K16840,1508.0
,allB,,K01466,
,hpxB,,K16842,1513.0
,uah,,K18151,1526.0
TK37_RS17750,allC,WP_049588841.1,K02083,1526.0
,ucard,,K24871,406.0
,pucG,,K00839,1527.0
,preT,,K17722,3034.0
,preA,,K17723,
,dpyD,,K00207,
,pydC,,K01431,3639.0
,pydC2,,K06016,1526.0
TK37_RS07805,rutA,WP_049586948.1,K09018,3356.0
TK37_RS07780,rutF,WP_014950775.1,K09024,3351.0
TK37_RS07800,rutB,WP_049586947.1,K09020,3355.0
,rutC,,K09021,3354.0
,rutD,,K09023,3353.0
TK37_RS07785,rutE,WP_049586946.1,K09019,3352.0
,aam3,,K19795,3833.0
,pdhA,,K00161;K00163,
,pdhB,,K00162;K00163,
TK37_RS03470,pdhD,WP_049586089.1,K00382,2898.0
TK37_RS03465,pdhC,WP_049586087.1,K00627,2899.0
,pdc,,K01568,
TK37_RS01135,ilvI,WP_014951084.1,K01652,487.0
TK37_RS14165,ilvI,WP_049588309.1,K01652,487.0
TK37_RS14160,ilvN,WP_014975513.1,K01653,488.0
,ilvM,,K11258,
,porA,,K00169,
,porB,,K00170,
,porD,,K00171,
,porC,,K00172,
,vorG,,K00189,
,por,,K03737,
,pf1D,,K00656,
,pta,,K00625;K13788,
,eutD,,K04020,1421.0
,pduL,,K15024,
,lsc1,,K01899,
,lsc2,,K01900,
,aldh3,,K00129,
TK37_RS17600,aldB,WP_014950684.1,K00138,3212.0
,aldH,,K14519,617.0
TK37_RS05595,atoB;acat,WP_049586525.1,K00626,1607.0
TK37_RS17085,atoB;acat,WP_049588755.1,K00626,1607.0
,alt,,K00814,2222.0
TK37_RS09410,alaA,WP_049587271.1,K14260,2222.0
,fadA,,K00626;K00632,
,ptb,,K00634,1421.0
,etfA;etfB;bcd,,etfA;etfB;bcd,
,adhE,,K00132;K04072,
,mhpF,,K04073,2017.0
TK37_RS15745,tesF,WP_049588588.1,K18366,2017.0
,adh;akr1A1,,K00002,3708.0
TK37_RS17935,ahr,WP_049588854.1,K12957,1446.0
,yahK,,K13979,616.0
,adhE2,,adhE2,
,bdhB,,bdhB,2377.0
,bdhA,,bdhA,60.0
TK37_RS07910,fabV;ter,WP_049586958.1,K00209,3377.0
,adhP,,adhP,616.0
,eutE,,K04021,
TK37_RS15745,bphJ;xylQ;nahO;tesF,WP_049588588.1,K18366,2017.0
,adh1_7,,K13951,
,adh4,,K13980,
,adh6,,K13952,
,adhP,,K13953,616.0
,yiaY,,K13954,1394.0
TK37_RS09780,adh,WP_049587342.1,K00001,1394.0
TK37_RS03035,frmA;adh5;adhC,WP_049586019.1,K00121,2985.0
,adh1,,K18857,
,eutG,,K04022,1394.0
TK37_RS14860,ilvC,WP_014951396.1,K00053,3924.0
TK37_RS14880,ilvD,WP_014977810.1,K01687,3920.0
,adhE,,K04072,
TK37_RS04230,ldhA,WP_049586233.1,K03778,1895.0
,ldh,,K00016,
,mdh1,,K00025,
,mdh2,,K00026,
,scpC,,K22214,131.0
,acrC,,K20143,1899.0
,bdh,,K00004,60.0
,butA;budC,,K03366,1664.0
,budC,,K18009,3196.0
,rhgA,,K18580,2844.0
TK37_RS07710,yesR,WP_049586926.1,K15532,2364.0
TK37_RS15210,yesR,WP_049588503.1,K15532,2364.0
TK37_RS11330,csrA,WP_012517705.1,K03563,1101.0
TK37_RS09835,rpoS,WP_014948157.1,K03087,605.0
TK37_RS12860,fliA,WP_014948649.1,K02405,1075.0
,ebfE,,ebfE,220.0
,pteB,,pteB,3533.0
,pgrP,,K01446,
,xlyAB,,K01447,3032.0
TK37_RS01080,amiABC,WP_049585701.1,K01448,3670.0
,cwlJ,,K01449,
,ampD,,K03806,2903.0
,amiD,,K11066,
,atl,,K13714,
,sle1,,K22409,2410.0
,rhaM,,K03534,3202.0
,rhaA1,,K01813,
TK37_RS15165,rhaA2,WP_049588489.1,K01820,3190.0
,lra1,,K18337,1664.0
,lra2,,K18338,704.0
,lra3,,K12661,705.0
,lra5,,K21883,1664.0
,sp1C,,sp1C,822.0
,sp8A,,sp8A,1932.0
,sp9A,,sp9A,2492.0
,sp9B,,sp9B,2176.0
,sp9C,,sp9C,848.0
,sp9X,,sp9X,2169.0
,sp10,,sp10,2433.0
,sp11,,sp11,1771.0
,sp12,,sp12,2868.0
,sp14,,sp14,2669.0
,sp16,,sp16,1782.0
,sp24,,sp24,3915.0
,sp26A,,sp26A,2624.0
,sp33,,sp33,1397.0
,sp41A,,sp41A,1945.0
,sp45,,sp45,1889.0
,sp46,,sp46,2184.0
,sp49A,,sp49A,1763.0
,sp49B,,sp49B,1890.0
,sp51,,sp51,1339.0
,sp54,,sp54,62.0
,quiC,,K09483,
TK37_RS04680,asbF,WP_049586331.1,K15652,1984.0
,asbA,,K24108,1967.0
,asbB,,K24109,1981.0
,asbC,,K24110,1982.0
,asbD,,K24111,1983.0
,asbE,,K24112,1983.0
,gutB,,K00008,60.0
TK37_RS01185,scrK,WP_049585734.1,K00847,3649.0
,srlD,,K00068,1664.0
,pnm,,K15778,
,pgm2,,K15779,
TK37_RS03070,pgi,WP_049586025.1,K01810,2977.0
,tal,,K13810,
,pmi,,K15916,
TK37_RS07410,gtfA,WP_049586874.1,K00690,2422.0
TK37_RS18075,gtfA,WP_049588871.1,K00690,2422.0
,fbpA,,K01622,
,fbaA1,,K16306,
,gtd1,,K26059,355.0
,a3k,,K26288,357.0
,yihQ2,,K15922,3850.0
,yihV,,yihV,2885.0
,yihU,,yihU,3218.0
,yihQ,,yihQ,3850.0
,yihP,,yihP,3981.0
,yihO,,yihO,3981.0
,SQ-DH,,SQDH,1395.0
,SG-DH,,SGDH,3920.0
,slaB,,slaB,3658.0
,sqwG,,sqwG,839.0
,sqwH,,sqwH,2603.0
,sqwF,,sqwF,358.0
,sqiK,,sqiK,1912.0
,emp2reg,,emp2reg,3709.0
,squF,,squF,3630.0
,asmoreg,,asmoreg,2345.0
TK37_RS10760,gcat,WP_014977894.1,K00639,59.0
TK37_RS14885,ilvA,WP_014977809.1,K01754,3333.0
TK37_RS16795,ilvA,WP_049588717.1,K01754,3333.0
TK37_RS10765,tdh,WP_049587537.1,K00060,60.0
,tp1B,,tp1B,3540.0
,tp2,,tp2,1614.0
,tp3,,tp3,2173.0
,deoA,,K00758,
,indo,,K00463,
TK37_RS11450,tdo2,WP_049587680.1,K00453,1122.0
TK37_RS05605,kynu,WP_080986392.1,K01556,1609.0
,tyrB,,K00832,2183.0
TK37_RS17425,hppD,WP_014978916.1,K00457,1490.0
TK37_RS17430,hmgA,WP_049588791.1,K00451,1491.0
,maiA,,K01800,1118.0
,fahA,,K01555,
TK37_RS11425,faaH,WP_049587676.1,K16171,1117.0
,fldH,,K23109,1895.0
,acdA,,K24016,1899.0
,up32,,up32,2258.0
,up62,,up62,220.0
,up73,,up73,3763.0
,hibch,,K05605,1900.0
,hibdh,,K00020,3218.0
TK37_RS17625,aldh6A1,WP_020744244.1,K00140,3217.0
TK37_RS07775,aldh6A1,WP_049586944.1,K00140,3217.0
,xylA,,K01805,
,xylB,,K00854,191.0
TK37_RS04045,tktA,WP_049586189.1,K00615,839.0
,xad,,K14275,705.0
,xylD,,K22186,3920.0
,yagF,,K22396,
,xylC,,K14274,
,xylB2,,K22185,3196.0
,xacA,,K24442,3144.0
,xacC,,K24443,
,pecpul_kdgF,,algpulkdgf,
,pehX,,K18650,
,adhE;adhP,,adhE;adhP,
,kivD;pdc6;pdc5;pdc1,,kivD;pdc6;pdc5;pdc1,
,PDC1;PDC5;PDC6,,pdc1;pdc5;pdc6,
,sqvB,,sqvB,
