pangenome_id,protein_accession
0,WP_156080630.1
1,WP_049586368.1
2,WP_049586367.1
3,WP_049586366.1
4,WP_049586365.1
5,WP_049586364.1
6,WP_014947716.1
7,WP_080986385.1
8,WP_049586362.1
9,WP_014947719.1
10,AMN13672.1
11,WP_014947721.1
12,WP_014947722.1
13,WP_049586361.1
14,WP_049586360.1
15,WP_014947725.1
16,WP_014947726.1
17,WP_049586358.1
18,WP_039228916.1
19,WP_014977863.1
20,WP_049586356.1
21,WP_049586354.1
22,WP_014947732.1
23,WP_014975256.1
24,WP_049586351.1
25,WP_049586350.1
26,WP_049586348.1
27,WP_049586347.1
28,VTP50026.1
29,WP_014947739.1
30,VTP50028.1
31,WP_197047976.1
32,VTP50029.1
33,WP_049587508.1
34,WP_049587509.1
35,WP_049587510.1
36,WP_049587513.1
37,WP_049587515.1
38,WP_049587517.1
39,WP_049587518.1
40,WP_049587520.1
41,WP_049587521.1
42,WP_049587523.1
43,WP_012516568.1
44,WP_049587528.1
45,WP_014947752.1
46,WP_014977885.1
47,WP_014947754.1
48,WP_039236677.1
49,WP_049587529.1
50,WP_014947757.1
51,WP_012516577.1
52,WP_049587531.1
53,WP_014947759.1
54,WP_014947760.1
55,WP_014977890.1
56,WP_049587532.1
57,WP_049587534.1
58,WP_049587535.1
59,WP_014977894.1
60,WP_049587537.1
61,WP_014947767.1
62,WP_049587538.1
63,WP_049587539.1
64,VTP50061.1
65,WP_014975277.1
66,WP_014975278.1
67,WP_049587540.1
68,WP_049587542.1
69,WP_049587544.1
70,WP_049587545.1
71,WP_049587547.1
72,WP_049587550.1
73,WP_049587551.1
74,WP_049587552.1
75,WP_014947779.1
76,WP_053103820.1
77,WP_080986426.1
78,VTP50075.1
79,WP_049587556.1
80,WP_049587558.1
81,WP_014947786.1
82,WP_049587583.1
83,WP_049587584.1
84,WP_049587559.1
85,WP_049587562.1
86,WP_014947791.1
87,WP_049587563.1
88,WP_049587565.1
89,WP_049587566.1
90,WP_049587568.1
91,WP_049587570.1
92,WP_049587572.1
93,WP_039226928.1
94,WP_049587574.1
95,WP_039226924.1
96,WP_014947801.1
97,WP_049587575.1
98,WP_014977932.1
99,WP_049589215.1
101,WP_039236747.1
102,WP_014947805.1
103,WP_039226917.1
104,WP_049587131.1
105,WP_049587129.1
106,WP_049587128.1
107,WP_049587127.1
108,WP_014996861.1
109,WP_014947811.1
110,WP_049587125.1
111,WP_014975321.1
112,WP_039226913.1
113,WP_049587123.1
114,WP_049587122.1
115,WP_049587119.1
116,WP_152910877.1
117,VTP50113.1
118,WP_049587115.1
119,WP_049587114.1
120,WP_014975326.1
121,WP_049587137.1
122,WP_049587112.1
123,WP_039226907.1
124,WP_014975330.1
125,WP_049587136.1
126,VTP50123.1
127,WP_049587111.1
128,WP_014947826.1
129,WP_049587110.1
130,WP_014947828.1
131,WP_014947829.1
132,WP_049587109.1
133,WP_039236791.1
134,VTO37876.1
135,WP_049587106.1
136,WP_049587105.1
137,WP_049587104.1
138,WP_049587102.1
139,WP_049587134.1
140,WP_014975341.1
141,WP_014975342.1
142,WP_049587101.1
143,WP_049587099.1
144,WP_014977961.1
145,WP_014977962.1
146,WP_049587098.1
147,WP_014977964.1
148,WP_049587097.1
149,WP_049587095.1
150,WP_049587094.1
151,WP_049587093.1
152,WP_049587092.1
153,WP_049587091.1
154,WP_039226879.1
155,WP_049587089.1
156,WP_014947854.1
157,WP_049587088.1
158,WP_049587086.1
159,WP_039226872.1
160,WP_014947858.1
161,WP_080986403.1
162,WP_049587083.1
163,WP_014947861.1
164,WP_049587082.1
165,WP_049587081.1
166,WP_014975360.1
167,WP_014947865.1
168,WP_049587080.1
169,WP_049587078.1
170,WP_049587076.1
171,WP_012516741.1
172,WP_049587075.1
173,WP_049587074.1
174,WP_014977981.1
175,WP_014975368.1
176,WP_049587073.1
177,KHT53204.1
178,WP_014975370.1
179,WP_014947876.1
180,WP_049589083.1
181,WP_049589081.1
182,WP_061093966.1
183,WP_049589079.1
184,WP_049589078.1
185,WP_049589077.1
186,WP_049589076.1
187,WP_049589075.1
188,WP_049589074.1
189,WP_014947886.1
190,WP_014975370.1
191,WP_049588438.1
192,WP_014947888.1
193,WP_049588435.1
194,WP_049588434.1
195,WP_014947891.1
196,WP_039236872.1
197,WP_014977997.1
198,WP_049588433.1
199,WP_014947895.1
200,WP_014947896.1
201,WP_039236883.1
202,WP_049588431.1
203,WP_049588429.1
204,WP_049588428.1
205,WP_049588426.1
206,WP_049588424.1
207,WP_049588423.1
208,WP_049588421.1
209,WP_049588420.1
210,WP_049588419.1
211,WP_049588417.1
212,WP_049588416.1
213,WP_014947909.1
214,WP_049588415.1
215,WP_014978011.1
216,WP_014978012.1
217,WP_014947913.1
218,WP_049588413.1
219,WP_049588411.1
220,WP_049588410.1
221,WP_049588408.1
222,WP_049588407.1
223,WP_049588406.1
224,WP_049588405.1
225,WP_049588403.1
226,WP_014947922.1
227,WP_039236941.1
228,WP_049588401.1
229,WP_049588398.1
230,WP_039236951.1
231,WP_049588396.1
232,WP_049588395.1
233,WP_049588394.1
234,VTP50232.1
235,WP_012516827.1
236,WP_012516828.1
237,WP_049587502.1
238,WP_020742690.1
239,HCG88245.1
240,WP_049587499.1
241,WP_014996986.1
242,WP_049587498.1
243,WP_012516834.1
244,AMN13997.1
245,WP_012516837.1
246,WP_049587497.1
247,WP_152910886.1
248,WP_012516840.1
249,WP_080986424.1
250,VTP50249.1
251,VTP50250.1
252,WP_049587493.1
253,WP_012516845.1
254,WP_014996996.1
255,WP_014996996.1
256,WP_049587491.1
257,WP_012516849.1
258,WP_020742694.1
259,WP_049587489.1
260,WP_014996999.1
261,WP_014997000.1
262,WP_043959777.1
263,WP_020742695.1
264,WP_006991848.1
265,WP_012516857.1
266,WP_049587488.1
267,WP_012516859.1
268,WP_015066017.1
269,WP_012516861.1
270,WP_012516862.1
271,WP_012516863.1
272,WP_015066019.1
273,WP_012516865.1
274,WP_012516866.1
275,WP_170826532.1
276,WP_015066022.1
277,WP_014997005.1
278,WP_014997006.1
279,WP_015066023.1
280,WP_049587486.1
281,WP_012516877.1
282,VTP50281.1
283,VTP50282.1
284,VTO41725.1
285,WP_012516881.1
286,VTO41727.1
287,WP_012516884.1
288,WP_012516885.1
289,WP_012516886.1
290,WP_012516887.1
291,WP_014978032.1
292,WP_015066029.1
293,WP_044445998.1
294,WP_020742702.1
295,WP_015066032.1
296,WP_015066033.1
297,VTP50297.1
298,WP_020742704.1
299,HAG28126.1
300,WP_049587480.1
301,WP_049587478.1
302,WP_049587475.1
303,WP_049587474.1
304,WP_049587473.1
305,WP_049587472.1
306,WP_012516825.1
307,WP_049587471.1
308,WP_049589212.1
309,VTP58206.1
310,WP_014978038.1
311,WP_012516900.1
312,WP_053103831.1
313,WP_156080632.1
314,VTP50314.1
315,WP_012516902.1
316,WP_012516904.1
317,WP_012516906.1
318,WP_012516907.1
319,WP_012516908.1
320,WP_012516909.1
321,WP_012516910.1
322,WP_012516911.1
323,WP_012516912.1
324,WP_012516914.1
325,WP_012516915.1
326,WP_012516916.1
327,WP_012516917.1
328,WP_012516918.1
329,WP_012516919.1
330,WP_015066041.1
331,WP_014978046.1
332,WP_049589059.1
333,WP_014997038.1
334,WP_049589060.1
335,WP_014975370.1
336,WP_049588923.1
337,VTP50340.1
338,WP_049588921.1
339,VTP50342.1
340,WP_049588920.1
341,WP_049588919.1
342,WP_049588918.1
343,WP_049588917.1
344,WP_049588916.1
345,WP_049588915.1
346,WP_049588914.1
347,WP_160314218.1
348,WP_014947959.1
349,WP_049588912.1
350,WP_049588911.1
351,WP_049588910.1
352,WP_014997052.1
353,WP_049588909.1
354,WP_049588908.1
355,WP_015066066.1
356,WP_014947966.1
357,WP_024015575.1
358,WP_049588907.1
359,WP_049588570.1
360,WP_014947970.1
361,WP_049588569.1
362,WP_049588568.1
363,WP_014947973.1
364,VTP50367.1
365,WP_010179497.1
366,WP_014947975.1
367,WP_012516958.1
368,WP_012516959.1
369,WP_014997064.1
370,WP_012516961.1
371,WP_014947977.1
372,WP_014947978.1
373,WP_014997065.1
374,WP_014947980.1
375,WP_014975444.1
376,VTP50379.1
378,WP_049588567.1
379,WP_049588566.1
380,WP_049588565.1
381,WP_061094032.1
382,WP_039231127.1
383,WP_049588564.1
384,WP_039225122.1
385,WP_049588563.1
386,WP_049588562.1
387,WP_049588561.1
388,WP_049588560.1
389,VTP50391.1
390,WP_049588558.1
391,WP_049588557.1
392,WP_049588556.1
393,VTO38069.1
394,WP_049588555.1
395,WP_014948000.1
396,WP_049588554.1
397,WP_014975463.1
398,WP_049588553.1
399,WP_012516988.1
400,WP_014948004.1
401,WP_014975370.1
402,WP_049589086.1
403,WP_049589087.1
404,WP_039225111.1
405,WP_014948008.1
406,WP_049589092.1
407,WP_049589088.1
408,WP_049589089.1
409,WP_049589090.1
410,WP_049589091.1
411,VTP50413.1
412,WP_197047976.1
413,VTP50029.1
414,VTP50415.1
415,WP_049588785.1
416,WP_049588784.1
417,WP_049588783.1
418,WP_014948018.1
419,WP_049588782.1
420,WP_014948020.1
421,WP_049588781.1
422,WP_049588789.1
423,WP_049588780.1
424,WP_049588779.1
425,WP_049588788.1
426,WP_014948026.1
427,WP_014948027.1
428,WP_014948028.1
429,WP_049588778.1
430,WP_049588777.1
431,WP_049588776.1
432,WP_014948032.1
433,WP_049588775.1
434,WP_014948034.1
435,WP_014948035.1
436,WP_049588774.1
437,WP_049588773.1
438,WP_049588772.1
439,VTP50440.1
440,WP_049588771.1
441,WP_039225087.1
443,WP_156080633.1
445,WP_049589213.1
446,VTP50445.1
447,WP_049588336.1
448,WP_014978132.1
449,VTP50448.1
450,WP_156080634.1
451,WP_049588333.1
452,WP_049588331.1
453,WP_014948049.1
454,WP_049588329.1
455,WP_014948051.1
456,WP_049588328.1
457,WP_049588327.1
458,WP_014948054.1
459,WP_049588326.1
460,WP_014948056.1
461,WP_049588324.1
462,WP_039225068.1
463,VTP50462.1
464,WP_014975497.1
465,WP_039231048.1
466,WP_014948062.1
467,WP_049588322.1
468,WP_049588321.1
469,WP_049588319.1
470,WP_049588318.1
471,WP_049588317.1
472,WP_014948068.1
473,WP_014948069.1
474,WP_014948070.1
475,WP_014948071.1
476,WP_049588315.1
477,WP_014948073.1
478,WP_049588313.1
479,WP_014948075.1
480,WP_014948076.1
481,WP_039219288.1
482,WP_039219290.1
483,WP_049588312.1
484,WP_049588311.1
485,WP_014975511.1
486,HAA97890.1
487,WP_049588309.1
488,WP_014975513.1
489,WP_049588307.1
490,WP_014948086.1
491,WP_014948087.1
492,WP_014948088.1
493,WP_014948089.1
494,WP_039225048.1
495,WP_049588304.1
496,WP_039225046.1
497,WP_014975370.1
498,WP_049588338.1
499,WP_014975523.1
500,WP_012517074.1
501,WP_014948094.1
502,WP_049588340.1
503,WP_049588341.1
504,WP_049588342.1
505,WP_014948098.1
506,WP_049588345.1
507,WP_014948100.1
508,WP_014948101.1
509,WP_049588348.1
510,WP_049588350.1
511,WP_049588351.1
512,WP_014948105.1
513,WP_014948106.1
514,WP_049588353.1
515,WP_014948108.1
516,WP_014948109.1
517,WP_049588355.1
518,WP_049588357.1
519,VTP50518.1
520,WP_049588389.1
521,WP_049588360.1
522,WP_049588361.1
523,VTP50522.1
524,WP_049588365.1
525,WP_049588367.1
526,VTP50525.1
527,WP_049588368.1
528,WP_049588369.1
529,WP_014948122.1
530,WP_039225021.1
531,WP_049588371.1
532,WP_014975544.1
533,WP_049588373.1
534,WP_049588374.1
535,WP_014975548.1
536,WP_049588376.1
537,WP_014975550.1
538,WP_014948132.1
539,WP_049588377.1
540,VTP50539.1
541,WP_049588378.1
542,WP_049588380.1
543,WP_049588382.1
544,WP_049588383.1
545,WP_049588385.1
546,WP_049588387.1
547,WP_049589210.1
548,WP_156080635.1
549,WP_156080636.1
550,WP_049589235.1
551,WP_156080637.1
552,WP_012517138.1
553,WP_049588518.1
554,WP_024015658.1
555,WP_049588521.1
556,WP_049588522.1
557,WP_049588523.1
558,WP_049588525.1
559,VTP50558.1
560,WP_012517169.1
561,WP_012517170.1
562,WP_014975563.1
563,WP_049588527.1
564,VTP50563.1
565,WP_049588530.1
566,WP_049588532.1
567,WP_049588534.1
568,WP_049588536.1
569,WP_049588537.1
570,WP_049588538.1
571,WP_049588539.1
572,WP_049588540.1
573,WP_049588541.1
574,WP_152910894.1
575,WP_152910895.1
576,WP_049588545.1
577,WP_049588546.1
578,WP_049588547.1
579,WP_049588548.1
580,WP_049588549.1
581,WP_049588550.1
582,WP_014975585.1
583,WP_014975584.1
584,WP_014975583.1
585,WP_014975582.1
586,WP_014975581.1
587,WP_049588551.1
588,WP_014975579.1
589,WP_014975578.1
590,WP_014975577.1
591,WP_020745882.1
592,WP_020745884.1
594,VTP50593.1
595,WP_049589234.1
596,WP_049587353.1
597,WP_049587352.1
598,WP_049587351.1
599,WP_049587350.1
600,WP_049587349.1
601,WP_014948153.1
602,WP_014978232.1
603,WP_039224426.1
604,VTO38239.1
605,WP_014948157.1
606,WP_041693362.1
607,WP_014948159.1
608,WP_014948160.1
609,WP_014975597.1
610,WP_197047987.1
611,WP_049587346.1
612,WP_014948164.1
613,WP_039224435.1
614,WP_014948166.1
615,WP_049587344.1
616,WP_049587342.1
617,WP_049587341.1
618,WP_049587340.1
619,WP_049587339.1
620,WP_049587338.1
621,WP_049587337.1
622,WP_049587336.1
623,HBN98359.1
624,WP_049587335.1
625,WP_049587333.1
626,WP_039224444.1
627,WP_049587332.1
628,VTO38261.1
629,WP_014948181.1
630,WP_049587330.1
631,WP_014948183.1
632,WP_039224447.1
633,WP_080986413.1
634,WP_049587362.1
635,WP_039224449.1
636,WP_014948188.1
637,WP_039224451.1
638,WP_049587328.1
639,WP_049587326.1
640,WP_049587324.1
641,WP_014978266.1
642,WP_049587322.1
643,WP_049587321.1
644,VTP50643.1
645,WP_049587320.1
646,WP_049587319.1
647,WP_049587317.1
648,WP_049587316.1
649,WP_014997260.1
650,WP_049587315.1
651,WP_049587314.1
652,VTP50651.1
653,WP_049587312.1
654,WP_049587311.1
655,WP_014975634.1
656,WP_049587357.1
657,WP_049587310.1
658,WP_049587307.1
659,WP_014975645.1
660,WP_014978283.1
661,WP_049587305.1
662,WP_014975647.1
663,VTP50662.1
664,WP_197047976.1
665,VTP50663.1
666,WP_049589110.1
667,WP_049589109.1
668,WP_049589108.1
669,WP_080986480.1
670,WP_049589107.1
671,WP_049589105.1
672,WP_014948226.1
673,WP_014948227.1
674,WP_049589104.1
675,WP_049589111.1
676,WP_014948232.1
677,WP_049589221.1
678,WP_014978293.1
679,WP_049586997.1
680,WP_014975661.1
681,WP_049586998.1
682,WP_049586999.1
683,WP_049587001.1
684,VTP50682.1
685,WP_061439519.1
686,WP_014978299.1
687,WP_049587002.1
688,WP_049587003.1
689,VTP50687.1
690,WP_049587005.1
691,WP_049587006.1
692,WP_049587007.1
693,WP_049587009.1
694,WP_049587011.1
695,WP_049587012.1
696,VTP50694.1
697,WP_049587014.1
698,WP_049587016.1
699,WP_049587017.1
700,WP_049587018.1
701,WP_014997299.1
702,WP_049587019.1
703,WP_049587021.1
704,WP_049587022.1
705,WP_014975676.1
706,WP_049587025.1
707,WP_049587026.1
708,WP_049587027.1
709,WP_049587028.1
710,WP_039224509.1
711,WP_049587029.1
712,WP_049587031.1
713,WP_014948265.1
714,WP_049587032.1
715,WP_012517256.1
716,WP_012517258.1
717,WP_039224515.1
718,WP_049587035.1
719,WP_014948270.1
720,WP_049587066.1
721,WP_049587047.1
722,WP_049587049.1
723,WP_014948274.1
724,WP_049587050.1
725,WP_049587051.1
726,WP_049587052.1
727,WP_049587056.1
728,WP_014948279.1
729,WP_049587059.1
730,WP_014948281.1
731,WP_014948282.1
732,VTP50731.1
733,VTP50732.1
734,WP_049587060.1
735,WP_012517276.1
736,WP_014948287.1
737,WP_014948288.1
738,WP_012517279.1
739,WP_014948289.1
740,WP_014948290.1
741,WP_049587061.1
742,WP_039224527.1
743,VTP50742.1
744,WP_049587062.1
745,VTP50744.1
746,WP_049587063.1
747,WP_049587064.1
748,WP_156080633.1
750,WP_049586119.1
751,WP_049586120.1
752,WP_049586121.1
753,WP_049586122.1
754,WP_049586123.1
755,WP_014948302.1
756,WP_049586124.1
757,VTP50755.1
758,WP_014948305.1
759,WP_049586127.1
760,WP_014948307.1
761,WP_014948308.1
762,WP_049586129.1
763,WP_014948310.1
764,WP_014975696.1
765,WP_014948312.1
766,WP_014975697.1
767,WP_014948313.1
768,WP_080986380.1
769,WP_049586131.1
770,WP_049586132.1
771,WP_049586133.1
772,WP_049586135.1
773,WP_049586137.1
774,WP_049586138.1
775,WP_049586139.1
776,WP_080986381.1
777,WP_014975709.1
778,WP_014975710.1
779,WP_049586143.1
780,WP_014975712.1
781,WP_049586144.1
782,WP_049586221.1
783,WP_080986382.1
784,WP_049586145.1
785,WP_049586146.1
786,WP_039235893.1
787,WP_049586151.1
788,WP_015066270.1
789,WP_049586153.1
790,WP_049586154.1
791,WP_049586155.1
792,WP_014948329.1
793,WP_014948330.1
794,WP_049586157.1
795,WP_049586160.1
796,WP_015066276.1
797,WP_012517332.1
798,WP_014948334.1
799,WP_049586162.1
800,WP_039224560.1
801,WP_049586163.1
802,WP_014948338.1
803,WP_014948339.1
804,WP_014948340.1
805,WP_014975727.1
806,WP_012517338.1
807,WP_049586165.1
808,WP_014948343.1
809,WP_049586166.1
810,WP_014948345.1
811,WP_049586167.1
812,WP_049586168.1
813,WP_014948348.1
814,WP_049586169.1
815,WP_014948350.1
816,WP_014948351.1
817,WP_049586171.1
818,WP_049586172.1
819,WP_012517351.1
820,WP_014948355.1
821,WP_014948356.1
822,OES33149.1
823,WP_014948358.1
824,WP_049586173.1
825,WP_014948360.1
826,WP_014975732.1
827,WP_049586175.1
828,WP_049586176.1
829,WP_049586178.1
830,VTP50829.1
831,WP_197047966.1
832,VTP50831.1
833,WP_049586183.1
834,WP_197047967.1
835,WP_049586185.1
836,WP_014948380.1
837,WP_014948381.1
838,WP_049586187.1
839,WP_049586189.1
840,WP_049586190.1
841,WP_049586192.1
842,WP_049586194.1
843,VTO38512.1
844,WP_049586225.1
845,WP_049586195.1
846,WP_049586197.1
847,VTP50846.1
848,WP_049586201.1
849,WP_049586202.1
850,WP_014948398.1
851,WP_014975755.1
852,WP_049586203.1
853,WP_049586204.1
854,WP_049586205.1
855,WP_014948403.1
856,WP_039224609.1
857,WP_014975760.1
858,WP_014948406.1
859,WP_049586206.1
860,WP_049586208.1
861,WP_014975764.1
862,WP_049586212.1
863,WP_080986383.1
864,VTP50864.1
865,WP_049586214.1
866,WP_049586215.1
867,WP_049586216.1
868,WP_014975770.1
869,WP_049589221.1
870,WP_049589027.1
871,WP_049589028.1
872,WP_049589029.1
873,WP_049589030.1
874,VTP50874.1
875,WP_049589031.1
876,WP_049589032.1
877,WP_014948432.1
878,WP_049589033.1
879,HBN98087.1
880,WP_049589034.1
881,WP_049589035.1
882,WP_049589036.1
883,AMJ97422.1
884,WP_049589038.1
885,WP_049589228.1
886,WP_049585926.1
887,WP_049585927.1
888,WP_049585928.1
889,WP_014951404.1
890,WP_049585929.1
891,WP_049585930.1
892,WP_049585931.1
893,WP_049585932.1
894,WP_081099426.1
895,WP_049585934.1
896,WP_053103809.1
897,WP_049585935.1
898,WP_049585936.1
899,VTP50899.1
900,WP_049585937.1
901,WP_049585938.1
902,WP_014975805.1
903,VTP50903.1
904,WP_014948463.1
905,WP_014975806.1
906,WP_014948465.1
907,WP_049585940.1
908,WP_049585941.1
909,WP_049585942.1
910,WP_014975809.1
911,WP_014948470.1
912,WP_039224958.1
913,WP_080986373.1
914,VTP50914.1
915,WP_049585943.1
916,WP_014948475.1
917,WP_014948476.1
918,WP_049585944.1
919,WP_014948480.1
920,WP_049585945.1
921,WP_049585946.1
922,WP_049585947.1
923,WP_049585948.1
924,WP_049585949.1
925,WP_049585950.1
926,WP_049585951.1
927,WP_049585952.1
928,WP_049585953.1
929,VTP50929.1
930,WP_049585955.1
931,WP_049585956.1
932,WP_014978519.1
933,WP_049585957.1
934,WP_014948509.1
935,VTP50935.1
936,WP_049585958.1
937,WP_049585959.1
938,WP_049585960.1
939,WP_014975830.1
940,WP_049585961.1
941,WP_049585962.1
942,WP_049585963.1
943,WP_049585964.1
944,WP_049585965.1
945,WP_049585966.1
946,WP_014978530.1
947,WP_014975839.1
948,WP_049585967.1
949,WP_039230569.1
950,WP_014978534.1
951,WP_014948527.1
952,WP_014948528.1
953,WP_014948529.1
954,WP_049585968.1
955,WP_049585969.1
956,WP_014975843.1
957,WP_049585970.1
958,WP_014948534.1
959,WP_049585971.1
960,WP_014948536.1
961,WP_049585972.1
962,WP_049585973.1
963,WP_049585974.1
964,WP_049585975.1
965,WP_049585976.1
966,WP_014997556.1
967,VTP50968.1
968,WP_049585977.1
969,WP_197047969.1
970,WP_049585979.1
971,WP_049585980.1
972,VTP50973.1
973,VTP50974.1
974,WP_039223258.1
975,WP_014948549.1
976,WP_049585981.1
977,WP_049585982.1
978,WP_014948552.1
979,WP_049585983.1
980,WP_014948554.1
981,WP_014948555.1
982,WP_080986374.1
983,WP_014948557.1
984,WP_049585984.1
985,WP_049585985.1
986,WP_049585986.1
987,WP_014948561.1
988,WP_014948562.1
989,WP_015066413.1
990,WP_049585987.1
991,WP_080986375.1
992,WP_075176114.1
993,WP_049585989.1
994,WP_049585990.1
995,VTP53252.1
996,WP_080986376.1
997,AMN10982.1
998,WP_049585992.1
999,WP_049585994.1
1000,WP_049585995.1
1001,WP_014948576.1
1002,VTP51005.1
1003,WP_049585997.1
1004,VTO38710.1
1005,WP_049585998.1
1006,WP_049585999.1
1007,VTP51010.1
1008,WP_049586000.1
1009,WP_014978562.1
1010,WP_014948594.1
1011,WP_012517627.1
1012,WP_012517628.1
1013,WP_014948596.1
1014,VTP51017.1
1015,VTP51018.1
1016,WP_049589210.1
1017,WP_049589141.1
1018,WP_049589139.1
1019,WP_014948600.1
1020,WP_049589137.1
1021,WP_049589135.1
1022,WP_049589133.1
1023,WP_049589131.1
1024,WP_156080639.1
1025,WP_156080640.1
1026,WP_049588080.1
1027,WP_049588078.1
1028,VTP51031.1
1029,WP_049588075.1
1030,WP_049588073.1
1031,WP_049588072.1
1032,WP_049588071.1
1033,WP_049588070.1
1034,WP_049588068.1
1035,WP_049588066.1
1036,VTP51039.1
1037,VTP51040.1
1038,WP_049588064.1
1040,VTP51042.1
1041,VTP51043.1
1042,VTP51044.1
1043,WP_049588061.1
1044,WP_049588060.1
1045,WP_080986433.1
1046,WP_049588058.1
1047,WP_049588056.1
1048,WP_152910891.1
1049,WP_049588054.1
1050,WP_049588053.1
1051,VTP51053.1
1052,WP_049588050.1
1053,WP_049588049.1
1054,WP_049588048.1
1055,WP_049588047.1
1056,WP_014997639.1
1057,WP_049588046.1
1058,WP_014975903.1
1059,WP_049588044.1
1060,WP_049588042.1
1061,WP_014948635.1
1062,WP_049588041.1
1063,WP_014948637.1
1064,WP_014948638.1
1065,WP_014948639.1
1066,WP_014975907.1
1067,WP_014948641.1
1068,WP_012517675.1
1069,WP_014978604.1
1070,WP_049588038.1
1071,VTP51073.1
1072,WP_039224872.1
1073,WP_014948647.1
1074,WP_014948648.1
1075,WP_014948649.1
1076,WP_012517682.1
1077,WP_014948650.1
1078,WP_049588036.1
1079,WP_049588035.1
1080,WP_049588033.1
1081,WP_049588032.1
1082,WP_014948654.1
1083,WP_049588030.1
1084,WP_039224879.1
1085,WP_049588028.1
1086,WP_049588027.1
1087,WP_049588026.1
1088,WP_014948660.1
1089,WP_049589221.1
1090,WP_039223026.1
1091,WP_039223024.1
1092,WP_049587659.1
1093,WP_014948664.1
1094,WP_049587661.1
1095,WP_014948666.1
1096,VTP51098.1
1097,WP_049587665.1
1098,WP_049587666.1
1099,VTP53424.1
1100,WP_014948671.1
1101,WP_012517705.1
1102,WP_197047970.1
1103,WP_049587668.1
1104,WP_049587671.1
1105,WP_014948675.1
1106,WP_039233285.1
1107,WP_014978627.1
1108,VTP51110.1
1109,AUI81756.1
1110,WP_014975926.1
1111,WP_049587674.1
1112,WP_014948682.1
1113,WP_014948683.1
1114,WP_014948684.1
1115,WP_014948685.1
1116,WP_014948686.1
1117,WP_049587676.1
1118,WP_014975930.1
1119,WP_014948689.1
1120,WP_049587678.1
1121,WP_014948691.1
1122,WP_049587680.1
1123,WP_039226416.1
1124,WP_152910887.1
1125,WP_049587684.1
1126,WP_049587685.1
1127,WP_014948697.1
1128,WP_049587687.1
1129,WP_049587689.1
1130,WP_014975937.1
1131,WP_014948702.1
1132,WP_049587691.1
1133,WP_012517736.1
1134,WP_012517737.1
1135,WP_014948704.1
1136,WP_014975939.1
1137,WP_049587693.1
1138,WP_012517742.1
1139,WP_049587695.1
1140,WP_014975943.1
1141,WP_049587696.1
1142,WP_049587697.1
1143,WP_049587698.1
1144,WP_049587699.1
1145,WP_049587709.1
1146,WP_049587701.1
1147,WP_049587703.1
1148,WP_014997713.1
1149,VTP51151.1
1150,WP_049589221.1
1151,WP_202941843.1
1152,WP_049585763.1
1153,WP_049585766.1
1154,WP_014948722.1
1155,WP_049585771.1
1156,WP_049585773.1
1157,WP_014948725.1
1158,WP_014948726.1
1159,WP_014948727.1
1160,WP_049585779.1
1161,WP_049585781.1
1162,WP_014948730.1
1163,WP_014948731.1
1164,WP_049585783.1
1165,WP_049585784.1
1166,WP_049585786.1
1167,WP_049585787.1
1168,WP_049585789.1
1169,VTP51171.1
1170,WP_049585790.1
1171,WP_049585792.1
1172,WP_049585794.1
1173,WP_049585915.1
1174,WP_049585796.1
1175,WP_049585798.1
1176,WP_039226505.1
1177,WP_080986366.1
1178,WP_049585802.1
1179,WP_049585804.1
1180,WP_014948746.1
1182,WP_049585808.1
1183,WP_049585810.1
1184,WP_049585812.1
1185,WP_014948751.1
1186,WP_049585814.1
1187,WP_080986367.1
1188,WP_014948754.1
1189,WP_049585818.1
1190,WP_014948756.1
1191,OES33552.1
1192,WP_049585820.1
1193,WP_049585917.1
1194,WP_039222880.1
1195,WP_049585822.1
1196,WP_014978686.1
1197,WP_014948762.1
1198,WP_014975982.1
1199,WP_014948764.1
1200,WP_014948765.1
1201,WP_039226539.1
1202,WP_014948766.1
1203,WP_049585828.1
1204,VTP51207.1
1205,WP_014948769.1
1206,WP_014948770.1
1207,WP_014948771.1
1208,WP_014975986.1
1209,WP_049585830.1
1210,WP_080760014.1
1211,WP_049585831.1
1212,WP_014948776.1
1213,WP_014948778.1
1214,WP_049585832.1
1215,WP_049585833.1
1216,WP_049585834.1
1217,WP_049585835.1
1218,WP_049585836.1
1219,WP_014975992.1
1220,WP_014975993.1
1221,WP_049585837.1
1222,WP_014948785.1
1223,WP_014948786.1
1224,WP_014975995.1
1225,WP_014948788.1
1226,WP_014975996.1
1227,HAD88791.1
1228,WP_049585838.1
1229,WP_152910864.1
1230,WP_014948793.1
1231,WP_049585839.1
1232,WP_014948795.1
1233,WP_049585840.1
1234,WP_049585841.1
1235,WP_049585842.1
1236,WP_049585843.1
1237,WP_049585844.1
1238,WP_014948800.1
1239,WP_039233340.1
1240,WP_049585845.1
1241,WP_049585846.1
1242,WP_049585847.1
1243,WP_049585848.1
1244,WP_049585849.1
1245,WP_049585850.1
1246,WP_014948808.1
1247,WP_049585851.1
1248,VTP51252.1
1249,WP_196494328.1
1250,WP_053103807.1
1251,WP_049585854.1
1252,WP_014948815.1
1253,WP_014978722.1
1254,WP_014948817.1
1255,WP_014948818.1
1256,WP_014948819.1
1257,WP_049585855.1
1258,WP_049585856.1
1259,WP_014978725.1
1260,WP_049585857.1
1261,WP_049585858.1
1262,WP_049585859.1
1263,WP_049585860.1
1264,WP_014948828.1
1265,WP_049585861.1
1266,WP_049585862.1
1267,WP_049585863.1
1268,WP_014948832.1
1269,WP_049585864.1
1270,WP_080986369.1
1271,CAB9493253.1
1272,WP_014948836.1
1273,VTP53810.1
1274,WP_014948838.1
1275,WP_014976023.1
1276,WP_197047971.1
1277,WP_014948846.1
1278,WP_049585866.1
1279,WP_014948848.1
1280,WP_049585867.1
1281,WP_014948851.1
1282,WP_049585868.1
1283,VTP53840.1
1284,WP_049585869.1
1285,WP_014948856.1
1286,WP_049585870.1
1287,WP_014976033.1
1288,WP_049585871.1
1289,WP_049585872.1
1290,WP_049585873.1
1291,WP_039216777.1
1292,WP_014948863.1
1293,WP_014976035.1
1294,WP_049585874.1
1295,WP_014948866.1
1296,WP_014948867.1
1297,WP_049585921.1
1298,WP_014948869.1
1299,WP_014948870.1
1300,WP_080986370.1
1301,WP_049585876.1
1302,WP_039233464.1
1303,WP_049585877.1
1304,WP_049585878.1
1305,VTP51364.1
1306,WP_049585880.1
1307,WP_049585881.1
1308,WP_014948878.1
1309,WP_049585883.1
1310,WP_049585884.1
1311,WP_049585885.1
1312,WP_049585886.1
1313,WP_049585887.1
1314,WP_049585888.1
1315,WP_049585889.1
1316,VTO39033.1
1317,WP_014976048.1
1318,WP_049585922.1
1319,WP_049585890.1
1320,WP_049585891.1
1321,VTP51396.1
1322,WP_049585892.1
1323,WP_049585893.1
1324,VTP53932.1
1325,VTP51404.1
1326,HAM19511.1
1327,WP_049585896.1
1328,WP_049585897.1
1329,WP_049585898.1
1330,WP_049585899.1
1331,WP_049585900.1
1332,WP_049585924.1
1333,WP_049585901.1
1334,WP_197047972.1
1335,WP_049585902.1
1336,WP_049585903.1
1337,WP_049585904.1
1338,WP_049585905.1
1339,WP_014978798.1
1340,WP_014948910.1
1341,WP_049585906.1
1342,WP_049585907.1
1343,WP_014978802.1
1344,WP_049585908.1
1345,WP_049585909.1
1346,WP_014948916.1
1347,WP_049585910.1
1348,WP_014948918.1
1349,WP_014948919.1
1350,WP_049585911.1
1351,WP_049585912.1
1352,WP_014948922.1
1353,WP_049585913.1
1354,WP_049589208.1
1355,WP_049586858.1
1356,WP_049586856.1
1357,WP_049586854.1
1358,WP_049586853.1
1359,WP_049586852.1
1360,WP_080589178.1
1361,WP_049586851.1
1362,WP_039225748.1
1363,WP_049586849.1
1364,WP_049586847.1
1365,WP_012517852.1
1366,WP_049586845.1
1367,WP_049586843.1
1368,WP_014948936.1
1369,WP_014948937.1
1370,WP_049586841.1
1371,WP_049586839.1
1372,WP_049586837.1
1373,WP_049586836.1
1374,WP_049586834.1
1375,WP_049586832.1
1376,AMN11334.1
1377,WP_049586828.1
1378,WP_049586825.1
1379,WP_014948946.1
1380,WP_207198550.1
1381,WP_014948948.1
1382,WP_014948949.1
1383,WP_039225720.1
1384,WP_049586820.1
1385,WP_049586818.1
1386,VTP51526.1
1387,WP_049586817.1
1388,WP_049586815.1
1389,WP_012517879.1
1390,WP_049586813.1
1391,WP_014976104.1
1392,WP_014948959.1
1393,VTP51540.1
1394,WP_049586860.1
1395,WP_049586810.1
1396,WP_049586808.1
1397,WP_049586806.1
1398,WP_049586804.1
1399,WP_049586801.1
1400,WP_049586800.1
1401,WP_049586798.1
1402,WP_049586796.1
1403,WP_049586795.1
1404,WP_014948972.1
1405,WP_014948973.1
1406,WP_014948974.1
1407,WP_156080641.1
1408,WP_049586793.1
1409,WP_049586792.1
1410,WP_049586790.1
1411,WP_049586859.1
1412,WP_014976121.1
1413,VTO39131.1
1414,WP_049586789.1
1415,WP_014948981.1
1416,WP_049586788.1
1417,WP_014948985.1
1418,WP_014948986.1
1419,WP_049586787.1
1420,WP_049586785.1
1421,WP_049586784.1
1422,WP_049586783.1
1423,WP_049586782.1
1424,WP_014948991.1
1425,WP_049586781.1
1426,WP_039216249.1
1427,WP_049586779.1
1428,WP_049586778.1
1429,WP_014948996.1
1430,WP_049586777.1
1431,WP_014976138.1
1432,WP_049586775.1
1433,WP_156080642.1
1434,VTO39152.1
1435,WP_014949001.1
1436,OES33932.1
1437,WP_039225628.1
1438,WP_014976142.1
1439,WP_080986466.1
1440,WP_049588852.1
1441,WP_014949007.1
1442,WP_049588853.1
1443,WP_014949009.1
1444,WP_014976149.1
1445,WP_014976150.1
1446,WP_049588854.1
1447,WP_049588855.1
1448,WP_014949014.1
1449,WP_049588856.1
1450,WP_049588857.1
1451,WP_014949017.1
1452,WP_014949018.1
1453,WP_049588858.1
1454,WP_049588859.1
1455,WP_014949021.1
1456,WP_014949022.1
1457,WP_014949023.1
1458,WP_014949024.1
1459,WP_014976158.1
1460,WP_049588860.1
1461,WP_049588861.1
1462,WP_049588862.1
1463,AMJ97486.1
1464,WP_156080643.1
1465,VTP51684.1
1466,WP_049588984.1
1467,WP_014949030.1
1468,WP_049588983.1
1469,WP_049588982.1
1470,WP_049588981.1
1471,WP_049588980.1
1472,WP_049588979.1
1473,WP_049588978.1
1474,WP_049588977.1
1475,WP_049588976.1
1476,WP_049588975.1
1477,WP_014949040.1
1478,WP_049588974.1
1479,WP_080986474.1
1480,WP_049588973.1
1481,WP_049588972.1
1482,WP_049588971.1
1483,WP_014949045.1
1484,WP_049588970.1
1485,WP_014949047.1
1486,WP_039221977.1
1487,WP_039221975.1
1488,VTP51732.1
1489,AMN11429.1
1490,WP_014978916.1
1491,WP_049588791.1
1492,WP_014976177.1
1493,WP_069944069.1
1494,WP_049588792.1
1495,WP_049588793.1
1496,WP_080986465.1
1497,WP_049588794.1
1498,WP_049588795.1
1499,WP_049588796.1
1500,WP_049588797.1
1501,VTP51758.1
1502,WP_049588798.1
1503,WP_014949064.1
1504,WP_049588799.1
1505,WP_049588800.1
1506,WP_049588801.1
1507,WP_014976192.1
1508,WP_049588802.1
1509,WP_049588803.1
1510,WP_049588804.1
1511,WP_049588805.1
1512,WP_014949073.1
1513,WP_049588806.1
1514,WP_014949075.1
1515,WP_049588808.1
1516,WP_049588809.1
1517,WP_049589221.1
1518,WP_049588833.1
1519,VTP51795.1
1520,WP_049588835.1
1521,WP_049588836.1
1522,WP_049588837.1
1523,WP_049588838.1
1524,WP_049588839.1
1525,WP_014976207.1
1526,WP_049588841.1
1527,WP_049588842.1
1528,WP_014949089.1
1529,WP_049588843.1
1530,WP_049588844.1
1531,WP_039230097.1
1532,WP_014949093.1
1533,WP_014976215.1
1534,WP_049588845.1
1535,WP_049588846.1
1536,WP_049588847.1
1537,WP_049588848.1
1538,WP_049588849.1
1539,AMN11510.1
1540,WP_012518091.1
1541,WP_012518092.1
1542,KHT61264.1
1543,WP_049588850.1
1544,WP_049589210.1
1545,WP_049586449.1
1546,VTP51851.1
1547,WP_049586452.1
1548,VTP51855.1
1549,WP_049586454.1
1550,WP_039230069.1
1551,WP_049586456.1
1552,WP_014976229.1
1553,WP_049586458.1
1554,HAO18916.1
1555,WP_049586459.1
1556,WP_049586461.1
1557,WP_049586463.1
1558,VTP51875.1
1559,WP_049586464.1
1560,WP_080986388.1
1561,WP_049586466.1
1562,WP_049586467.1
1563,WP_049586469.1
1564,WP_049586470.1
1565,WP_152910870.1
1566,WP_049586472.1
1567,WP_049586474.1
1568,WP_049586475.1
1569,WP_049586477.1
1571,WP_012518127.1
1572,WP_049586479.1
1573,WP_014949129.1
1574,WP_049586481.1
1575,WP_049586483.1
1576,WP_049586485.1
1577,WP_049586487.1
1578,VTP51914.1
1579,WP_049586488.1
1580,WP_049586489.1
1581,WP_049586490.1
1582,WP_049586491.1
1583,WP_049586492.1
1584,WP_014949139.1
1585,VTP51928.1
1586,WP_049586496.1
1587,WP_014949143.1
1588,WP_049586497.1
1589,HBN97775.1
1590,WP_049586498.1
1591,WP_049586501.1
1592,WP_049586503.1
1593,WP_014976262.1
1594,WP_039227081.1
1595,WP_049586506.1
1596,WP_049586509.1
1597,WP_014976266.1
1598,WP_014976267.1
1599,WP_049586511.1
1600,AMN11563.1
1602,WP_049586517.1
1603,WP_049586519.1
1604,WP_049586521.1
1605,WP_049586522.1
1606,WP_014949161.1
1607,WP_049586525.1
1608,WP_049586558.1
1609,WP_080986392.1
1610,WP_049586559.1
1611,WP_049586528.1
1612,WP_049586530.1
1613,WP_049586532.1
1614,WP_049586533.1
1615,WP_014949170.1
1616,WP_049586536.1
1617,WP_049586538.1
1619,WP_049586542.1
1620,WP_049586544.1
1621,WP_049586546.1
1622,WP_014949177.1
1623,WP_049586548.1
1624,WP_014949179.1
1625,WP_049586550.1
1626,WP_014979088.1
1627,WP_014976297.1
1628,WP_049586552.1
1629,WP_049589188.1
1630,WP_049589189.1
1631,WP_014976301.1
1632,WP_156080644.1
1633,VTP52024.1
1634,WP_049589117.1
1635,WP_049589116.1
1636,WP_049589115.1
1637,WP_049589114.1
1638,WP_014976306.1
1639,WP_156080665.1
1640,WP_049589093.1
1641,WP_049589094.1
1642,WP_049589095.1
1643,WP_049589097.1
1644,WP_049589098.1
1645,WP_049589099.1
1646,WP_049589100.1
1647,WP_014979105.1
1648,KHT48457.1
1649,WP_039229671.1
1650,WP_080986479.1
1651,WP_049589101.1
1652,WP_049589221.1
1653,WP_049588739.1
1654,WP_049588740.1
1655,WP_080986464.1
1656,VTP54635.1
1657,WP_049588741.1
1658,WP_049588742.1
1659,VTP52078.1
1660,WP_012518206.1
1661,WP_049588744.1
1662,WP_014949212.1
1663,WP_049588745.1
1664,WP_014976326.1
1665,WP_012518211.1
1666,WP_049588746.1
1667,WP_014949216.1
1668,WP_049588747.1
1669,WP_049588748.1
1670,WP_049588749.1
1671,WP_049588750.1
1672,WP_039229648.1
1673,WP_014949222.1
1674,WP_049588751.1
1675,WP_049588752.1
1676,WP_049588753.1
1677,WP_014949226.1
1678,WP_014949227.1
1679,WP_014949228.1
1680,WP_014949229.1
1681,WP_049588754.1
1682,WP_049588755.1
1683,WP_014949232.1
1684,WP_014949234.1
1685,WP_014949235.1
1686,WP_156080665.1
1687,VTP52134.1
1688,WP_014949240.1
1689,WP_014949246.1
1690,WP_049586644.1
1691,AMJ98256.1
1692,WP_049586645.1
1693,WP_049586646.1
1694,WP_049586648.1
1695,WP_049586650.1
1696,WP_049586651.1
1697,WP_014949254.1
1698,WP_014949255.1
1699,WP_049586652.1
1700,WP_049586653.1
1701,WP_049586655.1
1702,WP_012518257.1
1703,WP_014949260.1
1704,WP_039229603.1
1705,WP_014949262.1
1706,WP_049586657.1
1707,WP_049586659.1
1708,WP_049586661.1
1709,VTP52180.1
1710,WP_014949268.1
1711,WP_014976359.1
1712,WP_049586663.1
1713,WP_049586664.1
1714,WP_049586665.1
1715,WP_049586666.1
1716,WP_049586667.1
1717,WP_014949275.1
1718,WP_049586669.1
1719,WP_080986397.1
1720,WP_049586718.1
1721,WP_049586673.1
1722,WP_049586674.1
1723,WP_049586677.1
1724,WP_049586678.1
1725,WP_049586680.1
1726,WP_049586682.1
1727,VTP52218.1
1728,WP_049586684.1
1729,VTP52222.1
1730,WP_014976383.1
1731,WP_014949307.1
1732,WP_196248016.1
1733,WP_049586688.1
1734,WP_012518305.1
1735,WP_049586689.1
1736,WP_049586690.1
1737,WP_049586691.1
1738,WP_049586693.1
1739,VTP52242.1
1740,WP_049586695.1
1741,WP_049586697.1
1742,VTP52250.1
1743,WP_049586699.1
1744,WP_014976393.1
1745,OES33972.1
1746,WP_014949321.1
1747,WP_014949322.1
1748,WP_049586702.1
1749,WP_049586704.1
1750,WP_039229483.1
1751,WP_014949326.1
1752,WP_044556785.1
1753,WP_049586714.1
1754,WP_049586716.1
1755,WP_014949330.1
1756,WP_014949331.1
1757,WP_014949332.1
1758,WP_014949333.1
1759,WP_156080645.1
1760,WP_049588711.1
1761,WP_014949336.1
1762,WP_014979203.1
1763,WP_014949339.1
1764,WP_014949341.1
1765,WP_049588695.1
1766,WP_080986461.1
1767,WP_014976407.1
1768,WP_049588697.1
1769,WP_049588698.1
1770,WP_014949347.1
1771,WP_014949348.1
1772,WP_049588699.1
1773,WP_049588700.1
1774,WP_049588701.1
1775,VTP52316.1
1776,WP_014949353.1
1777,WP_014976412.1
1778,WP_049588702.1
1779,WP_049588703.1
1780,WP_049588704.1
1781,WP_039229447.1
1782,WP_049588705.1
1783,WP_049588706.1
1784,WP_039229438.1
1785,WP_049588707.1
1786,WP_014949363.1
1787,WP_014949364.1
1788,WP_014949365.1
1789,WP_049588708.1
1790,WP_014949367.1
1791,WP_080986462.1
1792,WP_014976424.1
1793,WP_049588709.1
1794,WP_014949371.1
1796,OES38037.1
1797,WP_049587787.1
1798,WP_049587790.1
1799,WP_049587792.1
1800,WP_049587793.1
1801,WP_049587795.1
1802,WP_049587797.1
1803,WP_049587798.1
1804,WP_049587799.1
1805,WP_049587801.1
1806,WP_049587803.1
1807,WP_039229394.1
1808,WP_049587804.1
1809,WP_014949384.1
1810,WP_039229711.1
1811,WP_049587806.1
1812,WP_156080647.1
1813,VTP52392.1
1814,WP_049587808.1
1815,WP_049587810.1
1816,WP_049587812.1
1817,WP_049587813.1
1818,VTP52402.1
1819,VTP52404.1
1820,VTP52406.1
1821,WP_049587818.1
1822,WP_014979241.1
1823,WP_014979242.1
1824,WP_049587820.1
1825,WP_049587823.1
1826,WP_049587825.1
1827,WP_039232803.1
1828,WP_049587828.1
1829,WP_049587829.1
1830,WP_049587831.1
1831,WP_049587833.1
1832,WP_014976510.1
1833,WP_049587835.1
1834,VTP52436.1
1835,WP_014979255.1
1836,WP_014949416.1
1837,WP_049587838.1
1838,WP_049587841.1
1839,OZB95628.1
1840,WP_014949420.1
1841,WP_049587843.1
1842,WP_014979262.1
1843,WP_049587846.1
1844,WP_049587848.1
1845,WP_049587850.1
1846,WP_014949426.1
1847,WP_049587851.1
1848,WP_049587852.1
1849,WP_049587853.1
1850,WP_014949430.1
1851,WP_014976528.1
1852,WP_014949432.1
1853,WP_049587856.1
1854,WP_049587858.1
1855,WP_014976532.1
1856,WP_014949436.1
1857,WP_049587860.1
1858,WP_049587861.1
1859,WP_039220427.1
1860,WP_049587865.1
1861,WP_049587867.1
1862,WP_049589221.1
1863,WP_014949443.1
1864,WP_014949444.1
1865,WP_014949445.1
1866,WP_014949446.1
1867,WP_014949447.1
1868,WP_012518362.1
1869,WP_049588626.1
1870,WP_014949449.1
1871,WP_014949450.1
1872,WP_012518366.1
1873,WP_049588625.1
1874,WP_049588624.1
1875,WP_049588623.1
1876,WP_049588627.1
1877,WP_014949455.1
1878,WP_014949456.1
1879,VTP52526.1
1880,WP_049588621.1
1881,WP_049588620.1
1882,WP_049588619.1
1883,WP_049588618.1
1884,VTO39640.1
1885,WP_014949463.1
1886,WP_014949464.1
1887,WP_049588617.1
1888,WP_049589220.1
1889,WP_049586228.1
1890,WP_049586230.1
1891,WP_014949468.1
1892,WP_014976552.1
1893,VTP52554.1
1894,WP_039227758.1
1895,WP_049586233.1
1896,WP_049586234.1
1897,WP_039227754.1
1898,WP_080986384.1
1899,WP_039227752.1
1900,WP_049586236.1
1901,WP_049586238.1
1902,WP_039227748.1
1903,WP_014949499.1
1904,WP_049586239.1
1905,WP_049586240.1
1906,WP_049586241.1
1907,WP_049586243.1
1908,WP_014949504.1
1909,WP_049586244.1
1910,WP_014949506.1
1911,WP_014949507.1
1912,WP_049586246.1
1913,WP_049586248.1
1914,WP_049586249.1
1915,WP_049586250.1
1916,WP_049586251.1
1917,WP_012518428.1
1918,WP_049586252.1
1919,WP_049586339.1
1920,WP_049586253.1
1921,WP_049586254.1
1922,WP_049586255.1
1923,WP_014949521.1
1924,WP_014949522.1
1925,WP_014976578.1
1926,WP_014949524.1
1927,WP_049586260.1
1928,WP_049586261.1
1929,WP_049586263.1
1930,WP_014949528.1
1931,WP_049586265.1
1932,WP_049586340.1
1933,WP_049586267.1
1934,WP_049586269.1
1935,WP_049586270.1
1936,WP_049586271.1
1937,WP_049586272.1
1938,WP_049586274.1
1939,WP_014979334.1
1940,VTP52648.1
1941,WP_049586278.1
1942,WP_049586279.1
1943,WP_014949541.1
1944,WP_014949542.1
1945,WP_049586281.1
1946,WP_049586282.1
1947,WP_049586283.1
1948,WP_049586284.1
1949,WP_049586288.1
1950,WP_049586290.1
1951,WP_039227706.1
1952,WP_049586291.1
1953,WP_049586292.1
1954,WP_049586293.1
1955,WP_049586294.1
1956,WP_014949555.1
1957,WP_049586295.1
1958,WP_014949557.1
1959,WP_014949558.1
1960,WP_014949559.1
1961,OES32031.1
1962,WP_049586300.1
1963,WP_049586303.1
1964,WP_049586305.1
1965,WP_049586306.1
1966,WP_049586308.1
1967,WP_049586310.1
1968,WP_049586311.1
1969,WP_049586313.1
1970,WP_018624881.1
1971,WP_049586317.1
1972,WP_045980006.1
1973,WP_018624877.1
1974,WP_045980005.1
1975,WP_045980004.1
1976,WP_012801201.1
1977,OES32769.1
1978,WP_012801202.1
1979,WP_012801203.1
1980,WP_012801204.1
1981,WP_049586324.1
1982,WP_049586326.1
1983,WP_049586329.1
1984,WP_049586331.1
1985,WP_049586333.1
1986,VTP52742.1
1987,WP_049586335.1
1988,WP_049586337.1
1989,VTP52748.1
1990,VTP52750.1
1991,AUI81007.1
1992,WP_080986453.1
1993,WP_014949577.1
1994,WP_049588609.1
1995,WP_126873338.1
1996,WP_049588607.1
1997,VTP52764.1
1998,VTP52766.1
1999,WP_049588605.1
2000,VTP52770.1
2001,WP_049588603.1
2002,WP_197047973.1
2003,WP_049588601.1
2004,VTP52778.1
2005,WP_049588600.1
2006,WP_049588599.1
2007,WP_049588598.1
2008,WP_049588597.1
2009,WP_049588596.1
2010,WP_049588595.1
2011,WP_049588594.1
2012,WP_049588593.1
2013,WP_049588592.1
2014,WP_049588591.1
2015,WP_049588590.1
2016,WP_049588589.1
2017,WP_049588588.1
2018,WP_049588613.1
2019,WP_049588587.1
2020,WP_049588586.1
2021,WP_197047974.1
2022,VTP52814.1
2023,WP_152910897.1
2024,WP_080986452.1
2026,WP_152910896.1
2027,WP_049588583.1
2028,WP_049588582.1
2029,VTP52826.1
2030,WP_049588580.1
2031,WP_049588579.1
2032,WP_049588578.1
2033,WP_049588577.1
2034,WP_049588576.1
2035,VTP52838.1
2036,WP_049588574.1
2037,WP_049589212.1
2038,VTP52844.1
2040,WP_049588203.1
2041,WP_014949580.1
2042,WP_014976618.1
2043,WP_014949582.1
2044,WP_049588205.1
2045,WP_049588207.1
2046,WP_049588210.1
2047,WP_014949586.1
2048,WP_014949587.1
2049,WP_049588213.1
2050,WP_049588214.1
2051,WP_014979357.1
2052,WP_039220102.1
2053,WP_049588215.1
2054,WP_049588217.1
2055,WP_014949594.1
2056,WP_049588218.1
2057,WP_014949596.1
2058,WP_014949597.1
2059,WP_014949598.1
2060,WP_014979378.1
2061,WP_014976627.1
2062,WP_049588219.1
2063,WP_014949602.1
2064,WP_014949603.1
2065,WP_049588221.1
2066,WP_049588222.1
2067,WP_014949606.1
2068,WP_014976631.1
2069,WP_049588224.1
2070,WP_049588225.1
2071,WP_049588227.1
2072,WP_049588228.1
2073,WP_049588230.1
2074,VTP52916.1
2075,VTP52918.1
2076,WP_014949614.1
2077,WP_049588233.1
2078,WP_039234693.1
2079,WP_049588235.1
2080,WP_039227656.1
2081,WP_014949619.1
2082,WP_049588237.1
2083,WP_014949621.1
2084,WP_049588239.1
2085,WP_014949623.1
2086,WP_014979395.1
2087,WP_049588240.1
2088,WP_049588242.1
2089,VTP50029.1
2090,WP_197047976.1
2091,WP_014949630.1
2092,WP_014949631.1
2093,WP_049588671.1
2094,WP_049588670.1
2095,WP_049588669.1
2096,WP_014949635.1
2097,VTO39786.1
2098,WP_014949636.1
2099,WP_039234640.1
2100,WP_049588667.1
2101,VTO39790.1
2102,WP_049588666.1
2103,WP_014949641.1
2104,WP_014949642.1
2105,WP_014976668.1
2106,WP_049588672.1
2107,WP_049588665.1
2108,WP_014949646.1
2109,WP_014949647.1
2110,WP_014949648.1
2111,WP_014949649.1
2112,WP_014949650.1
2113,WP_049588664.1
2114,WP_014949652.1
2115,WP_049588663.1
2116,WP_014949654.1
2117,WP_049588662.1
2118,WP_014976677.1
2119,WP_049588661.1
2120,WP_014949658.1
2121,WP_049588660.1
2122,WP_014949660.1
2123,WP_014976680.1
2124,WP_014949662.1
2125,WP_014949663.1
2126,WP_014949664.1
2127,WP_049588882.1
2128,WP_049588881.1
2129,WP_049588880.1
2130,WP_049588879.1
2131,WP_049588878.1
2132,WP_049588877.1
2133,WP_049588876.1
2134,WP_014976688.1
2135,WP_014979424.1
2136,VTP53037.1
2137,WP_014976690.1
2138,WP_049588874.1
2139,WP_014976692.1
2140,WP_014976693.1
2141,WP_049588873.1
2142,WP_049588872.1
2143,WP_014949681.1
2144,WP_014949682.1
2145,WP_049588871.1
2146,WP_049588870.1
2147,WP_049588869.1
2148,WP_049588868.1
2149,WP_049588867.1
2150,WP_039227619.1
2151,WP_039220753.1
2152,WP_049588866.1
2153,WP_049588865.1
2154,WP_156080649.1
2155,WP_049588968.1
2156,WP_049588967.1
2157,OZB99947.1
2158,WP_049588965.1
2159,WP_049588964.1
2160,VTP53085.1
2161,OZB99946.1
2162,WP_014949701.1
2163,WP_049588961.1
2164,WP_049588969.1
2165,WP_049588960.1
2167,WP_014949705.1
2168,VTP53101.1
2169,WP_049588958.1
2170,WP_049588957.1
2171,WP_049588956.1
2172,WP_049588955.1
2173,WP_014976719.1
2174,WP_014949712.1
2175,WP_014949713.1
2176,WP_049588953.1
2177,WP_014949715.1
2178,WP_014949716.1
2179,WP_049588952.1
2180,WP_041693510.1
2181,WP_049588951.1
2182,WP_049588950.1
2183,WP_014949721.1
2184,WP_049588949.1
2186,WP_156080651.1
2188,WP_156080652.1
2189,WP_049589157.1
2190,WP_014949725.1
2191,WP_049589159.1
2192,WP_049589161.1
2193,WP_049589163.1
2194,WP_049589165.1
2195,WP_049589166.1
2196,AMJ97486.1
2198,WP_080986410.1
2199,WP_049587288.1
2200,WP_049587287.1
2201,CAB9494241.1
2202,WP_014976738.1
2203,WP_014949735.1
2204,WP_014976739.1
2205,WP_014949737.1
2206,WP_014976740.1
2207,WP_012519093.1
2208,WP_014949739.1
2209,WP_049587285.1
2210,WP_014949741.1
2211,WP_049587284.1
2212,WP_049587283.1
2213,WP_049587281.1
2214,WP_049587280.1
2215,VTP53191.1
2216,WP_014949747.1
2217,WP_049587276.1
2218,WP_049587274.1
2219,WP_080986409.1
2220,WP_014949750.1
2221,WP_049587272.1
2222,WP_049587271.1
2223,WP_012519109.1
2224,WP_049587269.1
2225,WP_049587267.1
2226,WP_049587266.1
2227,VTP53215.1
2228,WP_049587264.1
2229,WP_049587263.1
2230,WP_080986408.1
2231,WP_014949760.1
2232,WP_053103816.1
2233,WP_049587262.1
2234,WP_049587261.1
2235,WP_049587259.1
2236,WP_049587256.1
2237,WP_049587254.1
2238,WP_049587253.1
2239,WP_049587251.1
2240,WP_049587250.1
2241,WP_049587249.1
2242,WP_049587247.1
2243,WP_049587246.1
2244,WP_049587245.1
2245,WP_049587244.1
2246,WP_152910878.1
2247,WP_049587243.1
2248,WP_049587241.1
2249,WP_049587239.1
2250,WP_049587238.1
2251,WP_049587236.1
2252,WP_049587234.1
2253,WP_049587233.1
2254,WP_049587232.1
2255,WP_014949780.1
2256,WP_049587231.1
2257,WP_049587230.1
2258,WP_049587227.1
2259,WP_049587224.1
2260,WP_049587293.1
2261,WP_049587223.1
2262,WP_049587221.1
2263,WP_049587219.1
2264,VTP53289.1
2265,WP_049587218.1
2266,WP_014949791.1
2267,WP_049587216.1
2268,WP_080986407.1
2269,WP_049589221.1
2270,WP_049587649.1
2271,OZB94018.1
2272,WP_049587648.1
2273,WP_039234794.1
2274,WP_039216512.1
2275,WP_049587646.1
2276,WP_049587644.1
2277,WP_049587642.1
2278,WP_049587640.1
2279,WP_049587639.1
2280,AMJ98813.1
2281,WP_049587637.1
2282,WP_049587636.1
2283,WP_014949810.1
2284,WP_014949811.1
2285,WP_049587635.1
2286,WP_168463489.1
2287,WP_049587633.1
2288,WP_049587631.1
2289,WP_053103822.1
2290,WP_049587629.1
2291,WP_049587627.1
2292,WP_049587626.1
2293,WP_014949820.1
2294,WP_049587624.1
2295,WP_049587622.1
2296,WP_049587620.1
2297,WP_049587619.1
2298,WP_049587618.1
2299,WP_049587617.1
2300,WP_014949827.1
2301,WP_049587615.1
2302,WP_049587613.1
2303,WP_049587611.1
2304,WP_025255565.1
2305,WP_049587608.1
2306,WP_049587607.1
2307,WP_014998703.1
2308,WP_014949837.1
2309,WP_014998704.1
2310,WP_049587604.1
2311,WP_049587602.1
2312,WP_049587600.1
2313,WP_014998708.1
2314,WP_014998709.1
2315,WP_080986427.1
2316,WP_049587598.1
2317,WP_049587596.1
2318,WP_014976817.1
2319,WP_049587594.1
2320,WP_014949849.1
2321,WP_049587592.1
2322,WP_014998717.1
2323,WP_014979596.1
2324,WP_049587589.1
2325,WP_014949854.1
2326,WP_014949855.1
2327,WP_014949857.1
2328,WP_049587586.1
2329,WP_014949859.1
2330,WP_014949860.1
2331,WP_049589025.1
2332,WP_014949862.1
2333,VTO40034.1
2334,WP_049589024.1
2335,WP_049589023.1
2336,WP_049589022.1
2337,VTP53435.1
2338,WP_014949867.1
2339,WP_049589020.1
2340,WP_014976831.1
2341,VTP53443.1
2342,WP_014976833.1
2343,WP_014949872.1
2344,WP_049589019.1
2345,WP_014949874.1
2346,WP_049589018.1
2347,WP_049589017.1
2348,WP_049589016.1
2349,WP_014979614.1
2350,WP_049589015.1
2351,WP_000349485.1
2352,VTP53463.1
2353,VTP53465.1
2354,WP_049589200.1
2356,WP_049589198.1
2357,WP_049589197.1
2358,WP_000349485.1
2359,WP_049586932.1
2360,WP_049586930.1
2361,WP_049586928.1
2362,VTP53483.1
2363,WP_014949881.1
2364,WP_049586926.1
2365,VTP53489.1
2366,WP_049586918.1
2367,VTP53493.1
2368,WP_049586912.1
2369,WP_014949888.1
2370,WP_049586909.1
2371,WP_080986400.1
2372,WP_049586908.1
2373,WP_014976849.1
2374,WP_014949893.1
2375,WP_014949894.1
2376,WP_053103812.1
2377,WP_049586907.1
2378,WP_014949897.1
2379,WP_049586906.1
2380,WP_039225304.1
2381,WP_039225577.1
2382,WP_049586905.1
2383,WP_049586904.1
2384,VTP53528.1
2385,WP_049586903.1
2386,WP_049586902.1
2387,WP_049586901.1
2388,WP_049586900.1
2389,WP_049586899.1
2390,WP_049586898.1
2391,WP_049586897.1
2392,WP_049586896.1
2393,WP_049586895.1
2394,WP_049586894.1
2395,VTP53550.1
2396,WP_049586892.1
2397,VTP53554.1
2398,WP_049586890.1
2399,VTP53558.1
2400,WP_049586888.1
2401,WP_049586887.1
2402,WP_049586886.1
2403,WP_049586885.1
2404,WP_014976864.1
2405,WP_049586884.1
2406,CAB9494431.1
2407,WP_014949914.1
2408,WP_049586882.1
2409,WP_039225290.1
2410,WP_049586881.1
2411,WP_014976870.1
2412,VTP53584.1
2413,WP_039225288.1
2414,WP_049586880.1
2415,WP_049586879.1
2416,WP_049586878.1
2417,WP_049586877.1
2418,WP_049586876.1
2419,WP_049586875.1
2421,WP_014949928.1
2422,WP_049586874.1
2423,VTP53606.1
2424,WP_049586872.1
2425,VTP53610.1
2426,WP_049586871.1
2427,WP_049586870.1
2428,WP_049586869.1
2429,VTP53618.1
2430,WP_197047992.1
2431,WP_049586867.1
2432,WP_049586865.1
2433,VTP53626.1
2434,WP_049586864.1
2435,WP_049586863.1
2436,WP_014949940.1
2437,WP_156080654.1
2438,AMJ97486.1
2439,WP_014949941.1
2440,WP_014949942.1
2441,WP_049589174.1
2442,WP_049589172.1
2443,WP_014949945.1
2444,WP_014998803.1
2445,WP_156080655.1
2446,WP_049589153.1
2447,WP_049589151.1
2448,WP_039225270.1
2449,WP_049589149.1
2450,WP_049589147.1
2451,WP_014976888.1
2452,WP_156080665.1
2453,WP_014949953.1
2454,VTP53648.1
2455,VTP53649.1
2456,WP_049587777.1
2457,WP_049587775.1
2458,WP_049587774.1
2459,WP_014949957.1
2460,WP_039225263.1
2461,WP_049587772.1
2462,WP_049587770.1
2463,WP_049587769.1
2464,VTP53669.1
2465,WP_049587765.1
2466,WP_014976899.1
2467,WP_049587763.1
2468,WP_039225252.1
2469,WP_039225570.1
2470,WP_049587759.1
2471,WP_049587758.1
2472,WP_049587784.1
2473,WP_014949976.1
2474,WP_049587757.1
2475,VTP53691.1
2476,WP_049587753.1
2477,WP_039225244.1
2478,WP_049587749.1
2479,WP_049587782.1
2480,WP_049587748.1
2481,WP_014976911.1
2482,WP_014949985.1
2483,WP_049587746.1
2484,WP_014949987.1
2485,WP_049587742.1
2486,WP_014976915.1
2487,WP_014976916.1
2488,WP_014976917.1
2489,WP_049587740.1
2490,WP_049587739.1
2491,WP_014949994.1
2492,WP_049587737.1
2493,WP_014949996.1
2494,WP_049587735.1
2495,WP_049587733.1
2496,WP_049587731.1
2497,WP_049587729.1
2498,WP_049587727.1
2499,WP_053103823.1
2500,WP_014950003.1
2501,WP_014950004.1
2502,WP_014950005.1
2503,WP_014976929.1
2504,WP_014950007.1
2505,WP_014950008.1
2506,WP_049587724.1
2507,WP_049587722.1
2508,WP_049587720.1
2509,VTP53759.1
2510,WP_044556999.1
2511,WP_049587718.1
2512,WP_049587716.1
2513,WP_049587714.1
2514,WP_049587712.1
2515,WP_049587711.1
2516,WP_049589234.1
2517,WP_049589207.1
2518,WP_049589204.1
2519,VTP53779.1
2520,WP_049589192.1
2521,WP_049589193.1
2522,WP_049589194.1
2523,WP_049589195.1
2524,VTP53789.1
2526,WP_049589184.1
2527,VTP53793.1
2528,VTP53795.1
2529,WP_049589186.1
2530,WP_049589187.1
2531,VTP50593.1
2533,WP_020745884.1
2534,WP_020745882.1
2535,WP_044447356.1
2536,WP_015067241.1
2537,OES24412.1
2538,WP_049588654.1
2539,WP_049588653.1
2540,WP_049588652.1
2541,WP_014950020.1
2542,WP_014976943.1
2543,WP_049588651.1
2544,WP_039225210.1
2545,WP_049588649.1
2546,WP_014950027.1
2547,WP_049588648.1
2548,WP_049588647.1
2549,WP_049588646.1
2550,WP_049588645.1
2551,WP_049588644.1
2552,WP_049588643.1
2553,WP_049588642.1
2554,WP_049588641.1
2555,WP_049588640.1
2556,WP_049588639.1
2557,VTP53853.1
2558,WP_049588637.1
2559,VTP53857.1
2560,WP_014976958.1
2561,WP_049588635.1
2562,WP_014950044.1
2563,WP_014950045.1
2564,WP_014950046.1
2565,WP_049588634.1
2566,WP_049588633.1
2567,WP_014950049.1
2568,WP_049588632.1
2569,WP_014950051.1
2570,WP_049588631.1
2571,WP_049588630.1
2572,WP_049588657.1
2573,VTP53887.1
2574,WP_197047976.1
2575,VTP50029.1
2576,WP_197047976.1
2577,VTP50029.1
2578,WP_049586630.1
2579,WP_049586628.1
2580,WP_049586626.1
2581,WP_049586625.1
2582,WP_049586624.1
2583,WP_049586622.1
2584,WP_049586621.1
2585,WP_014976971.1
2586,VTP53909.1
2587,WP_049586619.1
2588,WP_049586618.1
2589,WP_014950071.1
2590,WP_014950072.1
2591,WP_049586615.1
2592,WP_049586614.1
2593,WP_049586613.1
2594,WP_049586611.1
2595,WP_049586609.1
2596,WP_049586608.1
2597,WP_080986395.1
2598,WP_049586606.1
2599,WP_014950081.1
2600,WP_014950082.1
2601,VTO40277.1
2602,WP_014950084.1
2603,WP_049586605.1
2604,WP_049586604.1
2605,WP_014950086.1
2606,WP_012518940.1
2607,WP_014950088.1
2608,WP_014950089.1
2609,WP_014950090.1
2610,WP_080986394.1
2611,WP_012517538.1
2612,WP_049586601.1
2613,VTP53963.1
2614,WP_014950094.1
2615,WP_014979777.1
2616,WP_049586599.1
2617,WP_039228273.1
2619,WP_014950099.1
2620,WP_049586598.1
2621,WP_014950101.1
2622,VTO40300.1
2623,WP_014950103.1
2624,WP_014950104.1
2625,WP_014950105.1
2626,WP_049586596.1
2627,WP_049586595.1
2628,WP_049586592.1
2629,WP_012518957.1
2630,WP_014976996.1
2631,WP_039228294.1
2632,WP_049586634.1
2633,WP_014950112.1
2634,WP_049586589.1
2635,WP_014950114.1
2636,WP_014950115.1
2637,WP_014950116.1
2638,WP_039228301.1
2639,WP_014977002.1
2640,WP_049586586.1
2641,WP_049586584.1
2642,WP_049586582.1
2643,WP_039228309.1
2644,WP_014950123.1
2645,WP_049586579.1
2646,WP_014950125.1
2647,WP_014950126.1
2648,WP_080590400.1
2649,WP_049586577.1
2650,WP_049586576.1
2651,WP_049586575.1
2652,WP_049586573.1
2653,WP_014950132.1
2654,WP_049586572.1
2655,WP_014950134.1
2656,WP_039216949.1
2657,WP_049586571.1
2658,WP_049586569.1
2659,WP_049586567.1
2660,WP_049586566.1
2661,WP_014979808.1
2662,VTP54060.1
2663,WP_049586563.1
2664,WP_049586561.1
2665,WP_012518978.1
2666,WP_039228334.1
2667,WP_049589221.1
2668,WP_014950146.1
2669,WP_014950147.1
2670,WP_014950148.1
2671,WP_014950149.1
2672,WP_049588924.1
2673,WP_049588925.1
2674,WP_049588926.1
2675,WP_014950153.1
2676,WP_039228347.1
2678,WP_049588927.1
2679,WP_049588928.1
2680,WP_049588929.1
2681,WP_014950158.1
2682,WP_049588930.1
2683,WP_049588931.1
2684,WP_014950161.1
2685,WP_014950162.1
2686,WP_049588932.1
2687,WP_080986470.1
2688,WP_014977028.1
2689,WP_080986471.1
2690,WP_014950167.1
2691,WP_049588934.1
2692,WP_049588935.1
2693,WP_014977032.1
2694,WP_014975370.1
2695,WP_049588021.1
2696,WP_049588020.1
2697,WP_014977033.1
2698,WP_014979828.1
2699,WP_049588019.1
2700,WP_039228366.1
2701,WP_049588018.1
2702,WP_014950176.1
2703,WP_049588017.1
2704,WP_014950178.1
2705,WP_049588016.1
2706,WP_049588014.1
2707,WP_049588012.1
2708,WP_014950182.1
2709,WP_014950183.1
2710,WP_049588010.1
2711,WP_049588008.1
2712,WP_014977044.1
2713,WP_014950187.1
2714,WP_014999069.1
2715,WP_014950189.1
2716,WP_049588006.1
2717,WP_014950191.1
2718,WP_014950192.1
2719,WP_014950193.1
2720,WP_197047977.1
2721,WP_049588002.1
2722,WP_014950196.1
2723,WP_014977050.1
2724,WP_049588000.1
2725,WP_014950199.1
2726,WP_014950200.1
2727,WP_049587998.1
2728,WP_049587997.1
2729,WP_049587996.1
2730,VTP54195.1
2731,WP_049587995.1
2732,WP_049587993.1
2733,WP_049587992.1
2734,WP_049587990.1
2735,WP_049587987.1
2736,WP_014977059.1
2737,WP_049587985.1
2738,WP_049587983.1
2739,VTP54213.1
2740,VTP54215.1
2741,WP_049587979.1
2742,WP_049587978.1
2743,WP_160314209.1
2744,WP_049587976.1
2745,WP_197047978.1
2746,WP_049587974.1
2747,WP_049587972.1
2748,WP_049587970.1
2749,WP_049587968.1
2750,WP_049587966.1
2751,VTP54237.1
2752,WP_049589210.1
2753,WP_020743977.1
2754,WP_049587210.1
2755,WP_049587209.1
2756,WP_049587207.1
2757,WP_049587206.1
2758,WP_049587204.1
2759,WP_049587203.1
2760,WP_049587201.1
2762,WP_049587198.1
2763,WP_049587197.1
2764,VTP54265.1
2765,WP_049587193.1
2766,WP_049587191.1
2767,WP_053103815.1
2768,WP_049587190.1
2769,WP_049587188.1
2770,WP_053103814.1
2771,WP_049587187.1
2772,WP_049587185.1
2773,WP_049587184.1
2774,WP_049587182.1
2775,WP_049587181.1
2776,WP_049587212.1
2777,WP_049587179.1
2778,WP_049587175.1
2779,WP_049587174.1
2780,WP_049587172.1
2781,WP_014950254.1
2782,WP_014950255.1
2783,WP_014979895.1
2784,WP_049587170.1
2785,WP_049587169.1
2786,WP_049587167.1
2787,WP_049587166.1
2788,WP_014950261.1
2789,WP_049587165.1
2790,WP_049587163.1
2791,WP_049587161.1
2792,WP_014950265.1
2793,WP_049587159.1
2794,HAA97813.1
2795,WP_049587158.1
2796,WP_049587157.1
2797,WP_014977114.1
2798,WP_049587156.1
2799,WP_014977116.1
2800,WP_014950274.1
2801,WP_049587155.1
2802,WP_049587153.1
2803,WP_168463548.1
2804,WP_049587152.1
2805,WP_049587151.1
2806,WP_049587149.1
2807,WP_014950281.1
2808,WP_049587147.1
2809,WP_049587146.1
2810,WP_014979915.1
2811,WP_049587143.1
2812,WP_049587142.1
2813,WP_049587211.1
2814,WP_049587140.1
2815,WP_014950289.1
2816,WP_014950290.1
2817,WP_049587139.1
2818,WP_049587138.1
2819,WP_049587872.1
2820,WP_049587873.1
2821,OES29629.1
2822,WP_049587874.1
2823,WP_049587876.1
2824,WP_014950296.1
2825,WP_049587878.1
2826,WP_049587880.1
2827,WP_049587882.1
2828,WP_014950300.1
2829,VTP54400.1
2830,WP_039228167.1
2831,WP_049587884.1
2832,WP_049587886.1
2833,WP_049587887.1
2834,WP_049587891.1
2835,WP_049587892.1
2836,WP_049587894.1
2837,WP_049587896.1
2838,WP_049587898.1
2839,WP_049587899.1
2840,WP_049587901.1
2841,WP_049587902.1
2842,WP_080986430.1
2843,WP_049587905.1
2844,WP_049587907.1
2845,WP_049587909.1
2846,WP_049587912.1
2847,WP_049587913.1
2848,WP_039232321.1
2849,WP_049587915.1
2850,WP_039228102.1
2851,WP_049587917.1
2852,WP_014977175.1
2853,WP_049587919.1
2854,WP_049587921.1
2855,WP_049587923.1
2856,WP_049587924.1
2857,WP_049587926.1
2858,VTP54458.1
2859,WP_049587934.1
2860,WP_049587937.1
2861,WP_049587939.1
2862,WP_049587941.1
2863,WP_014950351.1
2864,WP_049587944.1
2865,WP_049587946.1
2866,WP_049587947.1
2867,WP_049587949.1
2868,WP_049587951.1
2869,WP_049587953.1
2870,WP_049587964.1
2871,WP_014950360.1
2872,WP_049587956.1
2873,WP_049587958.1
2874,WP_014950371.1
2875,VTP52750.1
2876,AUI81007.1
2877,VTP54496.1
2878,WP_049586110.1
2879,WP_049586109.1
2880,VTP54501.1
2881,WP_049586106.1
2882,WP_049586104.1
2883,WP_049586102.1
2884,WP_039218554.1
2885,WP_039218556.1
2886,WP_014977204.1
2887,WP_049586100.1
2888,VTP54519.1
2889,WP_049586099.1
2890,WP_049586098.1
2891,WP_049586096.1
2892,WP_049586095.1
2893,WP_049586094.1
2894,WP_014950391.1
2895,WP_049586092.1
2896,WP_014950392.1
2897,WP_049586090.1
2898,WP_049586089.1
2899,WP_049586087.1
2900,WP_049586085.1
2901,WP_014950397.1
2902,WP_049586084.1
2903,WP_049586083.1
2904,WP_014950400.1
2905,VTP54553.1
2906,WP_049586079.1
2907,WP_049586077.1
2908,WP_049586076.1
2909,WP_049586074.1
2910,WP_049586072.1
2911,WP_049586071.1
2912,WP_049586069.1
2913,WP_049586068.1
2914,WP_049586066.1
2915,WP_014950422.1
2916,WP_049586065.1
2917,WP_014980042.1
2918,WP_014980043.1
2919,WP_049586063.1
2920,WP_049586061.1
2921,WP_049586058.1
2922,WP_049586056.1
2923,WP_049586055.1
2924,WP_049586054.1
2925,WP_014950432.1
2926,WP_049586053.1
2927,WP_049586052.1
2928,WP_049586051.1
2929,WP_014950436.1
2930,WP_014950437.1
2931,WP_012519465.1
2932,WP_049586050.1
2933,WP_014950439.1
2934,WP_049586049.1
2935,WP_049586048.1
2936,WP_049586047.1
2937,WP_039227932.1
2938,VTP54618.1
2939,KHT49891.1
2940,WP_014950446.1
2941,WP_014950447.1
2942,WP_014950448.1
2943,WP_049586046.1
2944,WP_014977236.1
2945,WP_014950451.1
2946,WP_049586045.1
2947,WP_049586044.1
2948,WP_049586043.1
2949,WP_014950456.1
2950,WP_049586042.1
2951,WP_014980069.1
2952,WP_049586041.1
2953,WP_049586040.1
2954,WP_014980071.1
2955,WP_049586039.1
2956,WP_014977241.1
2957,WP_014950464.1
2958,WP_049586038.1
2959,WP_049586037.1
2960,WP_014950467.1
2961,WP_049586036.1
2962,VTP54666.1
2963,WP_014950470.1
2964,WP_049586034.1
2965,WP_049586033.1
2966,WP_049586032.1
2967,WP_049586031.1
2968,WP_049586029.1
2969,WP_014950476.1
2970,WP_049586028.1
2971,WP_080589203.1
2972,WP_039232054.1
2973,WP_049586027.1
2974,WP_049586026.1
2975,WP_139308981.1
2976,WP_039226298.1
2977,WP_049586025.1
2978,WP_012519516.1
2979,WP_049586024.1
2980,WP_049586023.1
2981,WP_014950486.1
2982,WP_049586022.1
2983,WP_049586021.1
2984,WP_049586020.1
2985,WP_049586019.1
2986,VTP54716.1
2987,WP_049586016.1
2988,WP_152910866.1
2989,WP_014980115.1
2990,WP_014950500.1
2991,WP_049586015.1
2992,WP_014950502.1
2993,WP_049586014.1
2994,WP_039226261.1
2995,WP_049586013.1
2996,WP_049586012.1
2997,WP_049586011.1
2998,WP_014950508.1
2999,WP_049586010.1
3000,WP_049586009.1
3001,VTP54748.1
3002,WP_049589221.1
3003,WP_039226244.1
3004,WP_014950514.1
3005,WP_049589071.1
3006,WP_049589061.1
3007,VTP54760.1
3008,WP_014980129.1
3009,WP_049589063.1
3010,WP_049589072.1
3011,WP_014977256.1
3012,WP_014950522.1
3013,WP_049589064.1
3014,WP_014950524.1
3015,WP_049589065.1
3016,WP_014950526.1
3017,WP_049589066.1
3018,WP_049589067.1
3019,WP_014950529.1
3020,WP_049589068.1
3021,WP_049589069.1
3022,WP_014977261.1
3023,WP_049588089.1
3024,WP_049588091.1
3025,WP_049588093.1
3026,WP_049588095.1
3027,WP_049588096.1
3028,WP_049588098.1
3029,WP_049588101.1
3030,WP_049588103.1
3031,WP_014950541.1
3032,WP_049588105.1
3033,WP_014950543.1
3034,WP_012519580.1
3035,WP_014980147.1
3036,WP_049588108.1
3037,WP_014950548.1
3038,WP_049588109.1
3039,WP_170826515.1
3040,WP_014950551.1
3041,WP_014950552.1
3042,WP_049588110.1
3043,WP_049588112.1
3044,WP_014980153.1
3045,WP_014950559.1
3046,WP_049588114.1
3047,WP_049588115.1
3048,WP_049588117.1
3049,WP_049588118.1
3050,WP_049588120.1
3051,WP_049588122.1
3052,WP_014950566.1
3053,WP_049588124.1
3054,WP_049588126.1
3055,WP_049588128.1
3056,WP_014950570.1
3057,WP_053103824.1
3058,WP_014950572.1
3059,WP_049588129.1
3060,WP_039235299.1
3061,WP_049588132.1
3062,WP_014980170.1
3063,WP_014950577.1
3064,WP_049588133.1
3065,VTP54863.1
3066,WP_049588135.1
3067,WP_014950581.1
3068,WP_014950582.1
3069,WP_049588144.1
3070,WP_049588136.1
3072,WP_049589213.1
3074,WP_049589215.1
3075,WP_049588244.1
3076,WP_014950586.1
3077,WP_049588246.1
3078,VTP54885.1
3079,WP_014980177.1
3080,WP_014950589.1
3081,WP_014950590.1
3082,WP_014977284.1
3083,WP_014950592.1
3084,WP_049588248.1
3085,WP_049588249.1
3086,WP_049588251.1
3087,WP_049588252.1
3088,WP_049588254.1
3089,WP_049588256.1
3090,WP_049588258.1
3091,WP_012519633.1
3092,WP_014999437.1
3093,WP_049588260.1
3094,WP_049588261.1
3095,WP_156086876.1
3096,VTP54923.1
3097,WP_014977297.1
3098,WP_049588265.1
3099,WP_049588267.1
3100,WP_049588268.1
3101,WP_080986438.1
3102,VTP54935.1
3103,WP_049588273.1
3104,WP_049588275.1
3105,WP_053103827.1
3106,WP_049588277.1
3107,WP_049588279.1
3108,WP_049588280.1
3109,WP_049588282.1
3110,WP_049588284.1
3111,WP_080986439.1
3112,WP_049588288.1
3113,WP_049588290.1
3114,WP_049588292.1
3115,WP_049588295.1
3116,AMJ99569.1
3117,WP_049588298.1
3118,WP_197047976.1
3119,VTP50029.1
3120,WP_049588191.1
3121,WP_015067950.1
3122,WP_069944861.1
3123,VTP54975.1
3124,WP_061095220.1
3125,WP_049588190.1
3126,WP_049588189.1
3127,VTP54982.1
3128,WP_049588197.1
3129,VTP54986.1
3130,WP_061095220.1
3131,WP_015067954.1
3132,VTP54992.1
3133,WP_049588195.1
3134,VTP54996.1
3135,WP_049588185.1
3136,WP_049588184.1
3137,WP_049588182.1
3138,WP_049588180.1
3139,WP_049588179.1
3140,WP_049588178.1
3141,VTP55010.1
3142,WP_014950619.1
3143,WP_049588176.1
3144,WP_049588174.1
3145,WP_049588171.1
3146,WP_049588170.1
3147,WP_049588169.1
3148,WP_049588167.1
3149,WP_014977336.1
3150,WP_014977337.1
3151,WP_014977338.1
3152,WP_014977339.1
3153,WP_014977340.1
3154,WP_014977341.1
3155,WP_014977342.1
3156,WP_014977343.1
3157,WP_014977344.1
3158,WP_049588165.1
3159,WP_049588161.1
3160,WP_049588160.1
3161,WP_049588158.1
3162,WP_049588156.1
3163,WP_049588154.1
3164,WP_049588152.1
3165,WP_049588150.1
3166,WP_080986435.1
3167,WP_049588146.1
3168,WP_014950659.1
3169,VTP55068.1
3170,WP_049588469.1
3171,WP_014950662.1
3172,WP_197047979.1
3173,WP_049588471.1
3174,WP_049588473.1
3175,WP_049588474.1
3176,WP_049588476.1
3177,WP_049588477.1
3178,WP_053103828.1
3179,WP_014950672.1
3180,WP_049588479.1
3181,WP_014999502.1
3182,WP_049588481.1
3183,WP_049588482.1
3184,WP_049588483.1
3185,WP_160314213.1
3186,WP_049588486.1
3187,VTP55105.1
3188,WP_049588488.1
3189,WP_049588512.1
3190,WP_049588489.1
3191,WP_049588490.1
3192,WP_049588492.1
3193,WP_049588494.1
3194,WP_049588496.1
3195,WP_049588497.1
3196,WP_049588500.1
3197,WP_197047980.1
3198,WP_049588501.1
3199,WP_049588503.1
3200,WP_197047981.1
3201,WP_197047982.1
3202,WP_049588504.1
3203,WP_049588506.1
3204,WP_049588507.1
3205,WP_014980250.1
3206,WP_049589212.1
3207,WP_014980251.1
3208,WP_049588815.1
3209,WP_049588816.1
3210,WP_049588817.1
3211,WP_049588818.1
3212,WP_014950684.1
3213,WP_049588819.1
3214,WP_049588820.1
3215,WP_049588821.1
3216,WP_049588822.1
3217,WP_020744244.1
3218,WP_085929484.1
3219,WP_049588823.1
3220,WP_014950694.1
3221,WP_015068029.1
3222,WP_049588824.1
3223,WP_049588825.1
3224,WP_014950698.1
3225,AMJ99616.1
3226,WP_049588826.1
3227,WP_049588832.1
3228,VTP55189.1
3229,WP_049588828.1
3230,WP_049588829.1
3231,WP_049588830.1
3232,WP_049588831.1
3233,WP_049588947.1
3234,VTP55201.1
3235,WP_014949481.1
3236,WP_014977393.1
3237,WP_014949483.1
3238,HAM19818.1
3239,WP_014977396.1
3240,WP_049588946.1
3241,WP_049588945.1
3242,WP_049588944.1
3243,WP_014949489.1
3244,WP_049588943.1
3245,WP_049588942.1
3246,WP_049588941.1
3247,WP_049588940.1
3248,WP_049588939.1
3249,VTP55231.1
3250,WP_014949496.1
3251,WP_049588937.1
3253,VTP55237.1
3254,VTP55239.1
3255,WP_014950707.1
3256,WP_049588673.1
3257,WP_049588674.1
3258,WP_014950710.1
3259,WP_049588675.1
3260,WP_014950712.1
3261,WP_014950713.1
3262,VTP55255.1
3263,WP_049588676.1
3264,AMN12999.1
3265,WP_049588677.1
3266,WP_039227383.1
3267,WP_014950719.1
3268,WP_014950720.1
3269,WP_014950721.1
3270,WP_014977415.1
3271,AMJ99661.1
3272,WP_014950724.1
3273,WP_049588678.1
3275,WP_049588679.1
3276,WP_049588680.1
3277,WP_197047983.1
3278,WP_053103830.1
3279,WP_049588681.1
3280,WP_049588682.1
3281,WP_049588683.1
3282,WP_049588684.1
3283,WP_049588685.1
3284,VTP55301.1
3285,WP_049588686.1
3286,WP_049588687.1
3287,WP_049588688.1
3288,WP_049588689.1
3289,WP_039221977.1
3290,VTP55313.1
3291,WP_049589118.1
3292,WP_049589119.1
3293,WP_049589120.1
3294,WP_049589121.1
3295,WP_049589122.1
3296,WP_049589123.1
3297,VTP55327.1
3298,WP_014950727.1
3299,WP_049589126.1
3300,WP_049589127.1
3301,WP_049589129.1
3302,WP_156080658.1
3303,AMJ97486.1
3304,WP_049589220.1
3305,WP_049588737.1
3306,WP_049588736.1
3307,WP_049588735.1
3308,WP_049588734.1
3309,WP_014950735.1
3310,WP_049588733.1
3311,WP_049588732.1
3312,WP_014950738.1
3313,WP_049588731.1
3314,WP_014977428.1
3315,WP_014950741.1
3316,WP_049588730.1
3317,WP_049588729.1
3318,WP_014950744.1
3319,VTP55371.1
3320,WP_049588728.1
3321,WP_049588727.1
3322,WP_049588726.1
3323,WP_049588725.1
3324,WP_049588724.1
3325,WP_049588723.1
3326,WP_049588722.1
3327,WP_049588721.1
3328,WP_049588720.1
3329,WP_014950755.1
3331,WP_039216362.1
3332,VTP55397.1
3333,WP_049588717.1
3334,WP_049588738.1
3335,WP_049588716.1
3336,WP_049588715.1
3337,WP_014950763.1
3338,WP_049588714.1
3340,VTP55411.1
3341,WP_049589233.1
3343,WP_049589213.1
3344,WP_049586942.1
3345,WP_039228660.1
3346,WP_039228659.1
3347,WP_039228657.1
3348,WP_014950772.1
3349,WP_049586943.1
3350,WP_049586944.1
3351,WP_014950775.1
3352,WP_049586946.1
3353,WP_197047984.1
3354,VTO41005.1
3355,VTP55439.1
3356,WP_049586948.1
3357,WP_049586949.1
3358,WP_049586951.1
3359,WP_049586952.1
3360,WP_014950784.1
3361,WP_014950785.1
3362,WP_039216382.1
3363,WP_039216383.1
3364,WP_049586953.1
3365,WP_039216429.1
3366,WP_049586955.1
3367,WP_044583775.1
3368,WP_014977463.1
3369,WP_014950791.1
3370,WP_014950792.1
3371,WP_014950793.1
3372,WP_014950794.1
3373,WP_014950795.1
3374,WP_049586957.1
3375,WP_014950797.1
3376,VTO41027.1
3377,WP_049586958.1
3378,WP_014999633.1
3379,WP_049586959.1
3380,WP_014950802.1
3381,WP_014999637.1
3382,WP_049586960.1
3383,WP_049586961.1
3384,WP_049586962.1
3385,WP_049586964.1
3386,WP_014950808.1
3387,WP_014950809.1
3388,WP_014999643.1
3389,WP_049586965.1
3390,WP_049586966.1
3391,VTP55511.1
3392,WP_049586967.1
3393,WP_049586968.1
3394,WP_049586969.1
3395,WP_039216400.1
3396,WP_039216401.1
3397,WP_049586970.1
3398,WP_049586971.1
3399,WP_014950820.1
3400,WP_049586973.1
3401,WP_039216432.1
3402,WP_049586974.1
3403,WP_014977483.1
3404,WP_049586975.1
3405,WP_014977485.1
3406,WP_049586976.1
3407,WP_049586977.1
3408,WP_049586978.1
3409,WP_049586980.1
3410,WP_014980386.1
3411,WP_049586981.1
3412,WP_049586983.1
3413,WP_014980389.1
3414,WP_049586984.1
3415,WP_049586985.1
3416,WP_014977495.1
3417,WP_049586987.1
3418,WP_049586988.1
3419,WP_155279885.1
3420,WP_049586989.1
3421,WP_014977498.1
3422,WP_049589179.1
3423,WP_039222269.1
3424,WP_049589180.1
3426,WP_049589182.1
3428,VTP55411.1
3429,WP_197047976.1
3430,VTP50029.1
3431,WP_197047976.1
3432,VTP50029.1
3433,WP_049588906.1
3434,WP_049588905.1
3435,WP_039233876.1
3436,WP_049588904.1
3437,WP_049588903.1
3438,WP_049588902.1
3439,WP_049588901.1
3440,WP_049588900.1
3441,WP_049588899.1
3442,WP_049588898.1
3443,WP_049588897.1
3444,WP_049588896.1
3445,WP_049588895.1
3446,WP_049588894.1
3447,WP_049588893.1
3448,WP_049588892.1
3449,WP_080986467.1
3450,VTP55626.1
3451,WP_049588889.1
3452,WP_049588888.1
3453,VTP55632.1
3454,WP_049588886.1
3455,VTP55636.1
3456,WP_012516875.1
3457,WP_012518757.1
3459,WP_012516872.1
3460,VTP55646.1
3461,WP_049586725.1
3462,WP_049586727.1
3463,WP_049586729.1
3464,WP_049586730.1
3465,WP_049586732.1
3466,VTP55658.1
3467,WP_012519212.1
3468,OES27626.1
3469,WP_012519214.1
3470,WP_012519215.1
3471,WP_012519216.1
3472,WP_014977524.1
3473,WP_049586735.1
3474,WP_014950907.1
3475,WP_012519221.1
3476,WP_014950908.1
3477,WP_014950909.1
3478,WP_012519224.1
3479,WP_014950910.1
3480,WP_014950911.1
3481,WP_014950912.1
3482,WP_012519228.1
3483,WP_049586737.1
3484,WP_049586738.1
3485,WP_039226695.1
3487,WP_014950916.1
3488,WP_014950917.1
3489,VTP55704.1
3490,WP_014950919.1
3491,WP_014950920.1
3492,WP_049586740.1
3493,WP_014950922.1
3494,WP_014980447.1
3495,WP_014950924.1
3496,WP_014950925.1
3497,WP_049586772.1
3498,WP_049586742.1
3499,WP_152910873.1
3500,WP_049586744.1
3501,WP_039226836.1
3502,WP_014999724.1
3503,WP_049586745.1
3504,WP_049586746.1
3505,WP_014950935.1
3506,WP_049586748.1
3507,WP_080752387.1
3508,WP_049586750.1
3509,WP_012519905.1
3510,WP_049586752.1
3511,WP_049586755.1
3512,WP_014950941.1
3513,WP_014977550.1
3514,WP_039233979.1
3515,WP_014977552.1
3516,WP_014980459.1
3517,WP_049586758.1
3518,WP_014977555.1
3519,WP_049586760.1
3520,WP_080986398.1
3521,WP_049586764.1
3522,WP_049586765.1
3523,WP_049586766.1
3524,WP_039233996.1
3525,WP_014980468.1
3526,WP_049586768.1
3527,WP_049586769.1
3528,WP_014977564.1
3529,WP_014950958.1
3530,WP_014950959.1
3531,WP_014950960.1
3532,WP_014977568.1
3533,WP_049586770.1
3534,WP_014950963.1
3535,WP_014950964.1
3536,WP_014950965.1
3537,WP_014950966.1
3538,WP_014950967.1
3539,WP_014950968.1
3540,WP_014950969.1
3541,WP_014950970.1
3542,VTP55833.1
3543,WP_049589053.1
3544,WP_014977575.1
3545,WP_049589054.1
3546,WP_014950975.1
3547,VTP55843.1
3548,WP_014950978.1
3549,WP_014950979.1
3550,WP_014950980.1
3551,WP_014950981.1
3552,WP_014950982.1
3553,WP_014950983.1
3554,WP_014950984.1
3555,WP_014977582.1
3556,WP_014950986.1
3557,WP_014950987.1
3558,WP_014950988.1
3559,WP_014950989.1
3560,WP_049589055.1
3561,WP_049589056.1
3562,WP_156080661.1
3563,VTP55875.1
3564,WP_014977586.1
3565,WP_014977587.1
3566,WP_014950994.1
3567,WP_049589000.1
3568,WP_014980491.1
3569,WP_014950997.1
3570,WP_049588999.1
3571,WP_014977591.1
3572,WP_049588998.1
3573,WP_014977593.1
3574,WP_049588997.1
3575,WP_014977595.1
3576,WP_049588996.1
3577,WP_049588995.1
3578,WP_014951006.1
3579,WP_049588994.1
3580,WP_049588993.1
3581,WP_049588992.1
3582,WP_049588991.1
3583,WP_049588990.1
3584,WP_049588989.1
3585,WP_014951013.1
3586,WP_156080662.1
3587,WP_014951015.1
3588,WP_049589004.1
3589,WP_014951017.1
3590,WP_049589005.1
3591,WP_039227019.1
3592,WP_049589006.1
3593,VTP55937.1
3594,WP_049589007.1
3595,WP_049589008.1
3596,WP_014977608.1
3597,WP_014951024.1
3598,WP_014951025.1
3599,WP_049589009.1
3600,WP_049589010.1
3601,WP_049589011.1
3602,WP_039227034.1
3603,WP_014951030.1
3604,WP_039227035.1
3605,WP_049589012.1
3606,WP_039234928.1
3607,WP_014977498.1
3608,WP_014951035.1
3609,WP_014951036.1
3610,WP_014951037.1
3611,WP_039229319.1
3612,WP_014977618.1
3613,WP_015068303.1
3614,WP_014951041.1
3615,WP_014980521.1
3616,WP_014951043.1
3617,WP_049588759.1
3618,HBN98353.1
3619,WP_014951044.1
3620,WP_014951045.1
3621,WP_014980522.1
3622,WP_049588761.1
3623,WP_049588762.1
3624,WP_039229366.1
3625,WP_039229305.1
3626,WP_049588763.1
3627,WP_049588764.1
3628,WP_014951053.1
3629,WP_014951054.1
3630,WP_049588765.1
3631,WP_014951056.1
3632,WP_049588766.1
3633,AMN13334.1
3634,WP_049588768.1
3635,WP_039233558.1
3636,WP_014951061.1
3637,WP_049588769.1
3638,WP_049588770.1
3639,WP_039229281.1
3641,WP_049589215.1
3642,WP_049585741.1
3643,WP_049585740.1
3644,WP_049585739.1
3645,VTP56038.1
3646,VTP56040.1
3647,WP_049585736.1
3648,WP_014951071.1
3649,WP_049585734.1
3650,WP_049585731.1
3651,WP_049585730.1
3652,WP_014951077.1
3653,OES26348.1
3654,WP_049585728.1
3655,WP_014980553.1
3656,WP_049585726.1
3657,WP_014951082.1
3658,WP_049585722.1
3659,WP_014951084.1
3660,WP_049585720.1
3661,WP_014977648.1
3662,WP_049585717.1
3663,VTP56074.1
3664,WP_049585713.1
3665,WP_049585711.1
3666,WP_049585708.1
3667,WP_014951092.1
3668,VTP56084.1
3669,WP_049585703.1
3670,WP_049585701.1
3671,WP_014951096.1
3672,WP_049585699.1
3673,WP_014980562.1
3674,WP_049585697.1
3675,WP_014951100.1
3676,WP_080986364.1
3677,WP_014951102.1
3678,WP_014951103.1
3679,WP_014951104.1
3680,CAB9495706.1
3681,WP_014951106.1
3682,WP_014951107.1
3683,WP_014951108.1
3684,WP_014980565.1
3685,WP_049585693.1
3686,WP_039233618.1
3687,WP_049585691.1
3688,WP_049585689.1
3689,WP_014977663.1
3690,WP_049585686.1
3691,WP_049585684.1
3692,WP_049585681.1
3693,WP_049585679.1
3694,WP_049585677.1
3695,WP_012519953.1
3696,WP_012519954.1
3697,WP_014951120.1
3698,WP_014951121.1
3699,WP_080986363.1
3700,WP_049585674.1
3701,WP_049585673.1
3702,WP_014977672.1
3703,WP_014951126.1
3704,WP_049585671.1
3705,WP_049585669.1
3706,WP_049585667.1
3707,WP_014951130.1
3708,WP_080986362.1
3709,WP_014951132.1
3710,WP_014977677.1
3711,WP_049585662.1
3712,WP_014951135.1
3713,WP_014951136.1
3714,WP_039229202.1
3715,WP_049585659.1
3716,WP_014951139.1
3717,WP_049585657.1
3718,WP_049585654.1
3719,WP_049585652.1
3720,WP_049585650.1
3721,WP_049585649.1
3722,WP_014977687.1
3723,WP_049585647.1
3724,WP_049585645.1
3725,WP_049585643.1
3726,WP_014951149.1
3727,WP_049585641.1
3728,WP_049585639.1
3729,WP_049585637.1
3730,VTP56208.1
3731,WP_014951154.1
3732,WP_049585631.1
3733,WP_049585629.1
3734,VTP56216.1
3735,WP_014951158.1
3736,WP_049585628.1
3737,WP_152910862.1
3738,WP_049585753.1
3739,WP_049585626.1
3740,WP_049585624.1
3741,WP_049585622.1
3742,WP_049585620.1
3743,WP_049585617.1
3744,WP_049585616.1
3745,WP_049585614.1
3746,WP_080986361.1
3747,WP_049585612.1
3748,WP_014951177.1
3749,WP_014951178.1
3750,WP_049585609.1
3751,WP_039229337.1
3752,WP_049585607.1
3753,WP_049585605.1
3754,WP_049585603.1
3755,WP_049585601.1
3756,WP_014951185.1
3757,WP_049585600.1
3758,WP_014951187.1
3759,WP_014951188.1
3760,WP_014951189.1
3761,WP_049585595.1
3762,WP_049585593.1
3763,WP_014951192.1
3764,WP_014951193.1
3765,WP_049585590.1
3766,WP_014951195.1
3767,WP_049585588.1
3768,WP_049585586.1
3769,WP_049585748.1
3770,WP_049585584.1
3771,WP_049585581.1
3772,WP_049585579.1
3773,WP_049585577.1
3774,WP_049585575.1
3775,WP_014951234.1
3776,WP_014977723.1
3777,WP_014951236.1
3778,WP_049585574.1
3779,WP_014977725.1
3780,WP_014951239.1
3781,WP_049585570.1
3782,WP_049585568.1
3783,WP_049585566.1
3784,WP_014951242.1
3785,WP_049585564.1
3786,WP_014951244.1
3787,WP_014951245.1
3788,WP_049585562.1
3789,WP_049585560.1
3790,WP_049585559.1
3791,WP_049585556.1
3792,WP_049585554.1
3793,WP_049585552.1
3794,WP_049585550.1
3795,WP_049585548.1
3796,WP_049585546.1
3797,HAM17697.1
3798,VTP56344.1
3799,WP_049585542.1
3800,WP_049585539.1
3801,WP_049585538.1
3802,WP_012520075.1
3803,WP_071960224.1
3804,WP_049585524.1
3805,WP_012520077.1
3806,WP_049585522.1
3807,WP_049585520.1
3808,WP_049585518.1
3809,WP_014951265.1
3810,VTP56368.1
3811,WP_049585514.1
3812,WP_049585512.1
3813,WP_049585510.1
3814,WP_014951270.1
3815,WP_012520088.1
3816,WP_049585508.1
3817,WP_039228986.1
3818,WP_049585746.1
3819,WP_049585506.1
3820,WP_014951275.1
3821,WP_014951276.1
3822,WP_039228980.1
3823,VTP56394.1
3824,WP_049585501.1
3825,WP_014977757.1
3826,WP_049585499.1
3827,WP_014980678.1
3828,WP_049585497.1
3829,WP_014951285.1
3830,WP_049585495.1
3831,VTP56410.1
3832,WP_049585492.1
3833,WP_049585490.1
3834,WP_049585488.1
3835,WP_049585486.1
3836,WP_014951289.1
3837,WP_012520109.1
3838,WP_049585742.1
3839,WP_049585484.1
3840,WP_049585482.1
3841,WP_049585479.1
3842,WP_049585477.1
3844,WP_049585475.1
3845,WP_014951296.1
3846,WP_049585473.1
3847,WP_139125446.1
3848,WP_014951299.1
3849,WP_049585472.1
3850,WP_049585469.1
3851,WP_049585467.1
3852,WP_049585465.1
3853,WP_049585463.1
3854,WP_049585461.1
3855,WP_049585458.1
3856,VTP56460.1
3857,WP_049585454.1
3858,WP_014951309.1
3859,WP_049585452.1
3860,WP_049585449.1
3861,WP_014951312.1
3862,WP_049585447.1
3863,WP_039235770.1
3864,WP_014977776.1
3865,WP_014977777.1
3866,WP_049585442.1
3867,WP_049585440.1
3868,WP_049585438.1
3869,WP_014951320.1
3870,WP_014951321.1
3871,WP_049585436.1
3872,WP_014951323.1
3873,WP_039228733.1
3874,WP_049585432.1
3875,WP_014951326.1
3876,WP_014977785.1
3877,WP_014951328.1
3878,WP_014951329.1
3879,WP_014951330.1
3880,WP_049585430.1
3881,WP_049585429.1
3882,WP_049585427.1
3883,WP_012520154.1
3884,WP_014980717.1
3885,OZB99280.1
3886,WP_014951335.1
3887,WP_156080663.1
3888,AMJ97486.1
3889,VTP56526.1
3890,WP_014951337.1
3891,WP_014980720.1
3892,WP_049588457.1
3893,WP_049588456.1
3894,WP_049588455.1
3895,WP_014977794.1
3896,WP_014980725.1
3897,WP_049588454.1
3898,WP_014951369.1
3899,WP_080760048.1
3900,WP_014951372.1
3901,WP_049588453.1
3902,WP_049588451.1
3903,WP_049588450.1
3904,WP_049588449.1
3905,WP_049588448.1
3906,WP_049588447.1
3907,WP_049588465.1
3908,WP_049588446.1
3909,WP_049588445.1
3910,OES26373.1
3911,WP_014951383.1
3912,WP_049588444.1
3913,WP_039228778.1
3914,WP_080986445.1
3915,WP_014951387.1
3916,WP_049588443.1
3917,WP_049588442.1
3918,WP_014951390.1
3919,WP_014977809.1
3920,WP_014977810.1
3921,WP_014951393.1
3922,WP_049588441.1
3923,VTP56593.1
3924,WP_014951396.1
3925,WP_170826522.1
3926,WP_049588439.1
3927,WP_049586442.1
3928,WP_049586440.1
3929,WP_049586438.1
3930,WP_014980752.1
3931,WP_014951413.1
3932,WP_049586437.1
3933,WP_049586436.1
3934,WP_014951416.1
3935,WP_014951417.1
3936,WP_014980757.1
3937,WP_049586434.1
3938,WP_014977822.1
3939,WP_049586432.1
3940,WP_014951422.1
3941,WP_014951423.1
3942,WP_014977825.1
3943,WP_049586431.1
3944,WP_049586429.1
3945,WP_049586428.1
3946,WP_014951428.1
3947,WP_014951429.1
3948,WP_014951430.1
3949,WP_039228851.1
3950,WP_014951432.1
3951,WP_014977829.1
3952,WP_049586425.1
3953,WP_049586423.1
3954,WP_049586422.1
3955,VTP56656.1
3956,WP_049586419.1
3957,VTP56660.1
3958,OES26207.1
3959,WP_197047986.1
3960,WP_049586417.1
3961,WP_049586416.1
3962,WP_049586414.1
3963,WP_049586413.1
3964,VTP56674.1
3965,VTP56676.1
3966,WP_049586411.1
3967,WP_049586410.1
3968,WP_049586408.1
3969,WP_049586406.1
3970,WP_049586404.1
3971,WP_049586402.1
3972,WP_049586401.1
3973,WP_049586399.1
3974,WP_049586398.1
3975,WP_049586396.1
3976,WP_049586395.1
3977,WP_049586393.1
3978,WP_049586392.1
3979,WP_049586390.1
3980,WP_049586389.1
3981,WP_049586387.1
3982,WP_049586386.1
3983,WP_049586385.1
3984,WP_014977834.1
3985,WP_014951442.1
3986,WP_049586384.1
3987,WP_014951444.1
3988,WP_049586383.1
3989,WP_049586381.1
3990,WP_014977838.1
3991,WP_014951448.1
3992,WP_014951449.1
3993,WP_012520217.1
3994,WP_014951450.1
3995,WP_015000145.1
3996,WP_014951452.1
3997,WP_012520222.1
3998,WP_012520223.1
3999,WP_014977839.1
