Reactions	DRAM	Prokka	RASTtk	Intersection	2+ Annotations	Priority List	Majority Rule	Union	Bayesian Pangenome Core
rxn03669	1	1	1	0	1	1	1	1	1
rxn12023	0	1	0	0	0	1	1	1	1
rxn19820	0	1	0	0	0	0	0	1	0
rxn13728	0	1	0	0	0	1	1	1	0
EX_cpd00001	2	2	2	2	2	2	2	2	0
rxn11746	0	0	0	0	0	0	0	0	1
rxn03424	1	0	1	0	0	1	1	1	0
rxn00675	1	1	1	1	1	1	1	1	1
rxn14397	0	1	0	0	0	0	0	1	0
rxn08001	0	1	0	0	0	0	0	1	0
rxn00747	1	1	1	1	1	1	1	1	0
rxn06096	1	1	1	0	1	1	1	1	1
rxn06595	0	1	0	0	0	1	1	1	1
rxn45425	0	1	0	0	0	0	1	1	0
rxn02449	1	1	1	1	1	1	1	1	0
rxn07278	0	0	0	0	0	0	0	0	1
rxn04339	0	0	0	0	0	0	0	0	1
rxn04313	0	0	0	0	0	0	0	0	1
rxn03402	1	1	1	0	0	1	1	1	1
rxn08130	0	1	0	0	0	0	1	1	0
rxn16828	1	0	1	0	0	1	1	1	0
rxn08767	0	1	0	0	0	0	0	1	0
rxn16794	1	1	1	0	1	1	1	1	0
rxn00472	0	0	0	0	0	0	0	0	1
rxn06449	1	1	1	0	1	1	1	1	0
rxn04831	1	1	1	0	1	1	1	1	1
rxn01045	1	1	1	1	1	1	1	1	0
rxn00193	0	0	0	0	0	0	0	1	0
rxn01243	0	1	0	0	0	0	0	1	0
rxn08017	0	0	0	0	0	1	1	1	0
rxn08022	0	0	0	0	0	1	1	1	0
rxn05386	0	0	0	0	0	0	0	1	0
rxn09106	0	1	0	0	1	0	1	1	0
rxn01486	0	0	0	0	0	0	0	1	0
rxn11828	0	1	0	0	0	1	1	1	1
rxn13960	0	0	0	0	0	0	0	0	1
rxn09109	0	1	0	0	1	0	1	1	0
rxn00806	1	1	1	1	1	1	1	1	0
rxn24718	1	1	1	1	1	1	1	1	0
rxn22482	0	1	0	0	0	1	1	1	0
rxn07666	0	0	0	0	0	0	0	0	1
rxn03043	1	1	1	0	1	1	1	1	0
rxn00859	1	1	1	1	1	1	1	1	0
rxn07573	0	0	0	0	0	0	0	0	1
rxn04271	0	0	0	0	0	0	0	1	0
rxn00225	1	1	1	1	1	1	1	1	0
rxn08043	1	1	1	1	1	1	1	1	0
rxn02166	0	1	0	0	1	1	1	1	0
rxn08821	0	1	0	0	1	1	1	1	0
rxn06432	1	1	1	0	1	1	1	1	0
rxn09199	0	1	0	0	1	0	1	1	0
rxn02768	0	0	0	0	0	0	0	0	1
rxn07113	0	0	0	0	0	0	0	0	1
rxn13667	0	1	0	0	0	0	0	1	0
rxn01930	1	1	1	1	1	1	1	1	0
rxn08192	1	1	1	1	1	1	1	1	0
rxn15213	1	1	1	0	1	0	0	1	0
rxn00292	0	0	0	0	0	1	1	1	0
rxn07664	0	0	0	0	0	0	0	0	1
rxn12013	0	1	0	0	0	1	1	1	0
rxn07230	0	0	0	0	0	0	0	1	0
rxn05454	0	0	0	0	0	0	0	1	0
rxn05127	0	0	0	0	0	0	0	1	0
rxn05339	1	1	1	0	1	1	1	1	0
rxn07998	0	1	0	0	0	0	0	1	0
rxn11612	0	1	0	0	1	0	0	1	0
rxn08806	0	1	0	0	1	1	1	1	0
rxn01807	0	0	0	0	0	0	0	1	0
rxn03901	1	1	1	1	1	1	1	1	0
rxn03568	0	0	0	0	0	0	0	0	1
rxn13741	0	1	0	0	0	0	0	1	0
rxn16615	0	1	0	0	0	1	1	1	0
rxn05413	0	0	0	0	0	0	0	1	0
rxn03839	1	0	1	0	0	1	1	1	0
rxn08839	0	1	0	0	1	1	1	1	0
rxn12033	0	1	0	0	0	1	1	1	1
rxn13971	0	0	0	0	0	1	1	1	0
rxn07628	1	0	1	0	0	1	1	1	1
rxn00346	0	1	0	0	0	1	1	1	0
rxn00890	1	1	1	0	1	0	0	1	0
rxn13671	0	1	0	0	0	0	0	1	0
EX_cpd00205	0	0	0	0	0	2	2	2	0
rxn01257	1	1	1	1	1	1	1	1	0
rxn06864	1	1	1	0	1	1	1	1	1
rxn11719	0	0	0	0	0	0	0	1	1
rxn00629	0	1	0	0	1	0	1	1	0
rxn10290	0	0	0	0	0	1	1	1	0
rxn00510	1	0	1	0	0	1	1	1	0
rxn10233	0	1	0	0	1	0	1	1	0
rxn14399	0	0	0	0	0	0	0	1	0
rxn00652	0	0	0	0	0	0	0	0	1
rxn03243	1	1	1	1	1	1	1	1	0
rxn00514	1	1	1	0	1	0	0	1	0
rxn03617	1	0	1	0	0	1	1	1	1
rxn10204	0	1	0	0	1	1	1	1	0
rxn07976	0	0	0	0	0	0	0	1	0
rxn08502	1	1	1	1	1	1	1	1	0
rxn05287	0	0	0	0	0	0	0	1	0
rxn01649	1	1	1	0	1	1	1	1	0
rxn05361	0	0	0	0	0	0	0	1	0
rxn00711	1	1	1	1	1	1	1	1	0
rxn08298	0	1	0	0	1	1	1	1	0
rxn15582	0	1	0	0	0	0	0	1	0
rxn04457	1	1	1	1	1	1	1	1	0
rxn03440	0	0	0	0	0	0	1	1	0
rxn00181	0	0	0	0	0	0	0	1	0
EX_cpd11597	0	0	0	0	0	2	2	2	0
rxn03567	0	0	0	0	0	0	0	0	1
rxn00882	1	1	1	1	1	1	1	1	0
rxn07846	1	1	1	0	0	1	1	1	1
rxn00119	1	1	1	1	1	1	1	1	0
rxn00917	1	1	1	1	1	1	1	1	0
rxn09896	0	1	0	0	0	0	0	1	0
rxn03442	0	0	0	0	0	0	0	0	1
rxn00404	0	0	0	0	0	0	0	1	0
EX_cpd00041	2	2	2	2	2	2	2	2	0
rxn05334	1	1	1	1	1	1	1	1	0
rxn10210	0	1	0	0	1	1	1	1	0
EX_cpd00106	0	0	0	0	0	2	2	2	0
rxn05453	0	0	0	0	0	0	0	1	0
rxn08312	0	1	0	0	1	0	1	1	0
rxn03136	1	1	1	1	1	1	1	1	0
rxn42709	0	1	0	0	0	0	1	1	0
rxn23589	1	1	1	1	1	1	1	1	0
EX_cpd00129	2	2	2	2	2	2	2	2	0
rxn06737	0	1	0	0	0	0	1	1	0
rxn03054	0	0	0	0	0	0	0	0	1
rxn03129	0	0	0	0	0	0	0	0	1
rxn09037	1	1	1	0	1	1	1	1	0
rxn00124	0	0	0	0	0	0	0	1	0
rxn00929	1	1	1	1	1	1	1	1	0
rxn09101	0	1	0	0	1	0	1	1	0
rxn01800	1	1	1	1	1	1	1	1	0
rxn00817	1	1	1	1	1	1	1	1	0
rxn00686	1	0	1	0	1	1	1	1	0
rxn01652	1	1	1	0	1	0	0	1	0
rxn00460	0	1	0	0	0	0	0	1	0
rxn00671	1	0	1	0	1	1	1	1	0
rxn03524	0	1	0	0	0	0	0	1	0
rxn06440	1	1	1	0	1	1	1	1	0
rxn02160	1	0	1	0	0	1	1	1	0
EX_cpd00305	2	2	2	2	2	2	2	2	0
rxn06865	1	1	1	1	1	1	1	1	1
rxn01116	1	1	1	1	1	1	1	1	0
rxn08296	0	1	0	0	1	1	1	1	0
rxn04633	0	0	0	0	0	0	0	0	1
rxn12822	0	0	0	0	0	0	1	1	0
rxn07262	1	0	1	0	0	1	1	1	1
rxn14118	1	0	1	0	0	0	0	1	0
rxn00714	0	0	0	0	0	1	1	1	0
rxn02545	0	1	0	0	0	0	0	1	0
rxn02484	1	0	1	0	0	0	0	1	0
rxn01021	1	1	1	0	1	1	1	1	0
rxn04666	0	0	0	0	0	0	0	0	1
rxn09448	0	0	0	0	0	1	1	1	0
rxn04895	1	1	1	0	1	1	1	1	1
rxn06906	0	0	0	0	0	0	1	1	0
rxn25641	0	1	0	0	0	1	1	1	0
EX_cpd00226	0	0	0	0	0	2	2	2	0
rxn03287	0	0	0	0	0	0	0	1	0
rxn03130	1	1	1	1	1	1	1	1	1
rxn08087	0	1	0	0	1	1	1	1	0
rxn11890	0	0	0	0	0	0	0	0	1
rxn05319	1	1	1	1	1	1	1	1	0
rxn04274	1	1	1	0	0	1	1	1	1
rxn10222	0	1	0	0	1	0	1	1	0
rxn03062	1	1	1	1	1	1	1	1	0
rxn09012	0	0	0	0	0	0	0	1	0
rxn03748	0	0	0	0	0	0	0	0	1
rxn08667	0	0	0	0	0	0	0	1	0
EX_cpd00012	0	0	0	0	0	2	2	2	0
rxn11838	1	1	1	0	1	1	1	1	1
rxn04699	0	0	0	0	0	0	0	0	1
rxn03173	1	1	1	0	1	1	1	1	1
rxn03445	1	1	1	1	1	1	1	1	0
rxn01043	1	0	1	0	0	1	1	1	0
rxn01455	0	0	0	0	0	0	0	1	0
rxn02727	0	1	0	0	0	0	0	1	0
rxn07727	0	1	0	0	0	0	0	1	0
rxn05856	0	0	0	0	0	0	1	1	0
rxn09112	0	1	0	0	1	0	1	1	0
rxn01479	0	0	0	0	0	0	0	1	0
rxn07434	1	1	1	1	1	1	1	1	1
rxn03042	1	1	1	0	1	1	1	1	0
rxn00390	0	1	0	0	0	1	1	1	0
rxn02990	0	1	0	0	0	0	0	1	0
rxn01439	1	1	1	0	1	1	1	1	0
rxn11732	0	1	0	0	0	0	0	1	0
rxn01445	1	1	1	0	1	1	1	1	0
rxn15694	1	1	1	0	1	0	0	1	0
rxn02996	0	1	0	0	0	0	0	1	0
rxn01281	0	1	0	0	1	0	1	1	0
rxn01418	1	1	1	0	1	0	0	1	1
rxn08943	0	0	0	0	0	0	0	1	0
rxn06669	0	0	0	0	0	0	0	1	0
rxn00211	1	1	1	1	1	1	1	1	0
rxn00132	1	1	1	0	1	1	1	1	0
rxn00977	1	1	1	0	1	0	0	1	0
rxn00022	0	0	0	0	0	0	1	1	0
rxn01993	1	1	1	0	1	1	1	1	0
rxn00369	1	1	1	1	1	1	1	1	0
rxn07684	0	0	0	0	0	0	0	1	0
rxn09978	0	1	0	0	0	1	1	1	0
rxn00616	1	0	1	0	1	1	1	1	0
rxn12095	0	0	0	0	0	0	0	0	1
rxn07602	1	1	1	1	1	1	1	1	0
rxn05299	1	1	1	1	1	1	1	1	0
rxn09069	0	1	0	0	0	1	1	1	0
rxn10124	0	0	0	0	0	1	1	1	0
rxn05733	1	1	1	1	1	1	1	1	0
rxn00898	1	1	1	1	1	1	1	1	1
rxn03807	0	0	0	0	0	0	0	0	1
rxn00463	1	1	1	0	1	0	0	1	0
rxn01670	1	1	1	0	1	1	1	1	0
rxn07680	0	0	0	0	0	0	0	1	0
rxn02728	0	1	0	0	0	0	1	1	0
rxn01870	1	1	1	0	1	0	0	1	0
rxn03644	0	0	0	0	0	0	0	1	0
rxn03433	0	0	0	0	0	0	1	1	0
rxn04095	1	0	1	0	0	1	1	1	0
rxn03921	0	0	0	0	0	0	0	1	0
rxn00122	1	0	1	0	0	1	1	1	0
rxn02186	1	1	1	1	1	1	1	1	1
rxn07665	0	0	0	0	0	0	0	0	1
rxn09177	1	0	1	0	0	1	1	1	0
rxn04014	0	1	0	0	0	0	0	1	0
EX_cpd00027	2	2	2	2	2	2	2	2	0
rxn05335	1	1	1	1	1	1	1	1	0
rxn10363	0	1	0	0	0	0	0	1	0
rxn09452	0	1	0	0	0	0	0	1	0
rxn13687	0	1	0	0	0	1	1	1	0
rxn03741	0	1	0	0	0	0	0	1	1
rxn02085	1	1	1	1	1	1	1	1	0
rxn03864	0	0	0	0	0	0	0	0	1
EX_cpd00066	2	2	2	2	2	2	2	2	0
rxn02933	1	0	1	0	1	1	1	1	0
rxn07523	0	0	0	0	0	0	0	0	1
rxn03704	1	1	1	1	1	1	1	1	0
rxn00889	0	1	0	0	0	0	0	1	0
rxn04290	0	0	0	0	0	0	0	0	1
rxn00980	1	1	1	1	1	1	1	1	0
rxn03907	1	1	1	1	1	1	1	1	0
rxn00804	1	1	1	1	1	1	1	1	0
rxn14273	0	0	0	0	0	0	0	0	1
rxn01851	0	0	0	0	0	1	1	1	0
rxn00316	0	0	0	0	0	0	0	0	1
rxn21729	0	1	0	0	0	1	1	1	0
rxn08815	0	1	0	0	1	1	1	1	0
rxn03393	1	0	1	0	1	1	1	1	0
rxn00836	0	0	0	0	0	1	1	1	0
rxn04841	1	0	1	0	1	1	1	1	0
rxn08898	0	0	0	0	0	1	1	1	0
rxn00633	0	1	0	0	1	1	1	1	0
rxn05050	0	1	0	0	0	0	0	1	0
rxn07480	0	0	0	0	0	0	0	0	1
rxn10256	0	1	0	0	1	1	1	1	0
rxn05982	0	1	0	0	0	0	0	1	1
rxn05034	0	1	0	0	1	0	0	1	0
rxn07980	0	0	0	0	0	0	0	1	0
rxn22481	0	1	0	0	0	1	1	1	0
rxn04559	0	1	0	0	0	1	1	1	1
rxn12028	0	1	0	0	0	1	1	1	1
rxn00289	1	1	1	1	1	1	1	1	0
rxn01268	1	0	1	0	0	1	1	1	0
rxn06437	1	1	1	0	1	1	1	1	0
rxn00213	1	1	1	1	1	1	1	1	0
rxn13986	0	0	0	0	0	0	0	0	1
rxn14237	0	0	0	0	0	0	0	0	1
rxn05579	0	0	0	0	0	1	1	1	0
rxn05573	0	0	0	0	0	1	1	1	0
rxn07454	0	0	0	0	0	0	0	1	0
rxn01242	1	1	1	0	1	0	0	1	0
rxn06510	1	1	1	1	1	1	1	1	0
rxn01122	1	1	1	0	1	1	1	1	0
rxn01600	0	0	0	0	0	0	0	1	0
rxn03140	1	1	1	0	1	0	0	1	0
rxn07312	0	0	0	0	0	0	0	1	0
rxn05394	0	0	0	0	0	0	0	1	0
rxn05202	0	0	0	0	0	1	1	1	0
rxn20934	0	1	0	0	0	1	1	1	0
rxn15947	0	1	0	0	0	0	1	1	0
rxn01049	0	0	0	0	0	1	1	1	0
rxn02362	0	0	0	0	0	0	0	1	0
rxn08549	0	1	0	0	1	1	1	1	0
rxn10161	0	0	0	0	0	1	1	1	0
rxn01068	1	1	1	1	1	1	1	1	0
rxn02246	0	1	0	0	0	0	0	1	0
rxn00985	1	1	1	1	1	1	1	1	0
rxn00679	1	1	1	1	1	1	1	1	0
rxn00104	0	1	0	0	0	1	1	1	0
rxn05256	0	0	0	0	0	0	0	1	0
rxn06077	1	1	1	1	1	1	1	1	0
rxn11931	0	1	0	0	0	0	0	1	0
rxn15280	1	1	1	0	1	1	1	1	0
rxn00912	1	1	1	1	1	1	1	1	0
rxn05055	0	1	0	0	0	1	1	1	0
rxn00831	1	1	1	0	1	1	1	1	0
rxn14161	0	0	0	0	0	0	0	0	1
rxn01982	0	1	0	0	0	0	0	1	1
rxn17275	0	1	0	0	0	0	0	1	0
rxn04896	1	1	1	0	1	1	1	1	1
rxn04700	0	0	0	0	0	0	0	0	1
rxn00867	1	1	1	1	1	1	1	1	0
EX_cpd00132	2	2	2	2	2	2	2	2	0
rxn00313	1	1	1	1	1	1	1	1	0
rxn05301	1	1	1	1	1	1	1	1	0
rxn03236	1	1	1	1	1	1	1	1	0
rxn14146	0	1	0	0	0	1	1	1	0
rxn01924	0	0	0	0	0	1	1	1	0
rxn02529	0	0	0	0	0	1	1	1	1
rxn08129	0	1	0	0	1	0	1	1	0
rxn04308	1	1	1	0	1	0	0	1	0
rxn02303	1	1	1	1	1	1	1	1	0
rxn00646	1	1	1	1	1	1	1	1	0
rxn11962	1	1	1	1	1	1	1	1	1
rxn06641	0	1	0	0	0	0	0	1	0
rxn08133	0	1	0	0	0	0	0	1	0
rxn03239	1	0	1	0	0	1	1	1	0
rxn07448	0	0	0	0	0	0	1	1	0
rxn07667	0	0	0	0	0	0	0	0	1
EX_cpd00067	2	2	2	2	2	2	2	2	0
rxn00515	1	1	1	1	1	1	1	1	0
rxn06526	0	1	0	0	1	1	1	1	0
rxn04840	1	0	1	0	1	1	1	1	0
rxn00147	1	1	1	1	1	1	1	1	0
rxn07352	0	0	0	0	0	0	0	0	1
rxn01018	1	1	1	1	1	1	1	1	0
rxn00869	1	1	1	0	1	1	1	1	0
rxn02380	1	1	1	1	1	1	1	1	0
rxn01137	1	1	1	1	1	1	1	1	0
rxn00905	0	1	0	0	0	0	0	1	0
EX_cpd00100	0	0	0	0	0	2	2	2	0
rxn04356	0	0	0	0	0	0	0	0	1
rxn15491	1	1	1	0	1	0	0	1	0
rxn03762	0	0	0	0	0	0	0	1	0
rxn00011	1	1	1	1	1	1	1	1	1
rxn05871	1	1	1	0	1	1	1	1	1
rxn00540	1	1	1	1	1	1	1	1	0
rxn20643	1	1	1	0	1	1	1	1	0
rxn04456	1	0	1	0	0	1	1	1	1
rxn03878	0	0	0	0	0	0	0	0	1
rxn01983	0	1	0	0	0	0	0	1	1
rxn19848	0	1	0	0	0	0	0	1	0
rxn06690	0	0	0	0	0	0	0	1	0
rxn04043	0	0	0	0	0	0	0	1	0
rxn01858	1	1	1	1	1	1	1	1	0
rxn01669	1	1	1	0	1	1	1	1	0
rxn04278	0	0	0	0	0	0	0	1	1
rxn10203	0	1	0	0	1	1	1	1	0
rxn01153	1	1	1	0	1	0	0	1	1
rxn07719	0	0	0	0	0	0	0	0	1
rxn00790	1	1	1	1	1	1	1	1	0
rxn03971	0	0	0	0	0	0	0	1	0
rxn00355	0	0	0	0	0	0	0	1	0
rxn00055	0	0	0	0	0	0	0	1	0
rxn14285	0	0	0	0	0	0	0	0	1
rxn15108	1	1	1	0	1	0	0	1	0
rxn05406	0	0	0	0	0	0	0	1	0
rxn09210	0	0	0	0	0	0	1	1	0
rxn03080	1	1	1	1	1	1	1	1	0
rxn08798	0	1	0	0	1	1	1	1	0
rxn26127	0	1	0	0	0	0	0	1	0
rxn06735	0	0	0	0	0	0	0	1	0
rxn02056	1	1	1	0	0	1	1	1	0
rxn14173	1	0	1	0	0	1	1	1	1
rxn08015	0	0	0	0	0	1	1	1	0
rxn00140	1	1	1	1	1	1	1	1	0
rxn15091	1	1	1	0	1	0	0	1	0
rxn12643	0	0	0	0	0	0	1	1	0
rxn09295	0	1	0	0	1	0	0	1	0
rxn04677	0	0	0	0	0	0	0	1	0
rxn03159	1	1	1	1	1	1	1	1	1
rxn03108	1	0	1	0	0	0	0	1	0
rxn03246	1	0	1	0	0	1	1	1	0
rxn07053	0	0	0	0	0	0	0	1	0
rxn10199	0	0	0	0	0	1	1	1	0
rxn01545	0	1	0	0	1	1	1	1	0
rxn06200	0	1	0	0	0	1	1	1	1
rxn00182	1	1	1	1	1	1	1	1	0
rxn00436	1	0	1	0	0	1	1	1	0
rxn00691	1	1	1	1	1	1	1	1	0
rxn03938	0	0	0	0	0	0	0	0	1
rxn01610	0	0	0	0	0	1	1	1	0
rxn04378	0	0	0	0	0	0	0	0	1
EX_cpd00393	2	2	2	2	2	2	2	2	0
rxn07290	0	0	0	0	0	0	0	0	1
rxn19270	0	1	0	0	0	0	0	1	0
rxn00416	1	1	1	1	1	1	1	1	0
rxn03456	0	0	0	0	0	0	1	1	0
rxn05297	1	1	1	1	1	1	1	1	0
rxn00406	0	0	0	0	0	0	0	0	1
rxn00539	0	0	0	0	0	0	0	1	0
rxn01516	1	1	1	0	1	0	0	1	0
rxn00062	1	1	1	0	1	1	1	1	0
rxn08843	0	1	0	0	1	1	1	1	0
rxn07879	1	1	1	0	1	1	1	1	1
rxn05618	0	0	0	0	0	1	1	1	0
rxn06444	1	1	1	0	1	1	1	1	0
rxn00802	1	1	1	1	1	1	1	1	1
rxn03394	1	0	1	0	0	1	1	1	1
rxn03484	0	0	0	0	0	0	0	0	1
rxn00179	1	1	1	1	1	1	1	1	0
rxn00991	1	0	1	0	1	0	1	1	0
rxn04298	0	0	0	0	0	0	0	0	1
rxn05814	0	0	0	0	0	0	0	1	0
rxn08398	0	1	0	0	0	0	0	1	0
rxn14011	0	1	0	0	0	0	0	1	0
EX_cpd03726	2	2	2	2	2	2	2	2	0
rxn00715	1	1	1	1	1	1	1	1	0
rxn02642	0	0	0	0	0	0	0	1	0
rxn02717	0	0	0	0	0	0	0	0	1
rxn01855	0	0	0	0	0	1	1	1	0
rxn02209	0	1	0	0	1	1	1	1	0
rxn03102	0	1	0	0	0	0	0	1	1
rxn00927	0	1	0	0	1	1	1	1	0
rxn06614	0	1	0	0	0	1	1	1	1
rxn03240	1	1	1	0	0	1	1	1	0
rxn01519	1	0	1	0	0	0	0	1	0
rxn01348	0	1	0	0	0	0	0	1	0
rxn05322	1	1	1	0	1	1	1	1	0
rxn03557	0	0	0	0	0	0	0	0	1
rxn06947	0	1	0	0	0	1	1	1	1
rxn15511	1	1	1	0	1	0	0	1	0
rxn39999	0	1	0	0	0	1	1	1	0
rxn02473	1	0	1	0	0	1	1	1	0
rxn03194	1	1	1	1	1	1	1	1	1
rxn05012	0	0	0	0	0	0	0	1	0
rxn00623	1	1	1	1	1	1	1	1	0
rxn04722	0	0	0	0	0	0	0	0	1
rxn11935	0	1	0	0	0	0	0	1	0
rxn00872	1	0	1	0	1	1	1	1	0
rxn09208	0	0	0	0	0	0	1	1	0
rxn05239	1	1	1	1	1	1	1	1	0
rxn06935	0	0	0	0	0	0	1	1	0
rxn05313	0	0	0	0	0	1	1	1	0
rxn00259	0	0	0	0	0	0	0	1	0
rxn01329	1	0	1	0	1	1	1	1	0
rxn07872	1	0	1	0	0	0	0	1	1
rxn09105	0	1	0	0	1	0	1	1	0
rxn10052	0	0	0	0	0	0	0	1	0
rxn05962	0	1	0	0	0	0	0	1	1
rxn05330	1	1	1	1	1	1	1	1	0
rxn06076	1	1	1	1	1	1	1	1	0
rxn12644	0	0	0	0	0	0	1	1	0
rxn02936	0	1	0	0	0	0	0	1	0
rxn00776	0	0	0	0	0	0	1	1	0
rxn03435	1	1	1	1	1	1	1	1	1
rxn04785	0	0	0	0	0	0	1	1	0
rxn00297	0	0	0	0	0	1	1	1	0
rxn09944	1	0	1	0	0	0	0	1	0
rxn04993	0	0	0	0	0	0	0	0	1
rxn11894	0	0	0	0	0	0	0	0	1
rxn00517	0	1	0	0	0	0	0	1	0
rxn09103	0	1	0	0	1	0	1	1	0
rxn12510	1	1	1	1	1	1	1	1	0
rxn00700	0	0	0	0	0	0	0	1	0
rxn00001	0	1	0	0	1	1	1	1	0
rxn09360	0	0	0	0	0	0	1	1	0
rxn01128	1	1	1	0	1	0	0	1	0
rxn01370	1	1	1	0	1	0	0	1	0
rxn02155	1	1	1	1	1	1	1	1	0
rxn25747	0	1	0	0	0	0	0	1	0
rxn00338	1	1	1	1	1	1	1	1	0
rxn04338	0	0	0	0	0	0	0	0	1
rxn07668	0	0	0	0	0	0	0	0	1
rxn05425	0	0	0	0	0	0	0	1	0
rxn03872	0	0	0	0	0	0	0	1	1
rxn02720	1	0	1	0	0	1	1	1	0
rxn11761	1	1	1	0	1	0	0	1	1
rxn01345	0	1	0	0	0	0	0	1	0
rxn06390	0	0	0	0	0	0	0	0	1
rxn01117	1	1	1	1	1	1	1	1	0
rxn08128	0	1	0	0	1	0	1	1	0
rxn00974	1	1	1	1	1	1	1	1	0
rxn02409	1	1	1	1	1	1	1	1	1
rxn19764	0	1	0	0	0	0	0	1	0
rxn00175	1	1	1	1	1	1	1	1	0
rxn10234	0	1	0	0	1	0	1	1	0
rxn01424	0	1	0	0	0	0	0	1	0
rxn08820	0	1	0	0	1	1	1	1	0
rxn03638	1	0	1	0	0	1	1	1	0
rxn01225	1	1	1	1	1	1	1	1	0
rxn02404	1	1	1	1	1	1	1	1	0
rxn04938	0	1	0	0	1	0	0	1	0
rxn05383	0	0	0	0	0	0	0	1	0
rxn02689	0	0	0	0	0	0	0	0	1
rxn02737	0	0	0	0	0	1	1	1	0
rxn06647	0	1	0	0	0	1	1	1	1
rxn00097	1	1	1	1	1	1	1	1	0
rxn08386	0	1	0	0	0	0	0	1	0
rxn03141	1	1	1	1	1	1	1	1	1
rxn07693	0	0	0	0	0	0	0	0	1
rxn08213	0	0	0	0	0	1	1	1	0
rxn00208	1	1	1	1	1	1	1	1	0
rxn05682	0	0	0	0	0	1	1	1	0
rxn00139	1	1	1	1	1	1	1	1	0
rxn02015	0	0	0	0	0	0	1	1	0
rxn02264	1	0	1	0	1	1	1	1	0
rxn04732	0	0	0	0	0	0	0	0	1
rxn07260	0	0	0	0	0	0	0	0	1
rxn05872	0	1	0	0	1	1	1	1	0
rxn01641	0	0	0	0	0	0	1	1	0
rxn04350	0	0	0	0	0	0	0	0	1
rxn00558	1	1	1	1	1	1	1	1	0
rxn05484	0	0	0	0	0	1	1	1	0
rxn01285	0	0	0	0	0	0	1	1	0
rxn03323	0	0	0	0	0	0	0	1	0
EX_cpd00654	0	0	0	0	0	2	2	2	0
rxn27397	0	1	0	0	0	0	0	1	0
rxn00420	1	0	1	0	1	1	1	1	0
rxn05326	1	1	1	0	1	1	1	1	0
rxn08309	0	1	0	0	1	0	1	1	0
rxn25636	0	1	0	0	0	1	1	1	0
rxn42230	0	1	0	0	0	0	0	1	0
rxn06112	1	1	1	0	1	1	1	1	1
rxn01648	1	0	1	0	0	0	0	1	0
rxn03091	0	0	0	0	0	1	1	1	0
rxn01219	1	1	1	1	1	1	1	1	0
rxn01446	0	1	0	0	0	0	0	1	0
rxn15338	1	0	1	0	0	0	0	1	0
rxn01739	1	1	1	1	1	1	1	1	0
rxn03373	1	1	1	0	1	0	1	1	1
rxn05369	0	0	0	0	0	0	0	1	0
rxn02192	1	0	1	0	0	1	1	1	1
rxn00295	0	1	0	0	1	1	1	1	0
rxn10212	0	1	0	0	1	1	1	1	0
rxn14245	0	1	0	0	0	0	0	1	0
rxn01510	1	1	1	0	1	0	0	1	0
rxn03863	0	0	0	0	0	0	0	0	1
rxn01304	1	1	1	1	1	1	1	1	0
rxn08812	0	1	0	0	1	1	1	1	0
rxn05683	0	0	0	0	0	1	1	1	0
rxn02175	1	1	1	1	1	1	1	1	0
rxn00206	0	1	0	0	1	1	1	1	0
rxn05249	0	1	0	0	1	1	1	1	0
rxn09991	1	0	1	0	0	0	0	1	0
rxn00758	1	1	1	1	1	1	1	1	0
rxn05035	1	0	1	0	0	0	0	1	1
rxn03269	0	1	0	0	1	0	0	1	0
rxn05324	1	1	1	0	1	1	1	1	0
rxn04862	0	0	0	0	0	0	0	0	1
rxn03512	0	0	0	0	0	0	0	1	0
rxn02914	1	1	1	1	1	1	1	1	0
rxn04357	0	0	0	0	0	0	0	0	1
rxn03277	0	0	0	0	0	0	0	0	1
rxn12633	0	0	0	0	0	0	1	1	0
rxn03422	1	1	1	1	1	1	1	1	0
rxn00359	0	1	0	0	0	1	1	1	0
b	0	0	0	0	0	0	0	0	0
rxn07525	0	0	0	0	0	0	0	0	1
rxn00060	1	1	1	1	1	1	1	1	0
rxn01296	0	0	0	0	0	0	0	1	0
rxn08813	0	1	0	0	1	1	1	1	0
rxn14123	1	1	1	0	1	1	1	1	1
rxn01161	0	0	0	0	0	0	1	1	0
rxn00407	1	1	1	1	1	1	1	1	0
rxn10267	0	1	0	0	1	0	1	1	0
rxn07099	1	1	1	0	1	1	1	1	0
rxn01107	0	0	0	0	0	1	1	1	0
rxn16574	1	0	1	0	0	1	1	1	0
rxn05148	1	1	1	1	1	1	1	1	0
rxn08971	0	0	0	0	0	0	1	1	0
rxn05398	0	0	0	0	0	0	0	1	0
rxn03407	0	0	0	0	0	0	0	1	0
rxn03848	0	0	0	0	0	0	1	1	0
rxn01138	1	1	1	0	1	1	1	1	0
rxn01214	0	0	0	0	0	0	0	1	0
rxn02228	0	0	0	0	0	1	1	1	0
rxn15081	1	1	1	0	1	0	0	1	0
rxn00117	1	1	1	1	1	1	1	1	0
rxn04723	0	0	0	0	0	0	0	1	0
EX_cpd00215	2	2	2	2	2	2	2	2	0
rxn05505	0	0	0	0	0	1	1	1	0
rxn07288	0	0	0	0	0	0	0	0	1
rxn07357	0	0	0	0	0	0	0	0	1
rxn10270	0	1	0	0	1	0	1	1	0
rxn02177	0	0	0	0	0	1	1	1	0
rxn04426	0	0	0	0	0	0	0	0	1
rxn08311	0	1	0	0	1	0	1	1	0
rxn02875	1	1	1	0	1	1	1	1	0
rxn00851	1	1	1	1	1	1	1	1	0
rxn07289	0	0	0	0	0	0	0	0	1
rxn00920	0	0	0	0	0	0	0	1	0
rxn03389	0	0	0	0	0	0	0	0	1
rxn09672	1	1	1	1	1	1	1	1	0
rxn00321	0	0	0	0	0	1	1	1	0
EX_cpd00060	2	2	2	2	2	2	2	2	0
rxn05459	0	0	0	0	0	0	0	1	0
rxn02450	0	1	0	0	0	0	0	1	1
rxn00902	1	1	1	1	1	1	1	1	0
rxn00363	1	1	1	0	1	1	1	1	0
EX_cpd00214	0	0	0	0	0	2	2	2	0
rxn47974	0	1	0	0	0	0	0	1	0
rxn08126	0	1	0	0	1	0	1	1	0
rxn11720	0	0	0	0	0	0	0	1	1
rxn04954	1	1	1	1	1	1	1	1	0
rxn06438	1	1	1	0	1	1	1	1	0
rxn11745	0	0	0	0	0	0	0	0	1
rxn00783	0	0	0	0	0	0	0	1	0
rxn02358	1	1	1	0	1	0	0	1	0
rxn02466	0	0	0	0	0	0	0	1	0
rxn15090	1	1	1	0	1	0	0	1	0
rxn00299	1	1	1	1	1	1	1	1	0
rxn05251	0	1	0	0	1	1	1	1	0
rxn08802	0	1	0	0	1	1	1	1	0
rxn12224	0	0	0	0	0	0	1	1	0
rxn06250	0	0	0	0	0	0	0	1	0
rxn00134	0	0	0	0	0	0	0	1	0
rxn06817	1	1	1	0	1	1	1	1	1
rxn10059	0	1	0	0	0	0	0	1	0
rxn01416	1	1	1	1	1	1	1	1	0
rxn00712	1	1	1	0	1	0	0	1	0
rxn20508	0	1	0	0	0	0	0	1	0
rxn11526	0	0	0	0	0	0	0	0	1
rxn15114	1	1	1	0	1	0	0	1	0
rxn12707	0	1	0	0	0	0	0	1	0
rxn00048	1	1	1	1	1	1	1	1	1
rxn09211	0	0	0	0	0	0	1	1	0
rxn00262	1	1	1	1	1	1	1	1	0
rxn10995	0	1	0	0	0	1	1	1	0
rxn01216	0	0	0	0	0	0	0	1	0
rxn03903	1	1	1	1	1	1	1	1	0
rxn05303	1	1	1	1	1	1	1	1	0
rxn00291	1	1	1	1	1	1	1	1	0
rxn14259	0	0	0	0	0	0	0	0	1
rxn12637	0	0	0	0	0	0	1	1	0
rxn00258	0	1	0	0	0	0	0	1	0
rxn14003	1	1	1	1	1	1	1	1	0
rxn10295	0	0	0	0	0	1	1	1	0
EX_cpd00054	2	2	2	2	2	2	2	2	0
rxn13999	0	0	0	0	0	0	0	0	1
EX_cpd00023	2	2	2	2	2	2	2	2	0
rxn08295	0	1	0	0	1	1	1	1	0
rxn08020	0	0	0	0	0	1	1	1	0
rxn05040	1	0	1	0	0	1	1	1	0
rxn01156	1	1	1	0	1	0	0	1	1
rxn10404	0	1	0	0	0	0	0	1	0
rxn02353	0	0	0	0	0	1	1	1	0
rxn16141	0	1	0	0	0	1	1	1	0
rxn07741	0	0	0	0	0	0	0	0	1
rxn01977	1	1	1	1	1	1	1	1	0
rxn02339	0	0	0	0	0	0	1	1	0
rxn05402	0	0	0	0	0	0	0	1	0
rxn02107	0	0	0	0	0	0	0	1	0
EX_cpd00065	2	2	2	2	2	2	2	2	0
rxn08924	1	1	1	1	1	1	1	1	0
rxn14120	1	0	1	0	0	0	0	1	1
rxn23043	0	1	0	0	0	0	0	1	0
rxn00138	1	1	1	1	1	1	1	1	0
rxn11585	0	0	0	0	0	0	1	1	0
rxn06968	0	1	0	0	0	0	1	1	0
rxn03288	0	1	0	0	0	0	0	1	0
rxn07674	0	0	0	0	0	0	0	0	1
rxn08894	0	1	0	0	0	1	1	1	0
rxn11749	1	1	1	0	1	0	0	1	1
rxn07777	0	0	0	0	0	0	0	0	1
rxn03167	1	1	1	1	1	1	1	1	0
rxn01256	1	0	1	0	0	1	1	1	0
rxn01964	1	1	1	1	1	1	1	1	0
rxn01106	1	1	1	1	1	1	1	1	0
rxn00669	0	0	0	0	0	0	0	1	0
rxn01133	0	1	0	0	1	1	1	1	0
rxn04727	0	0	0	0	0	0	0	1	0
rxn20631	0	1	0	0	0	0	0	1	0
rxn03990	0	1	0	0	0	1	1	1	0
rxn03578	0	0	0	0	0	0	0	0	1
rxn06182	0	1	0	0	0	1	1	1	1
rxn07287	0	0	0	0	0	0	0	0	1
rxn06488	0	0	0	0	0	1	1	1	0
rxn10021	0	1	0	0	0	0	0	1	0
rxn07992	0	1	0	0	0	1	1	1	0
rxn02795	0	0	0	0	0	0	1	1	0
rxn01956	0	0	0	0	0	0	0	1	0
rxn03746	0	0	0	0	0	0	0	0	1
rxn07056	0	1	0	0	0	1	1	1	1
rxn04725	0	0	0	0	0	0	0	0	1
EX_cpd15302	0	2	0	0	2	0	2	2	0
rxn10091	0	1	0	0	0	0	0	1	0
rxn04560	0	0	0	0	0	0	0	0	1
rxn01169	1	1	1	1	1	1	1	1	0
rxn10236	0	1	0	0	1	0	1	1	0
rxn02286	1	1	1	0	1	1	1	1	0
rxn10192	0	0	0	0	0	1	1	1	0
rxn02045	0	0	0	0	0	0	0	1	0
rxn00409	1	1	1	1	1	1	1	1	0
EX_cpd00017	2	2	2	2	2	2	2	2	0
rxn04736	1	1	1	0	1	1	1	1	1
rxn03485	0	0	0	0	0	0	0	1	0
rxn08796	0	1	0	0	1	1	1	1	0
rxn01331	1	1	1	1	1	1	1	1	0
rxn07285	0	0	0	0	0	0	0	0	1
rxn07882	1	1	1	0	0	1	1	1	1
rxn01215	0	0	0	0	0	0	0	1	0
rxn01241	1	1	1	1	1	1	1	1	0
rxn03146	1	1	1	1	1	1	1	1	0
rxn01985	0	1	0	0	0	0	0	1	0
rxn01008	1	0	1	0	0	1	1	1	0
rxn08801	0	1	0	0	1	1	1	1	0
rxn00302	1	1	1	1	1	1	1	1	1
rxn02230	0	1	0	0	0	0	0	1	0
rxn04000	0	0	0	0	0	0	0	1	0
rxn25718	0	1	0	0	0	1	1	1	0
rxn02313	0	0	0	0	0	0	0	0	1
rxn10220	0	1	0	0	1	0	1	1	0
rxn04735	0	0	0	0	0	0	0	0	1
rxn21860	0	1	0	0	0	0	0	1	0
rxn03148	0	0	0	0	0	0	0	0	1
rxn02233	0	0	0	0	0	0	0	0	1
rxn01643	1	1	1	1	1	1	1	1	0
rxn03654	1	0	1	0	0	0	0	1	0
rxn02548	0	0	0	0	0	1	1	1	0
rxn11653	0	0	0	0	0	0	0	0	1
rxn01544	0	0	0	0	0	1	1	1	0
rxn05350	1	1	1	1	1	1	1	1	0
rxn16829	1	0	1	0	0	1	1	1	0
rxn02949	1	1	1	0	0	1	1	1	0
rxn00412	1	1	1	1	1	1	1	1	0
rxn00926	1	1	1	1	1	1	1	1	0
rxn02540	1	1	1	0	1	1	1	1	0
rxn12847	0	1	0	0	1	1	1	1	0
rxn00459	1	1	1	1	1	1	1	1	0
rxn00239	1	1	1	1	1	1	1	1	0
rxn00855	1	0	1	0	0	1	1	1	0
rxn10296	0	0	0	0	0	1	1	1	0
rxn05300	1	1	1	1	1	1	1	1	0
rxn03991	0	1	0	0	0	1	1	1	0
rxn06672	1	1	1	1	1	1	1	1	0
rxn01457	1	1	1	1	1	1	1	1	0
rxn06671	0	0	0	0	0	0	0	0	1
EX_cpd00048	0	0	0	0	0	2	2	2	0
rxn06750	0	0	0	0	0	0	0	1	0
rxn33959	0	1	0	0	0	0	0	1	0
rxn08808	0	1	0	0	1	1	1	1	0
rxn10262	0	1	0	0	1	0	1	1	0
rxn00300	1	0	1	0	0	1	1	1	0
rxn14156	1	0	1	0	0	0	0	1	1
rxn25279	0	1	0	0	0	1	1	1	0
rxn00405	1	1	1	0	1	1	1	1	0
rxn10237	0	1	0	0	1	0	1	1	0
rxn06037	0	0	0	0	0	0	0	1	0
rxn03031	1	1	1	1	1	1	1	1	0
rxn03517	1	1	1	0	1	1	1	1	0
rxn04916	1	1	1	0	1	1	1	1	1
rxn05652	1	1	1	1	1	1	1	1	0
rxn14333	0	1	0	0	0	0	0	1	0
rxn00502	1	0	1	0	0	1	1	1	1
rxn03388	0	0	0	0	0	0	0	0	1
rxn00278	1	1	1	1	1	1	1	1	0
rxn10110	0	1	0	0	0	0	0	1	0
rxn03245	1	1	1	0	1	1	1	1	0
rxn00248	1	1	1	1	1	1	1	1	0
rxn14059	1	0	1	0	0	0	0	1	1
rxn04113	1	0	1	0	1	1	1	1	1
rxn01127	1	1	1	1	1	1	1	1	0
rxn14335	0	0	0	0	0	0	0	0	1
rxn01662	0	0	0	0	0	0	1	1	0
rxn07439	1	1	1	0	1	0	0	1	0
rxn08521	1	0	1	0	1	1	1	1	0
rxn04809	1	1	1	0	1	1	1	1	1
rxn00474	1	1	1	1	1	1	1	1	0
rxn00438	1	1	1	1	1	1	1	1	0
rxn13975	1	0	1	0	0	0	0	1	1
rxn08556	0	0	0	0	0	0	0	1	0
rxn00612	1	1	1	1	1	1	1	1	0
rxn04068	0	0	0	0	0	0	1	1	0
rxn13688	0	1	0	0	0	1	1	1	0
rxn00210	0	0	0	0	0	0	0	1	0
rxn08607	0	1	0	0	0	0	0	1	0
rxn14246	0	0	0	0	0	0	0	1	0
rxn10255	0	1	0	0	1	1	1	1	0
rxn00992	1	1	1	1	1	1	1	1	0
rxn08137	0	0	0	0	0	0	0	1	0
rxn01706	1	1	1	0	1	0	0	1	0
rxn02596	1	1	1	1	1	1	1	1	0
rxn05344	1	1	1	1	1	1	1	1	0
rxn06347	0	1	0	0	0	1	1	1	0
rxn00307	1	1	1	0	1	0	0	1	0
rxn04269	0	0	0	0	0	0	0	0	1
rxn01997	1	1	1	1	1	1	1	1	0
rxn08766	1	1	1	0	1	1	1	1	0
rxn00883	1	1	1	1	1	1	1	1	0
rxn03860	0	0	0	0	0	0	0	1	0
rxn03248	1	1	1	1	1	1	1	1	0
rxn02317	0	1	0	0	0	0	0	1	0
rxn14167	0	1	0	0	0	0	1	1	0
rxn07575	0	0	0	0	0	0	0	0	1
rxn09562	0	0	0	0	0	0	0	1	0
rxn00840	1	1	1	1	1	1	1	1	1
rxn07675	0	0	0	0	0	0	0	0	1
rxn02315	0	1	0	0	0	0	0	1	0
rxn00881	1	1	1	1	1	1	1	1	0
rxn10216	0	1	0	0	1	1	1	1	0
rxn12154	0	1	0	0	0	0	0	1	0
rxn10432	0	1	0	0	0	0	0	1	0
EX_cpd00119	2	2	2	2	2	2	2	2	0
rxn04694	0	0	0	0	0	0	0	0	1
rxn00148	1	1	1	1	1	1	1	1	0
rxn07951	0	0	0	0	0	1	1	1	0
rxn01925	1	0	1	0	1	1	1	1	1
EX_cpd00039	2	2	2	2	2	2	2	2	0
rxn21009	0	1	0	0	0	1	1	1	0
rxn08849	0	1	0	0	1	1	1	1	0
rxn01123	1	1	1	0	1	1	1	1	0
rxn23713	0	1	0	0	0	0	0	1	0
rxn03925	0	0	0	0	0	0	0	0	1
rxn05333	1	0	1	0	1	0	0	1	0
rxn00500	1	1	1	1	1	1	1	1	0
rxn00649	1	1	1	1	1	1	1	1	0
rxn02465	1	1	1	1	1	1	1	1	0
rxn03607	1	1	1	1	1	1	1	1	0
rxn09207	0	0	0	0	0	0	1	1	0
rxn09678	1	1	1	1	1	1	1	1	0
rxn08394	0	1	0	0	0	0	0	1	0
rxn05937	0	1	0	0	0	1	1	1	0
rxn11710	0	1	0	0	0	0	0	1	0
rxn03005	1	1	1	1	1	1	1	1	1
rxn04873	1	1	1	0	1	1	1	1	1
rxn00808	1	1	1	1	1	1	1	1	0
rxn11960	1	0	1	0	0	0	0	1	0
rxn03610	1	1	1	1	1	1	1	1	0
rxn00909	0	1	0	0	0	0	0	1	0
rxn05347	1	1	1	1	1	1	1	1	0
rxn01247	0	1	0	0	0	0	1	1	0
rxn00506	0	0	0	0	0	1	1	1	0
rxn08892	0	1	0	0	0	1	1	1	0
rxn01354	1	1	1	1	1	1	1	1	1
rxn03908	1	1	1	1	1	1	1	1	0
rxn15296	1	1	1	0	1	0	0	1	0
rxn02497	0	0	0	0	0	0	1	1	0
rxn02882	0	1	0	0	0	0	1	1	1
rxn00188	0	1	0	0	0	0	1	1	0
rxn14262	0	0	0	0	0	0	0	0	1
rxn04337	0	0	0	0	0	0	0	0	1
rxn06098	0	0	0	0	0	0	0	1	0
rxn16623	0	1	0	0	0	1	1	1	0
rxn03951	1	1	1	1	1	1	1	1	0
rxn11537	0	0	0	0	0	0	0	0	1
rxn02518	1	0	1	0	0	0	0	1	0
rxn01975	1	1	1	1	1	1	1	1	0
rxn07881	0	0	0	0	0	0	0	0	1
rxn01022	0	0	0	0	0	0	0	0	1
rxn00411	0	1	0	0	0	0	0	1	0
rxn01101	1	1	1	1	1	1	1	1	0
rxn11774	1	1	1	0	1	1	1	1	1
rxn04139	1	0	1	0	1	1	1	1	1
rxn02229	1	1	1	0	1	1	1	1	1
rxn07662	0	0	0	0	0	0	0	0	1
rxn10235	0	1	0	0	1	0	1	1	0
rxn04352	0	0	0	0	0	0	0	0	1
rxn01171	1	1	1	1	1	1	1	1	1
rxn22483	0	1	0	0	0	1	1	1	0
EX_cpd00797	0	0	0	0	0	2	2	2	0
rxn00190	0	0	0	0	0	0	0	1	0
rxn01799	0	1	0	0	0	0	0	1	0
rxn00797	0	1	0	0	0	0	0	1	0
rxn03970	0	0	0	0	0	0	0	1	0
rxn02889	1	0	1	0	1	1	1	1	0
rxn07979	0	0	0	0	0	0	0	1	0
rxn02137	0	0	0	0	0	0	0	0	1
rxn09003	0	0	0	0	0	0	1	1	0
rxn05561	0	0	0	0	0	1	1	1	0
rxn00673	0	0	0	0	0	1	1	1	0
rxn00943	1	1	1	0	1	1	1	1	0
rxn16776	1	1	1	0	1	1	1	1	0
rxn00650	1	1	1	1	1	1	1	1	0
rxn01278	0	0	0	0	0	1	1	1	0
rxn07491	0	0	0	0	0	0	0	0	1
rxn08000	0	1	0	0	0	0	0	1	0
rxn07280	0	0	0	0	0	0	0	0	1
rxn03571	0	0	0	0	0	0	0	0	1
rxn00137	1	1	1	1	1	1	1	1	0
rxn07449	0	0	0	0	0	0	0	1	0
rxn03247	1	1	1	0	1	1	1	1	0
rxn00414	1	1	1	1	1	1	1	1	0
rxn11548	1	0	1	0	0	1	1	1	1
rxn05421	0	0	0	0	0	0	0	1	0
rxn10205	0	1	0	0	1	1	1	1	0
rxn02527	0	0	0	0	0	0	0	0	1
rxn14200	0	0	0	0	0	0	0	0	1
rxn03264	1	1	1	1	1	1	1	1	0
rxn01569	0	0	0	0	0	0	1	1	0
rxn01684	0	1	0	0	0	0	0	1	0
rxn06075	1	1	1	1	1	1	1	1	0
rxn02516	0	0	0	0	0	0	1	1	0
rxn02138	1	1	1	0	1	0	0	1	1
rxn12666	1	1	1	1	1	1	1	1	0
rxn16611	0	1	0	0	0	1	1	1	0
rxn01588	0	0	0	0	0	0	0	0	1
rxn00973	1	1	1	1	1	1	1	1	0
rxn04037	1	1	1	0	1	1	1	1	1
rxn12052	0	1	0	0	0	1	1	1	0
rxn01160	1	0	1	0	0	1	1	1	1
rxn09197	0	1	0	0	1	0	1	1	0
rxn03563	0	1	0	0	0	0	0	1	0
rxn00866	0	0	0	0	0	0	0	1	0
rxn04096	1	0	1	0	0	1	1	1	0
rxn26147	0	1	0	0	0	1	1	1	0
rxn09010	0	1	0	0	0	0	0	1	0
rxn01403	0	0	0	0	0	0	0	1	0
rxn01368	1	1	1	1	1	1	1	1	0
rxn03663	1	0	1	0	0	1	1	1	0
rxn11663	1	1	1	1	1	1	1	1	1
rxn00849	1	1	1	1	1	1	1	1	0
rxn08547	0	1	0	0	1	1	1	1	0
rxn08605	0	1	0	0	0	1	1	1	0
rxn01365	0	1	0	0	0	0	1	1	0
rxn08528	0	0	0	0	0	0	1	1	0
rxn03241	1	1	1	0	0	1	1	1	0
rxn08756	0	0	0	0	0	0	0	1	0
rxn02128	1	1	1	0	1	0	1	1	0
rxn05332	1	0	1	0	1	0	0	1	0
rxn00290	1	1	1	1	1	1	1	1	0
rxn02277	1	1	1	0	1	1	1	1	0
rxn05873	0	1	0	0	0	0	0	1	0
rxn04345	0	0	0	0	0	0	0	0	1
rxn08941	0	0	0	0	0	0	0	1	0
rxn02895	1	1	1	1	1	1	1	1	0
rxn00676	1	1	1	1	1	1	1	1	0
rxn07199	0	1	0	0	0	1	1	1	0
rxn03668	1	1	1	0	1	1	1	1	1
rxn01750	0	0	0	0	0	0	0	1	0
rxn02200	1	1	1	1	1	1	1	1	0
EX_cpd00971	0	2	0	0	0	2	2	2	0
rxn14103	0	0	0	0	0	0	0	0	1
rxn06434	1	1	1	0	1	1	1	1	0
rxn00392	1	0	1	0	0	1	1	1	0
rxn10293	0	0	0	0	0	1	1	1	0
rxn11649	0	0	0	0	0	0	0	0	1
rxn25750	0	1	0	0	0	0	0	1	0
rxn08823	0	1	0	0	1	1	1	1	0
rxn05340	1	1	1	0	1	1	1	1	0
rxn04872	1	1	1	0	1	1	1	1	1
rxn02749	1	0	1	0	0	0	0	1	1
rxn00993	1	0	1	0	0	1	1	1	0
rxn01200	1	1	1	1	1	1	1	1	1
rxn01100	1	1	1	1	1	1	1	1	0
rxn01023	0	0	0	0	0	0	0	1	0
rxn05736	0	1	0	0	1	1	1	1	0
rxn00569	0	1	0	0	1	0	0	1	0
rxn01653	1	0	1	0	1	1	1	1	0
rxn01647	0	1	0	0	0	0	0	1	0
rxn10268	0	1	0	0	1	0	1	1	0
rxn08803	0	1	0	0	1	1	1	1	0
rxn10207	0	1	0	0	1	1	1	1	0
rxn01408	0	0	0	0	0	0	0	1	0
rxn03690	1	0	1	0	0	0	0	1	0
rxn04347	0	0	0	0	0	0	0	0	1
rxn14359	0	1	0	0	0	0	1	1	0
rxn03976	1	0	1	0	0	0	0	1	0
rxn10405	0	1	0	0	0	0	0	1	0
rxn00653	0	0	0	0	0	1	1	1	0
rxn07949	0	0	0	0	0	1	1	1	0
rxn13984	0	0	0	0	0	0	0	0	1
rxn06412	0	1	0	0	0	0	1	1	0
rxn05596	0	0	0	0	0	1	1	1	0
rxn09240	0	0	0	0	0	0	0	1	0
rxn06298	0	1	0	0	0	1	1	1	1
rxn02834	1	0	1	0	1	0	0	1	0
rxn04749	0	0	0	0	0	0	0	0	1
rxn00786	1	1	1	1	1	1	1	1	0
rxn01747	1	0	1	0	0	1	1	1	1
rxn02475	1	0	1	0	0	1	1	1	0
rxn25518	0	1	0	0	0	0	1	1	0
rxn01504	1	0	1	0	1	1	1	1	0
rxn07997	0	1	0	0	0	0	0	1	0
rxn06090	1	1	1	0	1	1	1	1	0
rxn13952	0	0	0	0	0	0	0	1	0
rxn01615	0	1	0	0	1	1	1	1	0
rxn03904	1	1	1	1	1	1	1	1	0
rxn01952	0	0	0	0	0	0	0	0	1
rxn00509	0	1	0	0	0	1	1	1	0
rxn11556	0	0	0	0	0	0	0	0	1
rxn11759	0	1	0	0	0	0	0	1	0
rxn02735	0	0	0	0	0	0	0	0	1
rxn00209	1	1	1	1	1	1	1	1	0
rxn04678	0	1	0	0	0	0	0	1	0
rxn05831	0	1	0	0	0	0	0	1	0
rxn03671	1	1	1	0	1	1	1	1	1
rxn21857	0	1	0	0	0	1	1	1	0
rxn21864	1	1	1	0	1	0	0	1	0
rxn10221	0	1	0	0	1	0	1	1	0
rxn01674	1	1	1	0	1	0	0	1	0
rxn01484	1	0	1	0	1	1	1	1	0
rxn00986	1	1	1	1	1	1	1	1	1
rxn01573	1	1	1	1	1	1	1	1	0
rxn01678	1	1	1	1	1	1	1	1	0
rxn05365	0	0	0	0	0	0	0	1	0
rxn01604	0	0	0	0	0	0	0	1	0
rxn02356	1	1	1	0	1	0	0	1	0
rxn02547	0	1	0	0	0	0	0	1	0
rxn21862	0	1	0	0	0	0	0	1	0
rxn15007	1	1	1	0	0	1	1	1	0
rxn12641	0	0	0	0	0	0	1	1	0
rxn00285	1	1	1	1	1	1	1	1	0
rxn04908	1	1	1	0	1	1	1	1	1
rxn02008	1	1	1	1	1	1	1	1	0
rxn00102	1	1	1	0	1	1	1	1	0
rxn02796	0	0	0	0	0	0	1	1	0
rxn25456	0	1	0	0	0	0	1	1	0
rxn02288	1	1	1	1	1	1	1	1	0
rxn01825	1	1	1	1	1	1	1	1	0
rxn02135	0	0	0	0	0	0	0	0	1
rxn01974	1	1	1	1	1	1	1	1	0
rxn02041	0	0	0	0	0	0	1	1	0
rxn01073	1	1	1	1	1	1	1	1	0
EX_cpd00211	0	0	0	0	0	2	2	2	0
rxn08444	0	1	0	0	0	0	1	1	0
rxn14378	0	0	0	0	0	0	0	0	1
rxn10264	0	1	0	0	1	0	1	1	0
rxn21014	0	1	0	0	0	0	0	1	0
rxn12101	0	0	0	0	0	0	0	0	1
rxn09200	0	1	0	0	1	0	1	1	0
rxn05388	0	0	0	0	0	0	0	1	0
EX_cpd00053	2	2	2	2	2	2	2	2	0
rxn08002	0	1	0	0	0	0	0	1	0
rxn04016	0	0	0	0	0	1	1	1	0
rxn01316	0	0	0	0	0	0	0	1	0
rxn03249	1	0	1	0	0	1	1	1	0
rxn04903	1	1	1	0	1	1	1	1	1
rxn00490	1	1	1	0	0	1	1	1	1
rxn24830	0	1	0	0	0	0	1	1	0
rxn00586	0	1	0	0	0	0	0	1	0
rxn16583	1	1	1	0	1	1	1	1	0
rxn07875	0	0	0	0	0	0	0	1	0
rxn15021	1	1	1	0	1	0	0	1	0
rxn02182	0	0	0	0	0	0	0	1	0
rxn06633	0	1	0	0	0	1	1	1	1
rxn03406	0	1	0	0	1	0	0	1	0
rxn05645	1	1	1	1	1	1	1	1	0
rxn03880	0	0	0	0	0	0	0	0	1
rxn00428	0	1	0	0	0	0	1	1	0
rxn02792	0	1	0	0	0	0	0	1	0
rxn02818	0	0	0	0	0	0	0	1	0
rxn07676	0	0	0	0	0	0	0	0	1
rxn03333	1	1	1	0	1	1	1	1	1
rxn00533	1	0	1	0	1	1	1	1	0
rxn01644	0	0	0	0	0	0	1	1	0
rxn11968	1	1	1	0	1	0	0	1	1
rxn05116	1	0	1	0	1	0	0	1	0
rxn15334	1	0	1	0	0	1	1	1	0
rxn06664	0	0	0	0	0	0	0	0	1
rxn07589	0	0	0	0	0	0	1	1	0
rxn00254	0	0	0	0	0	0	0	0	1
rxn04692	0	0	0	0	0	0	0	0	1
rxn13668	0	1	0	0	0	0	0	1	0
rxn03874	0	1	0	0	0	1	1	1	0
rxn08413	0	1	0	0	0	1	1	1	0
rxn10229	0	0	0	0	0	0	1	1	0
rxn03181	1	1	1	1	1	1	1	1	0
rxn02541	0	0	0	0	0	0	0	0	1
rxn00288	0	0	0	0	0	0	1	1	0
rxn11550	0	1	0	0	0	1	1	1	1
rxn15293	1	1	1	0	1	0	0	1	0
rxn01301	1	0	1	0	0	1	1	1	0
rxn14030	0	0	0	0	0	0	0	0	1
rxn00345	0	1	0	0	0	1	1	1	1
rxn07864	0	0	0	0	0	0	0	0	1
rxn00348	0	1	0	0	0	1	1	1	0
rxn04348	0	0	0	0	0	0	0	0	1
rxn02026	0	0	0	0	0	0	0	1	0
rxn01872	1	0	1	0	1	1	1	1	0
rxn07430	1	1	1	1	1	1	1	1	1
rxn18936	0	1	0	0	0	0	0	1	0
rxn14127	0	0	0	0	0	0	0	0	1
rxn01869	0	1	0	0	0	0	0	1	0
rxn00274	1	1	1	1	1	1	1	1	0
rxn07100	0	0	0	0	0	0	0	1	0
rxn03426	1	1	1	0	1	0	0	1	1
rxn01513	1	1	1	1	1	1	1	1	0
rxn00336	1	1	1	1	1	1	1	1	0
rxn04660	0	0	0	0	0	0	0	0	1
rxn01682	1	1	1	1	1	1	1	1	0
rxn02283	0	0	0	0	0	0	1	1	0
rxn01211	1	0	1	0	0	1	1	1	0
rxn07578	1	0	1	0	0	0	0	1	0
rxn01016	1	0	1	0	0	0	0	1	1
rxn03289	0	0	0	0	0	0	0	1	0
rxn16609	1	1	1	0	1	1	1	1	0
rxn03747	0	0	0	0	0	0	0	0	1
rxn04810	1	1	1	0	1	1	1	1	1
rxn00566	1	0	1	0	0	1	1	1	0
rxn01530	1	1	1	0	1	1	1	1	1
rxn02679	1	0	1	0	1	1	1	1	0
rxn07368	0	0	0	0	0	0	0	0	1
rxn09690	1	1	1	1	1	1	1	1	0
rxn08979	0	1	0	0	0	1	1	1	0
rxn07669	0	0	0	0	0	0	0	0	1
rxn11893	0	0	0	0	0	0	0	0	1
rxn01555	0	1	0	0	1	1	1	1	0
rxn00561	0	0	0	0	0	0	0	1	0
rxn14248	1	0	1	0	0	0	0	1	1
rxn00950	0	0	0	0	0	0	1	1	0
rxn04704	1	1	1	1	1	1	1	1	0
rxn01539	1	0	1	0	0	1	1	1	0
rxn00946	1	0	1	0	1	1	1	1	0
rxn00172	0	0	0	0	0	0	0	1	0
rxn00771	0	0	0	0	0	0	0	1	0
rxn02504	1	1	1	1	1	1	1	1	0
rxn05494	0	0	0	0	0	1	1	1	0
rxn03842	0	0	0	0	0	0	0	1	0
rxn00709	1	1	1	1	1	1	1	1	0
rxn02415	1	0	1	0	0	1	1	1	1
rxn02974	0	0	0	0	0	0	0	0	1
rxn10263	0	1	0	0	1	0	1	1	0
rxn12645	0	0	0	0	0	0	1	1	0
rxn04887	1	1	1	0	1	1	1	1	1
rxn15121	1	1	1	0	1	0	0	1	0
rxn05581	0	0	0	0	0	1	1	1	0
rxn03297	0	0	0	0	0	0	0	0	1
rxn04737	0	0	0	0	0	0	0	1	0
rxn05460	0	0	0	0	0	0	0	1	0
rxn05345	1	1	1	1	1	1	1	1	0
rxn14394	0	0	0	0	0	0	0	0	1
rxn09657	1	1	1	1	1	1	1	1	0
rxn01477	1	1	1	1	1	1	1	1	0
rxn08300	0	1	0	0	1	1	1	1	0
rxn05400	0	0	0	0	0	0	0	1	0
rxn01334	1	1	1	1	1	1	1	1	0
rxn02629	1	1	1	0	1	1	1	1	1
rxn02693	0	0	0	0	0	0	0	1	0
EX_cpd00036	0	0	0	0	0	2	2	2	0
rxn02275	1	0	1	0	0	1	1	1	0
rxn07884	1	1	1	0	1	0	0	1	1
rxn00513	1	0	1	0	1	1	1	1	0
rxn12635	0	0	0	0	0	0	1	1	0
rxn09244	0	0	0	0	0	0	1	1	0
rxn12846	0	1	0	0	1	1	1	1	0
EX_cpd00110	0	2	0	0	0	2	2	2	0
rxn05124	1	0	1	0	0	1	1	1	0
rxn07987	0	1	0	0	0	1	1	1	0
rxn07688	0	0	0	0	0	0	0	1	0
rxn02986	1	0	1	0	0	1	1	1	0
rxn06206	0	1	0	0	0	1	1	1	0
EX_cpd00108	0	0	0	0	0	2	2	2	0
rxn00910	1	1	1	1	1	1	1	1	0
rxn02169	1	0	1	0	0	1	1	1	1
rxn02495	0	1	0	0	0	0	1	1	0
rxn07436	1	1	1	0	1	1	1	1	0
rxn10406	0	1	0	0	0	0	0	1	0
rxn00337	1	1	1	1	1	1	1	1	0
rxn05740	0	0	0	0	0	0	0	1	0
rxn04996	0	0	0	0	0	0	0	1	0
rxn02212	1	1	1	1	1	1	1	1	0
rxn02557	1	0	1	0	0	0	0	1	1
rxn02285	1	1	1	1	1	1	1	1	0
rxn11567	1	1	1	1	1	1	1	1	1
rxn00512	1	0	1	0	0	1	1	1	0
rxn09113	0	1	0	0	1	0	1	1	0
rxn07219	0	0	0	0	0	0	0	0	1
rxn08842	0	1	0	0	1	1	1	1	0
rxn11760	1	1	1	0	1	0	0	1	1
rxn05408	0	0	0	0	0	0	0	1	0
rxn01860	1	0	1	0	0	1	1	1	1
rxn01961	1	1	1	0	1	1	1	1	0
rxn00205	1	0	1	0	1	1	1	1	0
rxn02485	1	0	1	0	0	0	0	1	0
rxn08085	0	1	0	0	1	1	1	1	0
rxn05919	0	0	0	0	0	0	0	1	0
rxn00426	1	1	1	0	1	0	0	1	1
rxn08352	1	0	1	0	1	1	1	1	0
rxn04662	0	0	0	0	0	0	0	0	1
rxn00655	0	0	0	0	0	0	0	1	0
rxn08341	0	1	0	0	0	1	1	1	0
rxn00304	1	1	1	0	1	1	1	1	1
EX_cpd03453	2	2	2	2	2	2	2	2	0
rxn00838	1	1	1	1	1	1	1	1	0
rxn08668	0	1	0	0	1	0	0	1	0
rxn00050	0	0	0	0	0	0	0	0	1
rxn07485	1	1	1	0	1	1	1	1	1
rxn04276	0	0	0	0	0	0	0	0	1
rxn00365	1	1	1	1	1	1	1	1	0
rxn11609	1	1	1	0	1	0	0	1	0
rxn04512	0	0	0	0	0	0	0	0	1
rxn07876	0	0	0	0	0	0	0	1	0
rxn03035	0	0	0	0	0	0	0	1	0
rxn01044	0	0	0	0	0	0	0	1	0
rxn13673	0	1	0	0	0	0	0	1	0
rxn08797	0	1	0	0	1	1	1	1	0
rxn03894	0	1	0	0	0	0	0	1	0
rxn01646	0	1	0	0	0	0	0	1	0
rxn13669	0	1	0	0	0	0	0	1	0
rxn03849	0	0	0	0	0	0	1	1	0
rxn12054	0	1	0	0	0	0	0	1	0
rxn03147	1	1	1	1	1	1	1	1	0
rxn01563	0	1	0	0	0	0	0	1	0
rxn05329	1	0	1	0	1	0	0	1	0
rxn08551	0	1	0	0	1	1	1	1	0
rxn05384	0	0	0	0	0	0	0	1	0
rxn07965	0	0	0	0	0	1	1	1	0
rxn00816	1	1	1	1	1	1	1	1	0
rxn02213	1	1	1	1	1	1	1	1	0
rxn15072	1	1	1	0	1	0	0	1	0
rxn00255	1	1	1	0	1	1	1	1	1
rxn02154	1	1	1	0	1	1	1	1	1
rxn11680	1	1	1	0	1	1	1	1	0
rxn41830	0	1	0	0	0	1	1	1	0
rxn06404	0	1	0	0	0	0	1	1	0
rxn01201	0	1	0	0	0	1	1	1	0
rxn05231	1	1	1	1	1	1	1	1	0
rxn11040	1	1	1	1	1	1	1	1	1
rxn06062	0	0	0	0	0	0	0	1	0
rxn00543	1	1	1	0	1	1	1	1	0
rxn06831	0	1	0	0	0	0	1	1	0
rxn06160	0	0	0	0	0	0	0	1	0
rxn10407	0	1	0	0	0	0	0	1	0
rxn11768	1	1	1	0	1	1	1	1	1
rxn12634	0	0	0	0	0	0	1	1	0
rxn03012	1	1	1	1	1	1	1	1	0
rxn07683	0	1	0	0	0	1	1	1	0
rxn07977	0	0	0	0	0	0	0	1	0
rxn05371	0	0	0	0	0	0	0	1	0
rxn07952	0	0	0	0	0	1	1	1	0
rxn04617	0	0	0	0	0	0	0	0	1
rxn01276	0	0	0	0	0	1	1	1	0
rxn00497	0	0	0	0	0	0	0	1	0
rxn00556	0	1	0	0	0	0	0	1	0
rxn01228	0	1	0	0	0	0	0	1	0
rxn05566	0	0	0	0	0	1	1	1	0
rxn02687	0	0	0	0	0	0	0	1	0
rxn05527	0	0	0	0	0	1	1	1	0
rxn00367	1	1	1	1	1	1	1	1	0
rxn00068	1	1	1	1	1	1	1	1	0
rxn14381	0	0	0	0	0	1	1	1	0
rxn11714	0	1	0	0	0	0	0	1	0
rxn08848	0	1	0	0	1	1	1	1	0
EX_cpd00322	2	2	2	2	2	2	2	2	0
rxn05305	1	1	1	1	1	1	1	1	0
rxn00931	1	1	1	1	1	1	1	1	0
rxn06823	1	1	1	0	0	1	1	1	1
rxn01358	1	1	1	0	1	1	1	1	0
rxn05201	0	0	0	0	0	1	1	1	0
rxn07722	0	0	0	0	0	0	0	0	1
rxn02939	1	1	1	1	1	1	1	1	0
rxn03427	0	0	0	0	0	0	0	0	1
rxn00692	1	1	1	1	1	1	1	1	0
rxn00228	0	0	0	0	0	1	1	1	0
rxn09198	0	1	0	0	1	0	1	1	0
rxn14089	1	1	1	0	1	1	1	1	1
rxn02853	0	0	0	0	0	1	1	1	0
rxn01015	1	0	1	0	1	1	1	1	0
rxn08840	0	1	0	0	1	1	1	1	0
rxn00489	1	1	1	0	1	1	1	1	1
rxn14054	1	1	1	0	1	1	1	1	1
rxn08703	0	1	0	0	1	1	1	1	0
rxn10208	0	1	0	0	1	1	1	1	0
rxn01865	0	0	0	0	0	0	1	1	0
rxn14063	0	1	0	0	0	1	1	1	1
rxn01939	0	1	0	0	0	0	0	1	0
rxn05451	0	0	0	0	0	0	0	1	0
rxn05452	0	0	0	0	0	0	0	1	0
rxn06701	0	1	0	0	0	0	0	1	0
rxn00237	1	1	1	1	1	1	1	1	0
rxn01902	0	1	0	0	0	0	0	1	0
rxn00013	0	0	0	0	0	0	0	1	0
rxn05308	1	1	1	1	1	1	1	1	0
rxn00194	0	0	0	0	0	0	1	1	0
rxn10409	0	1	0	0	0	0	0	1	0
rxn00281	0	0	0	0	0	0	0	0	1
rxn05417	0	0	0	0	0	0	0	1	0
rxn05953	0	0	0	0	0	0	0	1	0
rxn04277	0	0	0	0	0	0	0	0	1
rxn00361	1	1	1	1	1	1	1	1	0
rxn41896	0	1	0	0	0	0	1	1	0
rxn03881	0	0	0	0	0	0	0	0	1
rxn06990	0	1	0	0	0	1	1	1	0
rxn05217	1	1	1	1	1	1	1	1	0
rxn04789	0	1	0	0	0	1	1	1	0
rxn11654	0	0	0	0	0	0	0	0	1
rxn01208	1	1	1	1	1	1	1	1	0
rxn03365	0	0	0	0	0	0	0	1	0
rxn16680	0	1	0	0	0	0	0	1	0
rxn05468	1	1	1	1	1	1	1	1	0
rxn07273	0	0	0	0	0	0	0	0	1
rxn06424	0	0	0	0	0	0	0	0	1
rxn05874	0	1	0	0	0	0	0	1	0
rxn00598	1	1	1	0	1	0	0	1	0
rxn00107	1	1	1	1	1	1	1	1	1
rxn03175	1	1	1	1	1	1	1	1	0
rxn04658	0	0	0	0	0	0	0	1	0
rxn07894	0	0	0	0	0	0	0	0	1
rxn02316	0	1	0	0	0	0	0	1	0
rxn09444	0	1	0	0	0	0	0	1	0
rxn14040	0	1	0	0	0	0	0	1	0
rxn02861	1	1	1	1	1	1	1	1	0
rxn01705	1	1	1	0	1	0	0	1	0
rxn03593	0	0	0	0	0	0	0	0	1
rxn02961	0	0	0	0	0	0	0	1	0
rxn00908	1	1	1	0	1	1	1	1	0
rxn03596	1	1	1	0	1	1	1	1	1
rxn05513	0	0	0	0	0	0	0	0	1
rxn07885	0	0	0	0	0	0	0	1	0
rxn04318	0	0	0	0	0	0	0	0	1
rxn24134	1	0	1	0	0	1	1	1	0
rxn11771	1	0	1	0	0	0	0	1	1
rxn00684	1	0	1	0	0	0	0	1	1
rxn09310	0	0	0	0	0	1	1	1	0
rxn01987	1	1	1	1	1	1	1	1	0
rxn07489	0	0	0	0	0	0	0	0	1
rxn05390	0	0	0	0	0	0	0	1	0
rxn04132	1	1	1	1	1	1	1	1	0
rxn05455	0	0	0	0	0	0	0	1	0
rxn10265	0	1	0	0	1	0	1	1	0
rxn11727	0	0	0	0	0	0	0	1	1
rxn07455	1	0	1	0	0	0	0	1	0
rxn05336	1	1	1	0	1	1	1	1	0
rxn05654	0	0	0	0	0	1	1	1	0
EX_cpd00116	2	2	2	2	2	2	2	2	0
rxn01302	1	0	1	0	0	1	1	1	0
rxn03061	1	0	1	0	0	0	0	1	0
rxn14376	0	0	0	0	0	0	0	0	1
rxn01000	1	1	1	0	1	1	1	1	0
rxn03893	1	1	1	1	1	1	1	1	0
rxn14094	0	0	0	0	0	0	0	0	1
rxn02204	0	0	0	0	0	1	1	1	0
rxn08078	0	0	0	0	0	0	0	1	0
rxn09889	0	1	0	0	0	0	0	1	0
rxn07257	0	0	0	0	0	0	0	0	1
rxn05466	0	0	0	0	0	1	1	1	0
rxn04693	0	0	0	0	0	0	0	0	1
rxn05252	0	1	0	0	1	1	1	1	0
rxn10209	0	1	0	0	1	1	1	1	0
rxn03084	1	1	1	0	1	1	1	1	0
rxn00674	1	1	1	1	1	1	1	1	0
rxn05910	0	1	0	0	0	0	0	1	0
rxn03254	1	0	1	0	0	1	1	1	1
rxn11717	0	1	0	0	0	0	0	1	0
rxn20547	0	1	0	0	0	0	0	1	0
rxn02379	0	1	0	0	0	0	0	1	0
rxn03168	0	0	0	0	0	0	0	0	1
rxn02130	0	0	0	0	0	0	0	1	0
rxn02319	0	1	0	0	1	1	1	1	0
rxn00002	0	0	0	0	0	0	1	1	0
rxn00907	1	0	1	0	0	1	1	1	0
rxn23042	1	1	1	0	1	1	1	1	0
rxn07663	0	0	0	0	0	0	0	0	1
rxn09453	0	1	0	0	0	0	0	1	0
rxn02871	0	1	0	0	0	0	0	1	0
rxn02181	1	1	1	0	1	1	1	1	1
rxn00270	0	0	0	0	0	0	1	1	0
rxn01859	0	1	0	0	0	0	0	1	0
rxn08438	0	0	0	0	0	0	0	1	0
rxn00029	1	1	1	1	1	1	1	1	0
rxn04599	0	1	0	0	0	1	1	1	0
rxn00176	1	1	1	0	1	0	0	1	1
rxn07572	0	0	0	0	0	0	0	0	1
rxn09234	0	0	0	0	0	1	1	1	0
rxn14294	0	0	0	0	0	0	0	1	0
rxn09232	0	0	0	0	0	1	1	1	0
rxn01893	1	0	1	0	0	1	1	1	0
rxn21861	0	1	0	0	0	1	1	1	0
rxn03618	0	0	0	0	0	0	0	1	0
rxn05337	1	1	1	0	1	1	1	1	0
rxn12640	0	0	0	0	0	0	1	1	0
rxn01237	0	0	0	0	0	1	1	1	0
rxn00743	0	1	0	0	1	1	1	1	0
rxn00819	1	1	1	0	1	0	0	1	0
rxn00735	1	1	1	1	1	1	1	1	1
rxn08819	0	1	0	0	1	1	1	1	0
rxn01080	1	1	1	1	1	1	1	1	0
rxn11725	0	0	0	0	0	0	0	1	1
rxn03641	1	0	1	0	0	1	1	1	1
rxn01060	0	0	0	0	0	0	0	0	1
rxn14301	0	0	0	0	0	0	0	1	0
rxn02614	0	0	0	0	0	1	1	1	0
rxn05247	0	1	0	0	1	1	1	1	0
EX_cpd01092	0	0	0	0	0	2	2	2	0
rxn07264	1	0	1	0	0	1	1	1	1
rxn11970	0	0	0	0	0	0	0	0	1
rxn02418	0	0	0	0	0	0	0	1	0
rxn00260	1	1	1	1	1	1	1	1	0
rxn11633	0	0	0	0	0	0	0	0	1
rxn02376	1	1	1	1	1	1	1	1	1
rxn02803	1	0	1	0	1	1	1	1	0
rxn01603	1	1	1	0	1	1	1	1	0
rxn04751	1	1	1	0	0	1	1	1	1
rxn02341	1	0	1	0	0	1	1	1	0
EX_cpd00028	2	2	2	2	2	2	2	2	0
rxn02421	0	0	0	0	0	0	0	1	0
rxn25637	0	1	0	0	0	1	1	1	0
rxn07681	1	1	1	0	1	0	0	1	1
rxn00410	1	1	1	1	1	1	1	1	0
rxn12092	0	0	0	0	0	0	0	0	1
rxn02944	0	0	0	0	0	0	0	1	0
rxn06680	0	1	0	0	0	1	1	1	1
rxn46694	0	1	0	0	0	0	1	1	0
rxn07524	0	0	0	0	0	0	0	0	1
EX_cpd00104	2	2	2	2	2	2	2	2	0
rxn01129	1	1	1	0	1	0	0	1	0
rxn07437	0	1	0	0	0	1	1	1	1
rxn08857	0	1	0	0	0	0	0	1	0
rxn06525	0	1	0	0	0	0	0	1	0
rxn02975	0	0	0	0	0	1	1	1	0
rxn00456	0	1	0	0	0	0	1	1	0
rxn09272	0	1	0	0	1	0	1	1	0
rxn00360	1	1	1	0	1	0	0	1	1
rxn13970	0	0	0	0	0	0	0	0	1
EX_cpd00118	2	2	2	2	2	2	2	2	0
rxn07803	0	0	0	0	0	0	0	0	1
rxn11565	0	0	0	0	0	0	0	0	1
rxn10257	0	1	0	0	1	1	1	1	0
rxn06734	0	0	0	0	0	0	0	1	0
rxn08021	0	0	0	0	0	1	1	1	0
rxn05994	1	1	1	0	1	1	1	1	1
rxn00351	1	1	1	1	1	1	1	1	0
rxn06285	0	1	0	0	0	1	1	1	1
rxn08890	0	1	0	0	1	1	1	1	0
rxn00555	1	1	1	0	1	1	1	1	0
rxn43581	0	1	0	0	0	0	1	1	0
rxn02771	0	0	0	0	0	0	0	0	1
rxn14043	0	0	0	0	0	0	0	0	1
rxn05063	0	0	0	0	0	1	1	1	0
rxn03409	0	1	0	0	1	0	0	1	0
rxn08527	0	0	0	0	0	0	1	1	0
rxn02173	1	1	1	0	1	1	1	1	0
rxn01710	0	1	0	0	0	0	0	1	0
rxn00632	0	0	0	0	0	0	0	0	1
rxn03421	1	1	1	1	1	1	1	1	1
rxn04919	1	1	1	0	1	1	1	1	1
rxn09447	0	1	0	0	0	0	0	1	0
rxn11152	0	1	0	0	0	1	1	1	0
rxn06485	0	1	0	0	0	0	1	1	0
rxn00527	1	1	1	1	1	1	1	1	0
rxn03720	0	0	0	0	0	0	0	0	1
rxn00704	1	1	1	1	1	1	1	1	0
rxn01775	1	0	1	0	1	1	1	1	0
rxn06723	1	1	1	1	1	1	1	1	0
rxn01347	0	1	0	0	0	0	0	1	0
rxn01518	1	1	1	1	1	1	1	1	0
rxn21012	0	1	0	0	0	0	0	1	0
rxn05367	0	0	0	0	0	0	0	1	0
rxn01639	1	1	1	1	1	1	1	1	0
rxn06453	0	0	0	0	0	0	1	1	0
rxn01679	1	1	1	0	1	0	0	1	0
rxn02620	0	0	0	0	0	0	1	1	0
rxn04674	0	1	0	0	1	0	1	1	0
rxn10227	0	0	0	0	0	0	1	1	0
rxn08817	0	1	0	0	1	1	1	1	0
rxn00371	0	0	0	0	0	1	1	1	0
rxn10292	0	0	0	0	0	1	1	1	0
rxn08838	0	1	0	0	1	1	1	1	0
EX_cpd00220	2	2	2	2	2	2	2	2	0
rxn06936	1	1	1	0	1	1	1	1	0
rxn00154	1	1	1	0	1	0	0	1	0
rxn02774	1	0	1	0	0	1	1	1	0
rxn11951	0	0	0	0	0	0	0	0	1
rxn04359	0	0	0	0	0	0	0	0	1
rxn08845	0	1	0	0	1	1	1	1	0
rxn01575	1	1	1	1	1	1	1	1	0
rxn00273	0	1	0	0	0	0	0	1	0
rxn03071	1	0	1	0	0	1	1	1	0
rxn00126	1	1	1	1	1	1	1	1	0
rxn03706	1	1	1	1	1	1	1	1	0
rxn04070	1	1	1	1	1	1	1	1	0
rxn15270	1	0	1	0	0	0	0	1	0
rxn00904	1	0	1	0	0	1	1	1	0
rxn08976	0	1	0	0	0	1	1	1	0
rxn01011	1	1	1	0	0	1	1	1	0
rxn00775	1	1	1	1	1	1	1	1	0
rxn12405	0	0	0	0	0	1	1	1	0
rxn06031	1	1	1	0	1	0	0	1	1
rxn08816	0	1	0	0	1	1	1	1	0
rxn23764	0	1	0	0	0	1	1	1	0
rxn10213	0	1	0	0	1	1	1	1	0
rxn00105	1	1	1	1	1	1	1	1	0
rxn02287	1	0	1	0	0	1	1	1	0
rxn05396	0	0	0	0	0	0	0	1	0
rxn00504	1	0	1	0	0	1	1	1	1
rxn00822	0	0	0	0	0	0	0	1	0
rxn07587	0	0	0	0	0	0	1	1	0
rxn00461	1	1	1	1	1	1	1	1	0
rxn00903	1	1	1	1	1	1	1	1	0
rxn02003	1	1	1	1	1	1	1	1	0
rxn20567	0	1	0	0	0	0	0	1	0
rxn27289	0	1	0	0	0	0	1	1	0
rxn23669	0	1	0	0	0	1	1	1	0
rxn00224	1	1	1	1	1	1	1	1	0
rxn05377	0	0	0	0	0	0	0	1	0
rxn06281	1	1	1	0	1	0	0	1	1
rxn03909	1	1	1	1	1	1	1	1	0
rxn08307	0	1	0	0	1	0	1	1	0
rxn12110	0	0	0	0	0	0	0	0	1
rxn02342	1	1	1	1	1	1	1	1	1
rxn05011	0	0	0	0	0	0	1	1	1
rxn02528	0	0	0	0	0	0	0	0	1
rxn05064	1	1	1	1	1	1	1	1	0
rxn02648	0	0	0	0	0	0	0	0	1
rxn01675	1	1	1	1	1	1	1	1	0
rxn21734	0	1	0	0	0	0	0	1	0
rxn11834	1	1	1	0	1	1	1	1	1
rxn00988	0	0	0	0	0	1	1	1	0
rxn04750	1	0	1	0	0	1	1	1	1
rxn00621	0	0	0	0	0	1	1	1	0
rxn04832	1	1	1	0	1	1	1	1	1
rxn00470	0	0	0	0	0	0	0	1	0
rxn08764	0	1	0	0	0	0	0	1	0
rxn00577	1	1	1	1	1	1	1	1	1
rxn01115	1	1	1	1	1	1	1	1	0
rxn05153	0	0	0	0	0	1	1	1	0
rxn01517	1	1	1	0	1	0	0	1	0
rxn04715	0	0	0	0	0	0	0	0	1
rxn03095	0	0	0	0	0	0	1	1	0
rxn01476	1	1	1	1	1	1	1	1	0
rxn10297	0	0	0	0	0	1	1	1	0
rxn02143	0	0	0	0	0	0	0	1	0
rxn03087	1	0	1	0	0	0	0	1	0
rxn10057	0	1	0	0	0	0	0	1	0
rxn07580	1	1	1	1	1	1	1	1	1
rxn02811	1	1	1	1	1	1	1	1	0
rxn05878	0	1	0	0	0	1	1	1	1
rxn11726	0	0	0	0	0	0	0	1	1
rxn10259	0	1	0	0	1	0	1	1	0
rxn09206	0	0	0	0	0	0	1	1	0
rxn08811	0	1	0	0	1	1	1	1	0
rxn00301	1	1	1	1	1	1	1	1	0
rxn00785	1	1	1	1	1	1	1	1	0
rxn22017	0	1	0	0	0	0	0	1	0
rxn05363	0	0	0	0	0	0	0	1	0
rxn10770	0	1	0	0	1	1	1	1	0
rxn25647	0	1	0	0	0	0	0	1	0
rxn05381	0	0	0	0	0	0	0	1	0
rxn16484	0	1	0	0	0	1	1	1	0
EX_cpd00069	2	2	2	2	2	2	2	2	0
rxn02159	1	1	1	1	1	1	1	1	1
rxn05458	0	0	0	0	0	0	0	1	0
rxn00065	1	1	1	1	1	1	1	1	0
rxn12512	0	0	0	0	0	0	0	1	0
rxn02791	1	1	1	0	1	1	1	1	1
rxn03462	0	1	0	0	1	0	0	1	0
rxn01951	0	1	0	0	0	1	1	1	0
rxn08168	0	1	0	0	0	0	0	1	0
rxn01275	1	1	1	1	1	1	1	1	0
rxn00658	0	0	0	0	0	0	0	1	0
rxn03446	1	1	1	1	1	1	1	1	0
rxn12112	0	0	0	0	0	0	0	0	1
rxn06666	0	0	0	0	0	0	0	1	0
rxn01601	1	0	1	0	0	0	0	1	1
rxn01868	1	1	1	1	1	1	1	1	0
rxn08040	1	1	1	0	1	1	1	1	0
rxn08086	0	1	0	0	1	1	1	1	0
rxn00364	1	1	1	1	1	1	1	1	0
rxn13044	0	1	0	0	0	0	0	1	0
rxn01740	1	1	1	1	1	1	1	1	0
rxn02822	0	1	0	0	0	0	0	1	0
rxn01781	0	1	0	0	0	1	1	1	0
rxn04600	0	1	0	0	0	1	1	1	0
rxn12087	0	0	0	0	0	0	0	0	1
rxn05331	1	1	1	1	1	1	1	1	0
rxn00417	0	0	0	0	0	0	0	0	1
rxn00362	1	0	1	0	0	1	1	1	1
EX_cpd00156	2	2	2	2	2	2	2	2	0
rxn12639	0	0	0	0	0	0	1	1	0
rxn08548	0	1	0	0	1	1	1	1	0
rxn03047	1	1	1	1	1	1	1	1	1
rxn01521	1	1	1	0	1	1	1	1	0
rxn00425	0	0	0	0	0	0	0	0	1
rxn06656	0	0	0	0	0	0	0	0	1
rxn00829	0	0	0	0	0	0	0	1	0
rxn08297	0	1	0	0	1	1	1	1	0
rxn01673	1	1	1	1	1	1	1	1	0
rxn05250	0	1	0	0	1	1	1	1	0
rxn00789	1	1	1	1	1	1	1	1	0
rxn03891	0	0	0	0	0	0	0	1	0
rxn12845	0	1	0	0	1	1	1	1	0
rxn10226	0	0	0	0	0	0	1	1	0
rxn02093	1	1	1	0	1	0	0	1	0
rxn04340	0	0	0	0	0	0	0	0	1
rxn05602	0	0	0	0	0	1	1	1	0
EX_cpd11416	2	2	2	2	2	2	2	2	0
rxn02703	0	0	0	0	0	0	0	1	0
EX_cpd00051	2	2	2	2	2	2	2	2	0
rxn06546	0	1	0	0	0	1	1	1	0
rxn04757	0	0	0	0	0	0	0	1	0
rxn10163	0	0	0	0	0	1	1	1	0
rxn02663	1	0	1	0	0	0	0	1	1
rxn08814	0	1	0	0	1	1	1	1	0
rxn05126	0	0	0	0	0	0	0	1	0
rxn02270	0	0	0	0	0	1	1	1	0
rxn05651	0	0	0	0	0	1	1	1	0
rxn06907	0	0	0	0	0	0	1	1	0
rxn26021	0	1	0	0	0	1	1	1	0
rxn00085	1	1	1	1	1	1	1	1	0
rxn10218	0	1	0	0	1	1	1	1	0
rxn04550	0	0	0	0	0	0	0	0	1
rxn04615	0	0	0	0	0	0	0	0	1
rxn10211	0	1	0	0	1	1	1	1	0
rxn00242	1	0	1	0	0	1	1	1	0
rxn02139	1	0	1	0	0	1	1	1	1
EX_cpd00033	2	2	2	2	2	2	2	2	0
rxn02576	0	0	0	0	0	1	1	1	0
rxn19470	0	1	0	0	0	0	0	1	0
rxn16149	1	1	1	0	1	1	1	1	0
rxn39452	1	0	1	0	0	0	0	1	0
rxn02789	1	1	1	1	1	1	1	1	0
rxn03182	1	1	1	0	1	1	1	1	0
EX_cpd00644	2	2	2	2	2	2	2	2	0
rxn06586	1	0	1	0	1	1	1	1	1
rxn01520	1	1	1	1	1	1	1	1	0
rxn04894	1	1	1	0	1	1	1	1	1
rxn01252	1	1	1	1	1	1	1	1	0
rxn02898	0	0	0	0	0	0	0	1	0
rxn09320	0	0	0	0	0	0	0	1	0
rxn08299	0	1	0	0	1	1	1	1	0
rxn01323	0	0	0	0	0	0	0	0	1
rxn00738	1	0	1	0	0	1	1	1	1
rxn00921	1	0	1	0	0	1	1	1	1
rxn00550	0	0	0	0	0	1	1	1	0
rxn00730	0	0	0	0	0	0	0	1	0
rxn03879	0	0	0	0	0	0	0	0	1
rxn05948	0	0	0	0	0	0	0	1	0
rxn17731	0	1	0	0	0	0	0	1	0
rxn04427	0	0	0	0	0	0	0	0	1
rxn08783	0	0	0	0	0	0	0	1	0
rxn05024	0	0	0	0	0	0	0	1	0
rxn00615	1	1	1	1	1	1	1	1	0
rxn11943	0	1	0	0	0	0	0	1	0
rxn00495	0	0	0	0	0	0	0	1	0
rxn46671	0	1	0	0	0	0	0	1	0
rxn13784	0	0	0	0	0	1	1	1	0
rxn08799	0	1	0	0	1	1	1	1	0
rxn05221	0	0	0	0	0	1	1	1	0
rxn14211	0	0	0	0	0	0	0	0	1
rxn02744	1	0	1	0	0	0	0	1	0
rxn00192	1	1	1	1	1	1	1	1	0
rxn09979	0	1	0	0	0	1	1	1	0
rxn07256	1	0	1	0	0	1	1	1	1
rxn00441	1	1	1	1	1	1	1	1	1
rxn02922	0	1	0	0	0	0	1	1	0
rxn01716	0	0	0	0	0	0	0	0	1
rxn06447	1	1	1	0	1	1	1	1	0
rxn10260	0	1	0	0	1	0	1	1	0
rxn01973	1	1	1	1	1	1	1	1	0
rxn01965	0	0	0	0	0	0	0	0	1
rxn08736	0	0	0	0	0	0	0	1	0
rxn03917	0	1	0	0	0	1	1	1	0
rxn11642	1	0	1	0	0	1	1	1	1
rxn01492	0	0	0	0	0	0	0	1	0
rxn07804	1	0	1	0	0	1	1	1	1
rxn09523	0	1	0	0	0	1	1	1	0
rxn03366	0	0	0	0	0	0	0	1	0
rxn02571	1	1	1	0	1	0	0	1	1
rxn01124	1	1	1	1	1	1	1	1	0
rxn14384	1	0	1	0	0	0	0	1	0
rxn02011	1	1	1	0	1	1	1	1	0
rxn01485	1	1	1	1	1	1	1	1	0
rxn00536	1	1	1	0	1	1	1	1	0
rxn00689	1	0	1	0	0	0	0	1	0
rxn01607	0	0	0	0	0	0	0	1	0
rxn01761	1	0	1	0	1	1	1	1	0
rxn06386	0	0	0	0	0	0	0	1	0
rxn00545	0	1	0	0	1	1	1	1	0
rxn04830	1	1	1	0	1	1	1	1	1
rxn04743	0	0	0	0	0	0	0	0	1
EX_cpd00307	0	0	0	0	0	2	2	2	0
rxn10232	0	1	0	0	1	0	1	1	0
rxn03250	1	1	1	0	1	1	1	1	0
rxn01251	1	1	1	0	1	0	0	1	0
rxn11985	0	1	0	0	0	0	0	1	0
rxn02187	0	0	0	0	0	0	0	1	0
rxn05049	0	0	0	0	0	0	1	1	0
rxn05248	0	1	0	0	1	1	1	1	0
rxn04355	0	0	0	0	0	0	0	0	1
rxn00622	0	1	0	0	0	0	0	1	0
rxn08847	0	1	0	0	1	1	1	1	0
rxn10206	0	1	0	0	1	1	1	1	0
rxn09001	0	0	0	0	0	0	1	1	0
rxn05508	1	1	1	1	1	1	1	1	0
rxn01637	1	1	1	0	1	1	1	1	0
rxn03253	1	0	1	0	1	1	1	1	0
rxn14090	0	0	0	0	0	0	0	1	0
rxn11946	1	0	1	0	0	0	0	1	0
rxn09996	0	0	0	0	0	1	1	1	0
rxn08552	0	1	0	0	1	1	1	1	0
rxn06600	1	1	1	1	1	1	1	1	0
rxn00058	1	1	1	1	1	1	1	1	1
rxn00791	1	1	1	0	1	1	1	1	0
rxn03068	1	1	1	1	1	1	1	1	1
rxn09450	0	0	0	0	0	1	1	1	0
rxn06373	0	0	0	0	0	0	0	0	1
rxn05669	1	1	1	1	1	1	1	1	0
rxn04744	0	0	0	0	0	0	0	1	0
rxn02866	1	0	1	0	1	1	1	1	0
rxn07991	0	1	0	0	0	1	1	1	0
rxn00173	1	1	1	1	1	1	1	1	0
EX_cpd00107	2	2	2	2	2	2	2	2	0
rxn07627	1	0	1	0	0	1	1	1	1
rxn02222	1	0	1	0	0	1	1	1	0
rxn12191	0	1	0	0	1	1	1	1	1
rxn05342	1	1	1	0	1	1	1	1	0
EX_cpd00218	2	2	2	2	2	2	2	2	0
rxn14278	1	0	1	0	0	0	0	1	1
rxn00391	1	0	1	0	0	0	0	1	0
rxn00587	1	1	1	1	1	1	1	1	0
rxn05375	0	0	0	0	0	0	0	1	0
rxn06435	1	1	1	0	1	1	1	1	0
rxn04384	1	0	1	0	1	1	1	1	0
rxn01629	1	1	1	0	1	1	1	1	0
rxn06937	1	1	1	1	1	1	1	1	0
rxn20472	0	1	0	0	0	0	1	1	0
rxn00006	1	1	1	1	1	1	1	1	0
rxn40037	1	1	1	0	1	1	1	1	0
rxn08083	0	1	0	0	1	1	1	1	0
rxn03867	0	0	0	0	0	0	0	0	1
rxn00171	1	1	1	0	1	1	1	1	0
rxn09345	1	1	1	1	1	1	1	1	1
rxn06099	0	0	0	0	0	1	1	1	0
rxn05209	0	0	0	0	0	1	1	1	0
rxn23336	1	1	1	0	1	0	0	1	0
EX_cpd00264	2	2	2	2	2	2	2	2	0
rxn03750	0	0	0	0	0	0	0	0	1
rxn08850	0	1	0	0	1	1	1	1	0
rxn00083	1	1	1	1	1	1	1	1	0
rxn09201	0	1	0	0	1	0	1	1	0
rxn11722	0	0	0	0	0	0	0	1	1
rxn05195	1	1	1	1	1	1	1	1	0
rxn06060	0	0	0	0	0	0	0	1	0
rxn01642	1	1	1	1	1	1	1	1	0
rxn03282	0	1	0	0	1	1	1	1	0
rxn00342	1	1	1	1	1	1	1	1	0
rxn07274	0	0	0	0	0	0	0	0	1
rxn00056	1	1	1	0	1	1	1	1	0
rxn13990	0	0	0	0	0	0	0	1	0
rxn04697	0	0	0	0	0	0	0	0	1
rxn11534	0	0	0	0	0	0	0	0	1
rxn00183	1	0	1	0	0	1	1	1	0
rxn05404	0	0	0	0	0	0	0	1	0
rxn19235	0	1	0	0	0	0	0	1	0
rxn01632	0	0	0	0	0	0	0	0	1
rxn02314	0	1	0	0	1	1	1	1	0
rxn11891	0	0	0	0	0	0	0	0	1
rxn00040	0	0	0	0	0	1	1	1	0
rxn00874	1	1	1	1	1	1	1	1	0
rxn16846	0	1	0	0	0	0	0	1	0
rxn00641	1	1	1	0	1	1	1	1	0
rxn11892	0	0	0	0	0	0	0	1	0
rxn07495	0	0	0	0	0	0	0	0	1
rxn05778	0	1	0	0	1	0	0	1	0
rxn12649	1	0	1	0	0	0	0	1	0
rxn00781	1	1	1	1	1	1	1	1	0
rxn07596	0	0	0	0	0	0	0	0	1
rxn08975	0	1	0	0	0	1	1	1	0
rxn00863	1	1	1	1	1	1	1	1	1
rxn06751	0	1	0	0	0	0	0	1	0
rxn01429	0	0	0	0	0	0	0	0	1
rxn26007	0	1	0	0	0	0	0	1	0
rxn07577	1	1	1	0	1	1	1	1	0
rxn01222	0	1	0	0	0	1	1	1	0
rxn06403	1	1	1	0	0	1	1	1	1
rxn00705	0	0	0	0	0	0	0	1	0
rxn11767	1	1	1	0	1	1	1	1	1
rxn07841	0	0	0	0	0	0	0	1	0
rxn02474	1	0	1	0	0	1	1	1	0
rxn17392	0	1	0	0	0	0	0	1	0
rxn04133	1	1	1	1	1	1	1	1	0
rxn03174	1	1	1	1	1	1	1	1	1
rxn03698	0	0	0	0	0	0	0	0	1
rxn01244	1	1	1	0	1	0	0	1	0
rxn13967	0	0	0	0	0	0	0	0	1
rxn16826	1	1	1	0	1	1	1	1	0
rxn03871	0	0	0	0	0	0	0	1	1
rxn25123	0	1	0	0	0	0	0	1	0
rxn01790	1	1	1	1	1	1	1	1	0
rxn01881	0	1	0	0	0	0	1	1	0
rxn09296	0	0	0	0	0	1	1	1	0
rxn01388	1	1	1	1	1	1	1	1	0
rxn10253	0	1	0	0	1	1	1	1	0
rxn03783	0	0	0	0	0	0	0	0	1
rxn06194	0	1	0	0	0	1	1	1	1
rxn00726	1	1	1	1	1	1	1	1	0
rxn01286	0	0	0	0	0	1	1	1	0
rxn03599	1	1	1	0	1	1	1	1	1
rxn06439	1	1	1	0	1	1	1	1	0
rxn00004	1	1	1	0	1	1	1	1	1
rxn08439	0	1	0	0	0	0	0	1	0
rxn05687	1	1	1	1	1	1	1	1	0
rxn01548	1	1	1	0	1	1	1	1	0
rxn07701	0	0	0	0	0	0	0	0	1
rxn02345	1	1	1	0	0	1	1	1	1
rxn07474	0	1	0	0	1	1	1	1	0
rxn02049	0	0	0	0	0	0	0	0	1
rxn04549	0	0	0	0	0	0	0	0	1
rxn11809	1	1	1	0	1	1	1	1	1
rxn00532	0	0	0	0	0	0	0	1	0
rxn00095	1	1	1	1	1	1	1	1	0
rxn07880	1	1	1	0	1	0	0	1	1
rxn01701	0	0	0	0	0	0	0	1	0
rxn02743	0	1	0	0	0	1	1	1	0
rxn00999	1	1	1	1	1	1	1	1	1
rxn12170	0	0	0	0	0	0	0	0	1
rxn11510	0	0	0	0	0	0	0	0	1
rxn03439	1	0	1	0	0	0	0	1	0
rxn03437	1	1	1	1	1	1	1	1	0
rxn11646	0	0	0	0	0	0	0	0	1
rxn01827	1	1	1	1	1	1	1	1	0
rxn40594	0	1	0	0	0	0	1	1	0
rxn05255	1	1	1	1	1	1	1	1	0
rxn03653	0	0	0	0	0	0	0	0	1
rxn09952	0	1	0	0	0	1	1	1	0
rxn35560	1	0	1	0	0	0	0	1	0
rxn02927	1	1	1	1	1	1	1	1	0
rxn00187	1	1	1	1	1	1	1	1	0
rxn06443	1	1	1	0	1	1	1	1	0
rxn02417	1	0	1	0	1	1	1	1	1
rxn01059	0	0	0	0	0	0	0	0	1
rxn10254	0	1	0	0	1	1	1	1	0
rxn00601	1	1	1	1	1	1	1	1	0
rxn01210	0	1	0	0	0	0	0	1	0
rxn00427	1	1	1	1	1	1	1	1	0
rxn08558	0	0	0	0	0	0	0	1	0
rxn07111	0	0	0	0	0	0	0	0	1
rxn04442	1	0	1	0	0	0	0	1	0
rxn05243	1	1	1	1	1	1	1	1	0
rxn07989	0	1	0	0	0	1	1	1	0
rxn01343	0	1	0	0	1	1	1	1	0
rxn01500	0	0	0	0	0	0	0	1	0
rxn08294	0	1	0	0	1	1	1	1	0
rxn10231	0	0	0	0	0	0	1	1	0
rxn03360	0	0	0	0	0	0	0	1	0
rxn08442	0	0	0	0	0	0	1	1	0
rxn03137	1	0	1	0	0	1	1	1	0
rxn00770	1	1	1	1	1	1	1	1	1
rxn08861	0	1	0	0	0	0	0	1	0
rxn00799	1	1	1	1	1	1	1	1	0
rxn05179	0	0	0	0	0	1	1	1	0
rxn02554	0	0	0	0	0	0	0	0	1
rxn14305	0	0	0	0	0	0	0	0	1
rxn00754	0	0	0	0	0	0	0	1	0
rxn00853	1	0	1	0	0	1	0	1	0
rxn02297	1	1	1	1	1	1	1	1	0
rxn12088	0	0	0	0	0	0	0	0	1
rxn07842	0	0	0	0	0	0	0	1	0
rxn00014	0	1	0	0	0	1	1	1	0
rxn03002	0	0	0	0	0	0	0	1	0
rxn10223	0	1	0	0	1	0	1	1	0
rxn25042	0	1	0	0	0	0	0	1	0
rxn02021	0	1	0	0	0	1	1	1	0
rxn01102	1	0	1	0	0	1	0	1	0
rxn06300	1	1	1	1	1	1	1	1	0
rxn04791	1	1	1	1	1	1	1	1	0
rxn01346	0	1	0	0	0	0	0	1	0
rxn06726	0	1	0	0	0	0	0	1	0
rxn12204	1	1	1	0	1	0	0	1	1
rxn02832	0	0	0	0	0	0	1	1	0
rxn11703	0	1	0	0	0	1	1	1	0
rxn05734	0	0	0	0	0	1	1	1	0
rxn08557	0	0	0	0	0	0	0	1	0
rxn05306	1	1	1	1	1	1	1	1	0
rxn04726	1	1	1	0	1	1	1	1	1
rxn06624	0	1	0	0	0	1	1	1	1
rxn01013	0	1	0	0	0	1	1	1	0
rxn01299	0	1	0	0	1	1	1	1	0
rxn08392	0	1	0	0	0	0	0	1	0
rxn09202	0	1	0	0	1	0	1	1	0
rxn15166	1	0	1	0	0	1	1	1	0
rxn07112	0	0	0	0	0	0	0	0	1
rxn00063	1	1	1	1	1	1	1	1	0
rxn03395	1	1	1	0	1	1	1	1	0
rxn05029	1	1	1	1	1	1	1	1	0
rxn03268	0	0	0	0	0	0	0	0	1
rxn03003	0	0	0	0	0	0	0	1	0
rxn03072	1	0	1	0	0	1	1	1	1
rxn02144	0	0	0	0	0	0	1	1	0
rxn00707	1	1	1	0	1	0	0	1	0
rxn00424	1	0	1	0	0	1	1	1	1
rxn29919	1	1	1	0	1	0	0	1	0
rxn05735	0	0	0	0	0	1	1	1	0
rxn14242	0	0	0	0	0	0	0	0	1
rxn00340	0	1	0	0	0	0	0	1	0
rxn00350	1	1	1	0	1	1	1	1	0
rxn00913	1	1	1	0	1	1	1	1	0
rxn00283	1	1	1	1	1	1	1	1	0
rxn13989	0	0	0	0	0	0	0	0	1
rxn00966	1	1	1	1	1	1	1	1	0
rxn06777	1	0	1	0	0	1	1	1	0
rxn06608	0	1	0	0	0	0	0	1	0
rxn02798	0	0	0	0	0	1	1	1	0
rxn07435	1	1	1	1	1	1	1	1	1
rxn08805	0	1	0	0	1	1	1	1	0
rxn08044	1	1	1	1	1	1	1	1	0
EX_cpd00159	0	0	0	0	0	2	2	2	0
rxn09104	0	1	0	0	1	0	1	1	0
rxn00678	0	1	0	0	0	0	0	1	0
rxn12020	0	0	0	0	0	0	0	0	1
rxn01394	1	0	1	0	0	0	0	1	0
rxn02000	1	1	1	1	1	1	1	1	0
rxn07355	0	0	0	0	0	0	0	0	1
rxn03050	0	0	0	0	0	0	0	0	1
rxn01515	1	1	1	0	1	0	0	1	0
rxn15064	1	1	1	0	1	1	1	1	0
rxn07687	0	1	0	0	0	1	1	1	0
rxn00792	1	1	1	0	1	1	1	1	0
rxn39472	1	0	1	0	0	0	0	1	0
rxn02391	0	0	0	0	0	0	0	1	0
rxn03392	1	0	1	0	0	1	1	1	1
rxn05622	0	1	0	0	0	1	1	1	0
rxn11713	0	1	0	0	0	0	0	1	0
rxn00505	1	0	1	0	1	1	1	1	0
rxn10228	0	0	0	0	0	0	1	1	0
rxn01366	1	0	1	0	0	0	0	1	0
rxn03039	1	1	1	0	1	0	0	1	1
rxn03004	1	1	1	1	1	1	1	1	0
rxn05039	1	1	1	0	1	1	1	1	0
rxn01754	0	0	0	0	0	0	0	1	0
rxn06673	1	0	1	0	1	1	1	1	1
rxn08120	0	0	0	0	0	0	1	1	0
rxn11621	0	0	0	0	0	0	0	0	1
rxn00916	1	1	1	0	1	0	0	1	0
rxn00162	0	1	0	0	0	0	0	1	0
rxn05086	1	1	1	0	1	1	1	1	0
rxn03892	0	0	0	0	0	0	0	1	0
rxn03749	0	0	0	0	0	0	0	0	1
rxn11715	0	1	0	0	0	0	0	1	0
rxn03535	1	1	1	0	1	0	0	1	0
rxn06591	1	1	1	1	1	1	1	1	0
rxn01948	0	0	0	0	0	0	0	1	0
rxn07261	0	0	0	0	0	0	0	1	0
rxn02507	1	0	1	0	0	1	1	1	1
rxn03164	1	1	1	1	1	1	1	1	0
rxn02115	0	0	0	0	0	0	0	1	0
rxn05456	0	0	0	0	0	0	0	1	0
rxn06335	1	0	1	0	1	1	1	1	1
rxn06196	0	1	0	0	0	1	1	1	1
rxn08127	0	1	0	0	1	0	1	1	0
rxn05779	0	1	0	0	1	0	0	1	0
rxn08546	0	1	0	0	1	1	1	1	0
rxn01871	1	1	1	1	1	1	1	1	0
rxn01507	1	1	1	0	1	1	1	1	0
rxn13782	0	0	0	0	0	1	1	1	0
rxn00113	0	0	0	0	0	0	0	1	0
rxn21013	0	1	0	0	0	1	1	1	0
rxn06446	1	1	1	0	1	1	1	1	0
rxn07717	0	0	0	0	0	0	0	0	1
rxn15745	1	1	1	0	1	0	0	1	0
rxn01672	1	1	1	1	1	1	1	1	0
rxn10266	0	1	0	0	1	0	1	1	0
EX_cpd00161	2	2	2	2	2	2	2	2	0
rxn39451	1	1	1	0	1	1	1	1	0
rxn07544	0	0	0	0	0	0	1	1	0
rxn03384	1	1	1	1	1	1	1	1	0
rxn07966	0	0	0	0	0	1	1	1	0
rxn02928	1	0	1	0	0	0	0	1	1
rxn10570	1	1	1	1	1	1	1	1	0
rxn01135	0	0	0	0	0	0	0	1	0
rxn00469	0	0	0	0	0	0	0	1	0
rxn02176	1	1	1	0	0	1	1	1	1
rxn05348	1	1	1	1	1	1	1	1	0
rxn00121	0	1	0	0	0	1	1	1	0
rxn02320	1	1	1	1	1	1	1	1	0
rxn08119	0	0	0	0	0	0	1	1	0
rxn00713	1	1	1	1	1	1	1	1	0
rxn00303	1	1	1	0	1	1	1	1	0
rxn02819	0	0	0	0	0	0	0	1	0
rxn21858	0	1	0	0	0	0	0	1	0
rxn02517	1	1	1	1	1	1	1	1	1
rxn00947	1	1	1	1	1	1	1	1	0
rxn07685	1	1	1	0	1	0	0	1	1
rxn01832	1	0	1	0	0	1	1	1	0
rxn25743	0	1	0	0	0	0	0	1	0
rxn01906	1	1	1	0	1	0	0	1	1
rxn03675	1	0	1	0	0	1	1	1	0
rxn01620	0	1	0	0	1	1	1	1	0
rxn11716	0	1	0	0	0	0	0	1	0
rxn03490	0	0	0	0	0	0	1	1	0
rxn03135	1	1	1	1	1	1	1	1	0
rxn06584	0	1	0	0	0	0	1	1	0
rxn06280	1	1	1	0	1	1	1	1	0
rxn06197	0	0	0	0	0	0	0	1	0
rxn03063	0	0	0	0	0	0	0	1	0
rxn03869	1	0	1	0	0	1	1	1	1
rxn30043	0	1	0	0	0	0	0	1	0
rxn02201	1	1	1	1	1	1	1	1	0
rxn12018	0	0	0	0	0	0	0	0	1
rxn00020	1	1	1	0	0	1	1	1	1
rxn01834	1	1	1	1	1	1	1	1	0
rxn02880	0	0	0	0	0	0	1	1	0
rxn09449	0	1	0	0	1	1	1	1	0
rxn00949	0	0	0	0	0	0	0	1	0
rxn03819	0	0	0	0	0	0	0	0	1
rxn00145	1	0	1	0	1	1	1	1	0
rxn03023	0	0	0	0	0	0	0	1	0
rxn06078	1	0	1	0	0	1	1	1	1
rxn01213	1	0	1	0	1	0	0	1	0
rxn07432	1	1	1	1	1	1	1	1	1
rxn06538	1	1	1	0	1	1	1	1	0
rxn00757	0	0	0	0	0	0	0	1	0
rxn00728	1	1	1	0	1	0	0	1	0
rxn00200	0	0	0	0	0	0	0	0	1
rxn01332	1	1	1	1	1	1	1	1	0
rxn08458	0	0	0	0	0	0	1	1	0
rxn26149	0	1	0	0	0	0	1	1	0
rxn00373	0	0	0	0	0	0	0	1	0
rxn03030	0	1	0	0	0	1	1	1	0
rxn01048	0	0	0	0	0	0	0	1	0
rxn03094	0	0	0	0	0	0	1	1	0
rxn00826	0	0	0	0	0	0	0	1	0
rxn01157	0	0	0	0	0	0	0	1	0
rxn03372	1	1	1	0	1	0	0	1	1
rxn03463	0	0	0	0	0	0	0	1	0
rxn12030	0	1	0	0	0	1	1	1	1
rxn01218	1	1	1	0	1	1	1	1	0
rxn05161	0	0	0	0	0	1	1	1	0
rxn09203	0	1	0	0	1	0	1	1	0
rxn03670	1	1	1	0	1	1	1	1	1
rxn01396	0	0	0	0	0	0	0	1	0
rxn00777	1	1	1	1	1	1	1	1	1
rxn11564	0	1	0	0	0	1	1	1	1
rxn09111	0	1	0	0	1	0	1	1	0
EX_cpd03847	0	0	0	0	0	2	2	2	0
rxn09574	0	1	0	0	0	0	0	1	0
rxn00763	0	1	0	0	1	1	1	1	0
rxn02751	1	0	1	0	0	0	0	1	1
rxn00547	1	1	1	1	1	1	1	1	0
rxn08390	0	1	0	0	0	0	0	1	0
rxn45276	0	1	0	0	0	1	1	1	0
rxn02260	0	0	0	0	0	0	1	1	0
rxn09205	0	0	0	0	0	0	1	1	0
rxn08094	1	1	1	1	1	1	1	1	0
rxn04752	0	0	0	0	0	0	0	0	1
rxn02862	0	0	0	0	0	0	0	1	0
rxn00272	1	0	1	0	0	1	1	1	0
rxn00647	0	1	0	0	0	0	0	1	0
rxn05358	0	0	0	0	0	0	0	1	0
rxn00377	1	1	1	0	1	1	1	1	0
rxn03841	0	1	0	0	1	1	1	1	0
rxn05671	0	0	0	0	0	1	1	1	0
rxn02312	1	1	1	1	1	1	1	1	0
rxn06025	1	1	1	0	1	1	1	1	1
rxn11007	0	1	0	0	0	0	0	1	0
rxn25719	0	1	0	0	0	0	0	1	0
rxn01509	1	1	1	1	1	1	1	1	0
rxn08258	0	1	0	0	1	0	1	1	0
rxn09110	0	1	0	0	1	0	1	1	0
EX_cpd00013	0	0	0	0	0	2	2	2	0
rxn12646	0	0	0	0	0	0	1	1	0
rxn05379	0	0	0	0	0	0	0	1	0
rxn26037	0	1	0	0	0	0	1	1	0
rxn06621	1	1	1	0	1	0	0	1	1
rxn01932	0	1	0	0	0	0	0	1	0
rxn05142	0	0	0	0	0	0	0	1	0
rxn03887	0	0	0	0	0	0	1	1	0
rxn03915	0	0	0	0	0	0	0	1	0
rxn07807	1	0	1	0	0	1	1	1	1
rxn14275	0	0	0	0	0	0	0	0	1
rxn05763	0	1	0	0	0	1	1	1	0
rxn05289	1	1	1	1	1	1	1	1	0
rxn01791	1	1	1	1	1	1	1	1	0
rxn10214	0	1	0	0	1	1	1	1	0
rxn00191	1	1	1	0	1	1	1	1	0
rxn07356	0	0	0	0	0	0	0	0	1
rxn10019	0	1	0	0	0	0	0	1	0
rxn01494	1	0	1	0	0	1	1	1	0
rxn05054	1	0	1	0	1	1	1	1	1
rxn00165	1	1	1	1	1	1	1	1	0
rxn07964	0	0	0	0	0	1	1	1	0
rxn04354	0	0	0	0	0	0	0	0	1
rxn08804	0	1	0	0	1	1	1	1	0
rxn00568	1	1	1	1	1	1	1	1	0
rxn00047	0	1	0	0	0	0	0	1	0
rxn00423	1	1	1	1	1	1	1	1	0
rxn10020	0	1	0	0	0	0	0	1	0
rxn05059	0	0	0	0	0	0	0	1	0
rxn01300	1	1	1	1	1	1	1	1	0
rxn01551	0	0	0	0	0	0	0	0	1
rxn00710	1	1	1	1	1	1	1	1	0
rxn00772	1	1	1	1	1	1	1	1	0
rxn21010	0	1	0	0	0	0	0	1	0
rxn00184	1	1	1	1	1	1	1	1	0
rxn03379	1	0	1	0	0	1	1	1	1
rxn08306	0	1	0	0	1	0	1	1	0
rxn11973	0	1	0	0	0	0	1	1	0
rxn05310	1	1	1	1	1	1	1	1	0
rxn03419	1	1	1	1	1	1	1	1	1
rxn02334	0	0	0	0	0	0	0	1	0
rxn39382	1	0	1	0	0	0	0	1	0
rxn11777	0	0	0	0	0	0	0	0	1
rxn08136	0	0	0	0	0	1	1	1	0
rxn10094	0	0	0	0	0	0	0	1	0
rxn02167	1	1	1	0	0	1	1	1	0
rxn07586	0	0	0	0	0	0	0	1	0
rxn04717	0	0	0	0	0	0	0	0	1
rxn02508	1	0	1	0	0	1	1	1	0
rxn00611	1	1	1	1	1	1	1	1	0
rxn05341	1	1	1	0	1	1	1	1	0
rxn02988	1	1	1	1	1	1	1	1	0
rxn03974	1	1	1	0	1	1	1	1	0
rxn02680	1	1	1	1	1	1	1	1	0
rxn00748	1	1	1	1	1	1	1	1	0
rxn00016	1	1	1	1	1	1	1	1	0
rxn07251	0	1	0	0	0	1	1	1	0
rxn04137	0	1	0	0	1	1	1	1	0
rxn10162	0	0	0	0	0	1	1	1	0
rxn08396	0	1	0	0	0	0	0	1	0
rxn06168	1	1	1	0	1	0	0	1	1
rxn05467	1	1	1	1	1	1	1	1	0
rxn11721	0	0	0	0	0	0	0	1	1
rxn07433	1	1	1	1	1	1	1	1	1
rxn07725	0	0	0	0	0	0	0	0	1
rxn00003	1	1	1	1	1	1	1	1	0
EX_cpd00109	0	2	0	0	0	2	2	2	0
rxn07456	0	1	0	0	0	0	0	1	0
rxn05233	1	1	1	1	1	1	1	1	0
rxn11577	1	1	1	0	1	1	1	1	1
rxn09402	0	1	0	0	0	0	0	1	0
rxn08977	0	1	0	0	0	1	1	1	0
rxn00141	1	1	1	1	1	1	1	1	0
rxn03208	0	0	0	0	0	1	1	1	0
rxn06522	1	0	1	0	0	1	1	1	1
rxn01667	1	1	1	0	1	0	0	1	1
rxn13672	0	1	0	0	0	0	0	1	0
rxn02305	1	1	1	0	1	1	1	1	0
rxn05030	0	1	0	0	0	0	0	1	0
rxn02406	0	0	0	0	0	0	1	1	0
EX_cpd00309	0	0	0	0	0	2	2	2	0
rxn02916	1	1	1	1	1	1	1	1	0
rxn07292	1	1	1	0	1	1	1	1	1
rxn15949	1	1	1	0	1	1	1	1	0
rxn03436	1	1	1	1	1	1	1	1	1
EX_cpd00254	2	2	2	2	2	2	2	2	0
rxn01538	1	1	1	1	1	1	1	1	0
rxn14075	0	0	0	0	0	0	0	0	1
rxn08891	0	1	0	0	0	1	1	1	0
EX_cpd00635	2	2	2	2	2	2	2	2	0
rxn06771	0	0	0	0	0	0	0	1	0
rxn00212	1	1	1	0	1	1	1	1	0
rxn09209	0	0	0	0	0	0	1	1	0
rxn02476	1	1	1	0	1	1	1	1	0
rxn08173	0	1	0	1	1	1	1	1	0
rxn02373	1	1	1	1	1	1	1	1	0
rxn03052	1	0	1	0	1	1	1	1	0
rxn05359	0	0	0	0	0	0	0	1	0
rxn04052	0	0	0	0	0	0	0	1	0
rxn07574	0	0	0	0	0	0	0	0	1
rxn00503	1	0	1	0	0	1	1	1	0
rxn00322	0	0	0	0	0	0	0	1	0
rxn02284	1	1	1	0	1	0	0	1	1
rxn10294	0	0	0	0	0	1	1	1	0
rxn00868	1	0	1	0	0	0	0	1	0
rxn04811	1	1	1	0	1	1	1	1	1
rxn10215	0	1	0	0	1	1	1	1	0
EX_cpd02701	2	2	2	2	2	2	2	2	0
rxn03251	1	0	1	0	1	1	1	1	0
rxn04349	0	0	0	0	0	0	0	0	1
rxn04516	0	0	0	0	0	0	0	0	1
rxn01333	1	1	1	1	1	1	1	1	0
rxn14253	0	0	0	0	0	0	0	0	1
rxn08818	0	1	0	0	1	1	1	1	0
rxn06297	0	0	0	0	0	0	0	0	1
rxn00268	0	1	0	0	0	0	0	1	0
rxn05952	1	1	1	0	1	1	1	1	1
EX_cpd10516	2	2	2	2	2	2	2	2	0
rxn07883	1	0	1	0	0	1	1	1	1
rxn04453	1	1	1	0	1	1	1	1	1
rxn01188	1	1	1	1	1	1	1	1	0
rxn00216	1	1	1	1	1	1	1	1	0
rxn01867	1	1	1	1	1	1	1	1	0
rxn01084	1	1	1	0	1	0	0	1	0
rxn00762	0	1	0	0	0	0	1	1	0
rxn07286	0	0	0	0	0	0	0	0	1
rxn08171	0	0	0	0	0	1	1	1	0
EX_cpd00035	2	2	2	2	2	2	2	2	0
rxn11527	0	0	0	0	0	0	0	0	1
rxn11959	0	0	0	0	0	0	0	0	1
rxn11801	0	0	0	0	0	0	0	1	1
rxn05429	0	0	0	0	0	0	0	1	0
rxn14082	0	0	0	0	0	0	0	0	1
rxn02503	1	1	1	1	1	1	1	1	0
rxn05312	0	0	0	0	0	1	1	1	0
rxn02199	0	0	0	0	0	0	0	1	0
rxn08735	0	0	0	0	0	0	0	1	0
rxn08895	0	0	0	0	0	1	1	1	0
rxn03546	0	1	0	0	0	0	0	1	0
rxn00330	0	1	0	0	1	1	1	1	0
rxn03910	1	1	1	1	1	1	1	1	0
rxn01231	0	0	0	0	0	0	0	1	0
rxn05328	1	1	1	0	1	1	1	1	1
rxn03927	0	0	0	0	0	0	0	0	1
rxn08433	0	0	0	0	0	0	0	1	0
rxn11587	1	1	1	0	1	0	0	1	0
rxn05115	1	1	1	0	1	1	1	1	0
rxn04989	1	1	1	1	1	1	1	1	0
rxn01019	0	1	0	0	1	1	1	1	1
rxn01143	1	1	1	1	1	1	1	1	0
rxn07743	0	1	0	0	0	0	0	1	0
rxn14107	0	0	0	0	0	0	0	0	1
rxn03843	0	0	0	0	0	0	0	1	0
rxn05950	0	0	0	0	0	0	0	0	1
rxn08441	0	1	0	0	0	0	1	1	0
rxn11245	1	1	1	0	1	0	0	1	1
rxn01599	0	0	0	0	0	0	0	1	0
rxn21733	0	1	0	0	0	0	0	1	0
rxn01255	1	1	1	1	1	1	1	1	0
EX_cpd00092	0	0	0	0	0	2	2	2	0
rxn00159	1	1	1	0	1	1	1	1	0
rxn08809	0	1	0	0	1	1	1	1	0
rxn07832	1	0	1	0	0	1	1	1	1
rxn02034	0	0	0	0	0	0	0	0	1
rxn02261	0	0	0	0	0	0	1	1	0
rxn10258	0	1	0	0	1	1	1	1	0
rxn14053	0	0	0	0	0	0	0	0	1
rxn11547	0	0	0	0	0	0	0	0	1
rxn01066	1	0	1	0	0	1	1	1	1
rxn00070	1	1	1	0	1	0	0	1	1
rxn00086	1	1	1	1	1	1	1	1	0
rxn10261	0	1	0	0	1	0	1	1	0
rxn08084	0	1	0	0	1	1	1	1	0
rxn04353	0	0	0	0	0	0	0	0	1
rxn08846	0	1	0	0	1	1	1	1	0
rxn00501	1	0	1	0	1	1	1	1	0
rxn10230	0	0	0	0	0	0	1	1	0
rxn05465	1	1	1	1	1	1	1	1	0
rxn05143	0	0	0	0	0	0	0	1	0
rxn04316	0	0	0	0	0	0	0	0	1
rxn05663	1	1	1	1	1	1	1	1	0
rxn06441	1	1	1	1	1	1	1	1	0
rxn01461	0	0	0	0	0	0	0	1	0
rxn06195	0	1	0	0	0	1	1	1	1
rxn07963	0	0	0	0	0	1	1	1	0
rxn02831	0	1	0	0	1	1	1	1	0
rxn13995	1	0	1	0	0	0	0	1	1
rxn01434	1	1	1	1	1	1	1	1	1
rxn25649	0	1	0	0	0	1	1	1	0
rxn05205	0	0	0	0	0	1	1	1	0
rxn01451	1	0	1	0	0	1	1	1	0
rxn00507	1	0	1	0	0	1	1	1	0
rxn04011	0	1	0	0	0	0	1	1	0
rxn03242	1	0	1	0	0	1	1	1	0
rxn06377	1	1	1	1	1	1	1	1	0
rxn05145	0	1	0	0	0	1	1	1	0
rxn00076	1	1	1	1	1	1	1	1	0
rxn23444	0	1	0	0	0	0	0	1	0
rxn01069	1	1	1	1	1	1	1	1	0
rxn02767	1	1	1	0	1	0	0	1	0
rxn16573	1	1	1	0	1	1	1	1	0
rxn09176	0	1	0	0	0	1	1	1	0
rxn00379	1	1	1	1	1	1	1	1	0
rxn12041	0	0	0	0	0	0	0	0	1
rxn14331	0	0	0	0	0	0	0	0	1
rxn01466	1	1	1	1	1	1	1	1	0
rxn00131	1	0	1	0	0	1	1	1	1
rxn10058	0	1	0	0	0	0	0	1	0
rxn00708	1	1	1	0	1	1	1	1	0
rxn07493	0	0	0	0	0	1	1	1	0
rxn04297	0	0	0	0	0	0	0	0	1
rxn02893	0	0	0	0	0	0	0	0	1
rxn11944	0	0	0	0	0	0	0	1	1
rxn01875	0	0	0	0	0	0	1	1	0
rxn01541	0	1	0	0	0	0	0	1	0
EX_cpd00009	0	2	0	0	0	2	2	2	0
rxn11723	0	0	0	0	0	0	0	1	1
rxn04237	0	0	0	0	0	0	0	0	1
rxn07865	0	0	0	0	0	0	0	0	1
rxn09114	0	1	0	0	1	0	1	1	0
rxn08734	0	0	0	0	0	1	1	1	0
rxn19766	0	1	0	0	0	0	0	1	0
rxn07994	0	1	0	0	0	1	1	1	0
rxn00247	1	1	1	1	1	1	1	1	0
rxn05496	1	1	1	1	1	1	1	1	0
rxn00529	0	0	0	0	0	0	0	1	0
rxn03263	0	1	0	0	0	0	1	1	0
rxn09417	0	1	0	0	0	0	0	1	0
rxn03926	0	0	0	0	0	0	0	0	1
rxn08942	0	0	0	0	0	0	0	1	0
rxn05346	1	1	1	1	1	1	1	1	0
rxn02460	0	0	0	0	0	0	0	1	0
rxn00328	1	0	1	0	1	1	1	1	0
rxn02402	1	1	1	1	1	1	1	1	0
rxn00223	0	0	0	0	0	0	0	1	0
rxn10043	0	1	0	0	1	1	1	1	0
rxn08088	0	1	0	0	1	1	1	1	0
rxn08669	0	1	0	0	1	0	0	1	0
rxn02577	1	1	1	0	1	1	1	1	0
rxn02934	1	1	1	0	0	1	1	1	0
rxn08598	0	1	0	0	0	0	0	1	0
rxn00668	1	1	1	0	1	1	1	1	1
EX_cpd00007	2	2	2	2	2	2	2	2	0
rxn01746	0	0	0	0	0	0	0	1	0
rxn08810	0	1	0	0	1	1	1	1	0
rxn03796	1	1	1	0	1	0	0	1	1
rxn06759	0	0	0	0	0	0	0	1	0
rxn03397	1	0	1	0	1	0	1	1	0
rxn01702	0	1	0	0	0	1	1	1	1
rxn08807	0	1	0	0	1	1	1	1	0
rxn00178	1	1	1	1	1	1	1	1	0
rxn12642	0	0	0	0	0	0	1	1	0
rxn00604	1	1	1	1	1	1	1	1	0
rxn00484	0	0	0	0	0	0	0	1	0
rxn03597	1	1	1	0	1	1	1	1	0
rxn03884	1	1	1	1	1	1	1	1	0
rxn01270	0	0	0	0	0	0	0	1	0
rxn10062	0	1	0	0	0	0	0	1	0
rxn14070	1	0	1	0	0	1	1	1	0
rxn03211	0	0	0	0	0	1	1	1	0
rxn03431	1	1	1	0	1	1	1	1	0
rxn00952	1	0	1	0	0	1	1	1	0
rxn08851	0	1	0	0	1	1	1	1	0
rxn07259	0	0	0	0	0	0	0	0	1
rxn03958	1	1	1	1	1	1	1	1	0
rxn09399	0	1	0	0	0	1	1	1	0
rxn00445	0	0	0	0	0	1	1	1	0
rxn00275	1	0	1	0	0	1	1	1	1
rxn08550	0	1	0	0	1	1	1	1	0
rxn04547	0	0	0	0	0	0	0	0	1
rxn01465	0	1	0	0	1	1	1	1	0
rxn05392	0	0	0	0	0	0	0	1	0
rxn04015	0	1	0	0	0	0	0	1	0
rxn00800	1	1	1	1	1	1	1	1	0
rxn00376	0	1	0	0	0	1	1	1	1
rxn05327	1	1	1	0	1	1	1	1	0
rxn09693	1	1	1	1	1	1	1	1	0
rxn10408	0	1	0	0	0	0	0	1	0
rxn07181	1	1	1	0	1	1	1	1	1
rxn01352	1	0	1	0	1	1	1	1	0
rxn05582	1	1	1	1	1	1	1	1	0
rxn03244	1	0	1	0	0	1	1	1	0
rxn03368	0	0	0	0	0	0	0	0	1
rxn00765	0	1	0	0	0	0	0	1	0
rxn01894	1	0	1	0	0	1	1	1	0
rxn07718	0	0	0	0	0	0	0	0	1
rxn01741	0	1	0	0	0	0	0	1	0
rxn00873	0	1	0	0	0	0	0	1	0
rxn14159	0	0	0	0	0	1	1	1	0
rxn00198	0	1	0	0	0	1	1	1	0
rxn02007	0	1	0	0	1	1	1	1	0
rxn00452	0	1	0	0	1	1	1	1	0
rxn10202	0	1	0	0	1	1	1	1	0
rxn20526	0	1	0	0	0	0	0	1	0
rxn07689	1	1	1	0	1	0	0	1	1
rxn04270	0	0	0	0	0	0	0	1	0
rxn01843	1	0	1	0	0	1	1	1	0
rxn01917	0	1	0	0	1	1	1	1	0
rxn07477	0	0	0	0	0	0	0	0	1
rxn06082	0	1	0	0	0	0	1	1	0
rxn08016	0	0	0	0	0	1	1	1	0
rxn01703	0	0	0	0	0	0	0	1	0
rxn00100	1	1	1	1	1	1	1	1	0
rxn10217	0	1	0	0	1	1	1	1	0
rxn07059	0	1	0	0	0	0	0	1	0
rxn05010	0	0	0	0	0	0	1	1	1
rxn00670	1	1	1	1	1	1	1	1	0
rxn14346	1	0	1	0	0	1	1	1	1
rxn01561	0	0	0	0	0	0	0	1	0
rxn04351	0	0	0	0	0	0	0	0	1
rxn00827	0	0	0	0	0	0	1	1	0
rxn02783	0	1	0	0	0	0	0	1	0
rxn00737	1	1	1	1	1	1	1	1	0
rxn06445	1	1	1	1	1	1	1	1	0
rxn10224	0	1	0	0	1	0	1	1	0
rxn07369	0	0	0	0	0	0	0	0	1
rxn07993	0	1	0	0	0	1	1	1	0
rxn06493	1	1	1	0	1	0	1	1	0
rxn01499	0	0	0	0	0	0	0	1	0
rxn01896	1	0	1	0	0	1	1	1	0
rxn05338	1	1	1	0	1	1	1	1	0
rxn07679	0	1	0	0	0	1	1	1	0
rxn07484	1	1	1	0	1	1	1	1	1
rxn06528	0	1	0	0	0	0	0	1	0
rxn00493	1	1	1	1	1	1	1	1	0
rxn07716	0	0	0	0	0	0	0	0	1
rxn02701	0	0	0	0	0	0	0	0	1
rxn01731	1	1	1	0	1	0	0	1	0
rxn02405	1	1	1	1	1	1	1	1	0
rxn02820	0	0	0	0	0	0	0	0	1
rxn07624	0	0	0	0	0	0	0	0	1
rxn01351	1	0	1	0	0	0	0	1	0
rxn04346	0	0	0	0	0	0	0	0	1
rxn14299	1	1	1	0	1	1	1	1	1
rxn00693	1	1	1	1	1	1	1	1	0
rxn11712	0	1	0	0	0	0	0	1	1
rxn02321	0	1	0	0	0	0	0	1	0
rxn00251	1	1	1	1	1	1	1	1	0
rxn01685	0	0	0	0	0	0	1	1	1
rxn06023	1	1	1	1	1	1	1	1	1
rxn00007	1	1	1	1	1	1	1	1	0
rxn00549	1	1	1	1	1	1	1	1	0
rxn03142	0	0	0	0	0	0	1	1	0
rxn12636	0	0	0	0	0	0	1	1	0
rxn00557	0	1	0	0	0	0	0	1	0
rxn13783	0	0	0	0	0	1	1	1	0
rxn04792	1	1	1	1	1	1	1	1	0
rxn03408	1	1	1	1	1	1	1	1	1
rxn00226	1	1	1	0	1	0	0	1	1
rxn06123	0	1	0	0	1	0	1	1	0
rxn01757	1	1	1	0	1	0	0	1	1
rxn01480	0	1	0	0	1	0	1	1	0
rxn01602	1	0	1	0	1	1	1	1	0
rxn03866	1	0	1	0	0	0	0	1	1
rxn03838	1	1	1	1	1	1	1	1	0
rxn02185	1	1	1	1	1	1	1	1	1
rxn02090	0	0	0	0	0	1	1	1	0
rxn08841	0	1	0	0	1	1	1	1	0
rxn14334	0	1	0	0	0	0	0	1	0
rxn00834	1	1	1	1	1	1	1	1	0
rxn01353	1	1	1	1	1	1	1	1	0
rxn12778	0	1	0	0	0	0	0	1	0
rxn01145	1	1	1	0	1	1	1	1	0
rxn00741	0	0	0	0	0	1	1	1	0
rxn02374	1	1	1	1	1	1	1	1	0
EX_cpd00154	0	0	0	0	0	2	2	2	0
rxn08440	0	1	0	0	0	0	1	1	0
rxn08792	0	0	0	0	0	1	1	1	0
rxn01029	1	1	1	1	1	1	1	1	0
rxn04358	0	0	0	0	0	0	0	0	1
rxn00745	0	0	0	0	0	1	1	1	0
rxn01111	1	1	1	0	1	1	1	1	0
rxn07529	0	0	0	0	0	0	0	0	1
rxn07948	0	0	0	0	0	1	1	1	0
rxn07431	1	1	1	1	1	1	1	1	1
rxn00422	1	0	1	0	0	1	1	1	0
rxn00106	1	1	1	0	0	1	1	1	0
rxn26006	0	1	0	0	0	1	1	1	0
rxn00143	1	1	1	0	1	1	1	1	0
rxn08793	0	0	0	0	0	1	1	1	0
rxn08308	0	1	0	0	1	0	1	1	0
rxn10269	0	1	0	0	1	0	1	1	0
rxn07140	0	0	0	0	0	0	0	0	1
rxn05114	1	1	1	0	1	1	1	1	0
rxn08519	0	1	0	0	0	1	1	1	0
rxn10289	0	0	0	0	0	1	1	1	0
rxn08615	0	1	0	0	1	0	1	1	0
rxn08800	0	1	0	0	1	1	1	1	0
rxn06848	0	0	0	0	0	0	0	0	1
rxn05325	1	1	1	0	1	1	1	1	0
rxn00832	1	0	1	0	0	1	1	1	0
rxn03955	0	1	0	0	0	0	0	1	0
rxn00915	1	1	1	0	1	1	1	1	0
rxn10122	1	0	1	1	1	1	1	1	0
rxn00146	0	0	0	0	0	0	0	1	0
rxn01226	0	1	0	0	1	1	1	1	0
EX_cpd00142	0	0	0	0	0	2	2	2	0
rxn01962	1	1	1	0	1	1	1	1	0
rxn01387	0	1	0	0	1	1	1	1	0
rxn01280	0	1	0	0	1	0	1	1	0
rxn05197	0	0	0	0	0	1	1	1	0
rxn03185	0	0	0	0	0	0	0	1	0
rxn12040	0	0	0	0	0	0	0	0	1
rxn14189	0	0	0	0	0	0	0	0	1
rxn10126	0	0	0	0	0	0	1	1	0
rxn05349	0	1	0	0	1	1	1	1	0
rxn09696	1	1	1	1	1	1	1	1	0
rxn11711	0	1	0	0	0	0	0	1	1
rxn12193	1	1	1	0	1	0	0	1	0
rxn06728	0	0	0	0	0	0	0	1	0
rxn13182	0	1	0	0	0	0	0	1	0
rxn02888	1	1	1	0	0	1	1	1	1
rxn10291	0	0	0	0	0	1	1	1	0
rxn02937	1	1	1	1	1	1	1	1	0
rxn01274	1	1	1	1	1	1	1	1	0
rxn00839	1	1	1	1	1	1	1	1	0
rxn00077	1	1	1	1	1	1	1	1	0
rxn06109	1	1	1	0	1	1	1	1	1
rxn02067	0	0	0	0	0	0	0	1	0
rxn02118	1	0	1	0	0	1	1	1	1
rxn00256	1	1	1	1	1	1	1	1	0
rxn00727	1	1	1	1	1	1	1	1	0
rxn02804	1	1	1	1	1	1	1	1	0
rxn12844	0	1	0	0	1	1	1	1	0
rxn00778	1	1	1	0	1	1	1	1	1
rxn04676	0	1	0	0	0	0	0	1	0
rxn09108	0	1	0	0	1	0	1	1	0
rxn05373	0	0	0	0	0	0	0	1	0
rxn21008	0	1	0	0	0	0	0	1	0
rxn08661	0	0	0	0	0	1	1	1	0
rxn06022	1	1	1	1	1	1	1	1	1
rxn00695	1	1	1	1	1	1	1	1	0
rxn00293	1	0	1	0	0	1	1	1	0
rxn01315	1	1	1	1	1	1	1	1	0
rxn03396	1	0	1	0	0	1	1	1	0
rxn01735	1	0	1	0	0	1	1	1	1
rxn12206	0	0	0	0	0	0	0	1	0
EX_cpd00540	0	0	0	0	0	2	2	2	0
rxn00368	1	1	1	1	1	1	1	1	0
rxn02788	1	0	1	0	1	1	1	1	0
rxn03361	0	0	0	0	0	0	0	0	1
rxn01512	1	1	1	1	1	1	1	1	0
rxn01146	1	0	1	0	0	0	0	1	0
rxn08310	0	1	0	0	1	0	1	1	0
rxn11955	0	1	0	0	0	0	0	1	0
rxn10219	0	1	0	0	1	1	1	1	0
rxn08089	0	1	0	0	1	1	1	1	0
rxn00627	0	0	0	0	0	0	0	1	0
rxn02009	0	0	0	0	0	0	0	1	0
rxn00801	0	0	0	0	0	0	1	1	1
rxn01501	1	0	1	0	1	1	1	1	0
rxn11268	0	0	0	0	0	1	1	1	0
rxn02929	1	0	1	0	1	0	1	1	0
rxn04377	0	0	0	0	0	0	0	0	1
rxn07438	0	1	0	0	1	1	1	1	1
rxn08335	0	1	0	0	0	0	0	1	0
rxn11920	0	0	0	0	0	0	0	0	1
rxn02835	1	1	1	1	1	1	1	1	0
rxn05323	1	1	1	0	1	1	1	1	1
rxn06729	1	1	1	1	1	1	1	1	0
rxn06448	1	1	1	0	1	1	1	1	0
rxn02400	1	1	1	0	1	1	1	1	0
rxn06216	0	1	0	0	0	1	1	1	0
rxn03933	1	1	1	1	1	1	1	1	0
rxn00222	1	1	1	0	0	1	1	1	0
EX_cpd00084	2	2	2	2	2	2	2	2	0
rxn00554	0	1	0	0	0	0	0	1	0
rxn06181	0	0	0	0	0	1	1	1	0
rxn02331	1	1	1	1	1	1	1	1	0
rxn00354	0	0	0	0	0	0	0	0	1
rxn01979	0	0	0	0	0	1	1	1	0
rxn04760	0	0	0	0	0	0	0	1	0
rxn09107	0	1	0	0	1	0	1	1	0
rxn26307	0	1	0	0	0	1	1	1	0
rxn04833	1	1	1	0	1	1	1	1	1
rxn12638	0	0	0	0	0	0	1	1	0
EX_cpd00030	0	0	0	0	0	2	2	2	0
rxn10060	0	1	0	0	1	0	0	1	0
rxn01303	1	0	1	0	1	0	1	1	0
rxn01305	0	1	0	0	1	1	1	1	0
rxn07332	0	0	0	0	0	0	0	0	1
rxn01118	0	0	0	0	0	1	1	1	0
rxn00199	0	1	0	0	1	1	1	1	0
rxn45996	0	1	0	0	0	1	1	1	0
rxn01522	1	1	1	1	1	1	1	1	0
rxn05244	1	1	1	1	1	1	1	1	0
rxn13666	0	1	0	0	0	0	0	1	0
rxn05120	1	0	1	0	1	1	1	1	0
rxn08180	0	1	0	0	1	0	1	1	0
rxn01362	1	1	1	1	1	1	1	1	0
rxn00186	1	1	1	0	1	1	1	1	0
rxn00701	1	1	1	0	1	1	1	1	0
rxn15337	1	0	1	0	0	0	0	1	0
EX_cpd00011	2	2	2	2	2	2	2	2	0
rxn10114	0	0	0	0	0	1	1	1	0
rxn03046	0	0	0	0	0	0	1	1	0
rxn08822	0	1	0	0	1	1	1	1	0
rxn11599	0	1	0	0	0	0	0	1	0
rxn11772	1	1	1	0	1	0	0	1	1
rxn04275	1	1	1	0	0	1	1	1	1
rxn00161	1	1	1	0	1	1	1	1	0
rxn02911	1	1	1	0	0	1	1	1	0
rxn05457	0	0	0	0	0	0	0	1	0
rxn08582	0	1	0	0	0	0	0	1	0
rxn04886	1	1	1	0	1	1	1	1	1
rxn04443	1	1	1	0	1	0	0	1	1
rxn00478	1	1	1	1	1	1	1	1	0
rxn11724	0	0	0	0	0	0	0	1	1
rxn04934	1	0	1	0	0	0	0	1	0
rxn04360	0	0	0	0	0	0	0	0	1
rxn02989	1	1	1	1	1	1	1	1	0
rxn00499	0	0	0	0	0	1	1	1	0
rxn10225	0	1	0	0	1	0	1	1	0
rxn09102	0	1	0	0	1	0	1	1	0
rxn01986	0	0	0	0	0	1	1	1	0
rxn01279	1	0	1	0	0	1	1	1	0
rxn00314	0	0	0	0	0	0	0	1	0
EX_cpd00117	0	0	0	0	0	2	2	2	0
rxn02035	0	0	0	0	0	0	0	0	1
rxn02901	0	0	0	0	0	0	1	1	0
rxn02584	0	0	0	0	0	0	0	1	0
rxn08893	0	1	0	0	1	1	1	1	0
rxn12008	0	0	0	0	0	0	0	1	0
rxn05747	0	1	0	0	0	1	1	1	0
rxn05409	0	0	0	0	0	0	0	1	0
rxn05638	1	1	1	1	1	1	1	1	0
rxn11718	0	1	0	0	0	0	0	1	0
rxn03923	0	0	0	0	0	0	0	1	0
rxn01459	0	0	0	0	0	1	1	1	0
rxn03975	0	0	0	0	0	0	0	1	0
rxn01297	1	1	1	1	1	1	1	1	0
rxn03273	1	1	1	1	1	1	1	1	1
rxn00818	1	1	1	1	1	1	1	1	0
rxn02570	0	1	0	0	0	0	0	1	0
rxn05307	1	1	1	1	1	1	1	1	0
rxn04702	0	0	0	0	0	0	0	0	1
rxn05901	1	1	1	0	1	1	1	1	0
rxn01852	0	0	0	0	0	0	0	0	1
rxn00508	0	1	0	0	0	1	1	1	0
EX_cpd01080	0	0	0	0	0	2	2	2	0
rxn02496	0	0	0	0	0	0	0	1	0
EX_cpd00098	0	0	0	0	0	2	2	2	0
rxn05168	0	0	0	0	0	1	1	1	0
rxn10056	0	1	0	0	0	0	0	1	0
rxn03378	1	1	1	0	1	1	1	1	0
rxn05343	1	1	1	1	1	1	1	1	0
rxn02276	1	0	1	0	0	1	1	1	0
rxn01053	0	0	0	0	0	0	1	1	0
rxn08844	0	1	0	0	1	1	1	1	0
rxn44539	0	1	0	0	0	1	1	1	0
rxn07579	0	1	0	0	0	0	0	1	1
rxn05137	0	0	0	0	0	0	0	0	1
rxn00214	1	1	1	1	1	1	1	1	0
rxn11808	1	1	1	0	1	1	1	1	1
rxn00189	1	1	1	1	1	1	1	1	0
